lat,lon,file,label
38.589962722499024,-121.81402289363844,MCTNet_400km2_California_North-1.tif,36
38.589962722499024,-121.69625375989037,MCTNet_400km2_California_North-1.tif,36
38.58987289097061,-121.73946272505651,MCTNet_400km2_California_North-1.tif,36
38.5897830594422,-121.78267169022267,MCTNet_400km2_California_North-1.tif,36
38.5897830594422,-121.6649025564746,MCTNet_400km2_California_North-1.tif,36
38.58969322791379,-121.70811152164075,MCTNet_400km2_California_North-1.tif,36
38.58960339638538,-121.75132048680689,MCTNet_400km2_California_North-1.tif,36
38.589513564856965,-121.79452945197305,MCTNet_400km2_California_North-1.tif,36
38.589513564856965,-121.67676031822498,MCTNet_400km2_California_North-1.tif,36
38.58942373332855,-121.71996928339112,MCTNet_400km2_California_North-1.tif,36
38.58933390180014,-121.76317824855727,MCTNet_400km2_California_North-1.tif,36
38.58924407027173,-121.80638721372343,MCTNet_400km2_California_North-1.tif,36
38.58924407027173,-121.68861807997536,MCTNet_400km2_California_North-1.tif,36
38.58915423874332,-121.7318270451415,MCTNet_400km2_California_North-1.tif,36
38.589064407214906,-121.77503601030764,MCTNet_400km2_California_North-1.tif,36
38.589064407214906,-121.65726687655958,MCTNet_400km2_California_North-1.tif,36
38.58897457568649,-121.70047584172573,MCTNet_400km2_California_North-1.tif,36
38.58888474415808,-121.74368480689188,MCTNet_400km2_California_North-1.tif,36
38.588794912629666,-121.78689377205802,MCTNet_400km2_California_North-1.tif,36
38.588794912629666,-121.66912463830995,MCTNet_400km2_California_North-1.tif,36
38.58870508110126,-121.71233360347611,MCTNet_400km2_California_North-1.tif,36
38.58861524957285,-121.75554256864226,MCTNet_400km2_California_North-1.tif,36
38.58852541804443,-121.7987515338084,MCTNet_400km2_California_North-1.tif,36
38.58852541804443,-121.68098240006033,MCTNet_400km2_California_North-1.tif,36
38.58843558651602,-121.72419136522649,MCTNet_400km2_California_North-1.tif,36
38.58834575498761,-121.76740033039263,MCTNet_400km2_California_North-1.tif,36
38.5882559234592,-121.81060929555878,MCTNet_400km2_California_North-1.tif,36
38.5882559234592,-121.69284016181072,MCTNet_400km2_California_North-1.tif,36
38.58816609193079,-121.73604912697687,MCTNet_400km2_California_North-1.tif,36
38.588076260402374,-121.77925809214301,MCTNet_400km2_California_North-1.tif,36
38.588076260402374,-121.66148895839494,MCTNet_400km2_California_North-1.tif,36
38.58798642887396,-121.7046979235611,MCTNet_400km2_California_North-1.tif,36
38.58789659734555,-121.74790688872724,MCTNet_400km2_California_North-1.tif,36
38.587806765817135,-121.79111585389339,MCTNet_400km2_California_North-1.tif,36
38.587806765817135,-121.67334672014532,MCTNet_400km2_California_North-1.tif,36
38.58771693428873,-121.71655568531148,MCTNet_400km2_California_North-1.tif,36
38.587627102760315,-121.75976465047762,MCTNet_400km2_California_North-1.tif,36
38.5875372712319,-121.80297361564377,MCTNet_400km2_California_North-1.tif,36
38.5875372712319,-121.6852044818957,MCTNet_400km2_California_North-1.tif,36
38.58744743970349,-121.72841344706185,MCTNet_400km2_California_North-1.tif,36
38.587357608175076,-121.771622412228,MCTNet_400km2_California_North-1.tif,36
38.587357608175076,-121.65385327847993,MCTNet_400km2_California_North-1.tif,36
38.58726777664667,-121.69706224364607,MCTNet_400km2_California_North-1.tif,36
38.587177945118256,-121.74027120881223,MCTNet_400km2_California_North-1.tif,36
38.58708811358984,-121.78348017397838,MCTNet_400km2_California_North-1.tif,36
38.58708811358984,-121.6657110402303,MCTNet_400km2_California_North-1.tif,36
38.58699828206143,-121.70892000539645,MCTNet_400km2_California_North-1.tif,36
38.586908450533016,-121.75212897056261,MCTNet_400km2_California_North-1.tif,36
38.5868186190046,-121.79533793572875,MCTNet_400km2_California_North-1.tif,36
38.5868186190046,-121.67756880198068,MCTNet_400km2_California_North-1.tif,36
38.5867287874762,-121.72077776714683,MCTNet_400km2_California_North-1.tif,36
38.586638955947784,-121.76398673231299,MCTNet_400km2_California_North-1.tif,36
38.58654912441937,-121.80719569747913,MCTNet_400km2_California_North-1.tif,36
38.58654912441937,-121.68942656373106,MCTNet_400km2_California_North-1.tif,36
38.58645929289096,-121.7326355288972,MCTNet_400km2_California_North-1.tif,36
38.586369461362544,-121.77584449406336,MCTNet_400km2_California_North-1.tif,36
38.586369461362544,-121.6580753603153,MCTNet_400km2_California_North-1.tif,36
38.58627962983414,-121.70128432548144,MCTNet_400km2_California_North-1.tif,36
38.586189798305725,-121.74449329064758,MCTNet_400km2_California_North-1.tif,36
38.58609996677731,-121.78770225581374,MCTNet_400km2_California_North-1.tif,36
38.58609996677731,-121.66993312206567,MCTNet_400km2_California_North-1.tif,36
38.5860101352489,-121.71314208723182,MCTNet_400km2_California_North-1.tif,36
38.585920303720485,-121.75635105239796,MCTNet_400km2_California_North-1.tif,36
38.58583047219207,-121.79956001756412,MCTNet_400km2_California_North-1.tif,36
38.58583047219207,-121.68179088381605,MCTNet_400km2_California_North-1.tif,36
38.585740640663666,-121.7249998489822,MCTNet_400km2_California_North-1.tif,36
38.58565080913525,-121.76820881414834,MCTNet_400km2_California_North-1.tif,36
38.58556097760684,-121.8114177793145,MCTNet_400km2_California_North-1.tif,36
38.58556097760684,-121.69364864556643,MCTNet_400km2_California_North-1.tif,36
38.585471146078426,-121.73685761073257,MCTNet_400km2_California_North-1.tif,36
38.58538131455001,-121.78006657589872,MCTNet_400km2_California_North-1.tif,36
38.58538131455001,-121.66229744215065,MCTNet_400km2_California_North-1.tif,36
38.58529148302161,-121.7055064073168,MCTNet_400km2_California_North-1.tif,36
38.58520165149319,-121.74871537248295,MCTNet_400km2_California_North-1.tif,36
38.58511181996478,-121.79192433764909,MCTNet_400km2_California_North-1.tif,36
38.58511181996478,-121.67415520390102,MCTNet_400km2_California_North-1.tif,36
38.58502198843637,-121.71736416906718,MCTNet_400km2_California_North-1.tif,36
38.58493215690795,-121.76057313423333,MCTNet_400km2_California_North-1.tif,36
38.58484232537954,-121.80378209939947,MCTNet_400km2_California_North-1.tif,36
38.58484232537954,-121.6860129656514,MCTNet_400km2_California_North-1.tif,36
38.584752493851134,-121.72922193081756,MCTNet_400km2_California_North-1.tif,36
38.58466266232272,-121.7724308959837,MCTNet_400km2_California_North-1.tif,36
38.58466266232272,-121.65466176223563,MCTNet_400km2_California_North-1.tif,36
38.58457283079431,-121.69787072740178,MCTNet_400km2_California_North-1.tif,36
38.584482999265894,-121.74107969256794,MCTNet_400km2_California_North-1.tif,36
38.58439316773748,-121.78428865773408,MCTNet_400km2_California_North-1.tif,36
38.58439316773748,-121.66651952398601,MCTNet_400km2_California_North-1.tif,36
38.584303336209075,-121.70972848915216,MCTNet_400km2_California_North-1.tif,36
38.58421350468066,-121.75293745431831,MCTNet_400km2_California_North-1.tif,36
38.58412367315225,-121.79614641948446,MCTNet_400km2_California_North-1.tif,36
38.58412367315225,-121.67837728573639,MCTNet_400km2_California_North-1.tif,36
38.584033841623835,-121.72158625090253,MCTNet_400km2_California_North-1.tif,36
38.58394401009542,-121.76479521606869,MCTNet_400km2_California_North-1.tif,36
38.58385417856701,-121.80800418123484,MCTNet_400km2_California_North-1.tif,36
38.58385417856701,-121.69023504748677,MCTNet_400km2_California_North-1.tif,36
38.5837643470386,-121.73344401265291,MCTNet_400km2_California_North-1.tif,36
38.58367451551019,-121.77665297781907,MCTNet_400km2_California_North-1.tif,36
38.58367451551019,-121.658883844071,MCTNet_400km2_California_North-1.tif,36
38.583584683981776,-121.70209280923714,MCTNet_400km2_California_North-1.tif,36
38.58349485245336,-121.74530177440329,MCTNet_400km2_California_North-1.tif,36
38.58340502092495,-121.78851073956945,MCTNet_400km2_California_North-1.tif,36
38.58340502092495,-121.67074160582138,MCTNet_400km2_California_North-1.tif,36
38.583315189396544,-121.71395057098752,MCTNet_400km2_California_North-1.tif,36
38.58322535786813,-121.75715953615368,MCTNet_400km2_California_North-1.tif,36
38.58313552633972,-121.80036850131982,MCTNet_400km2_California_North-1.tif,36
38.58313552633972,-121.68259936757175,MCTNet_400km2_California_North-1.tif,36
38.583045694811304,-121.7258083327379,MCTNet_400km2_California_North-1.tif,36
38.58295586328289,-121.76901729790406,MCTNet_400km2_California_North-1.tif,36
38.58286603175448,-121.8122262630702,MCTNet_400km2_California_North-1.tif,36
38.58286603175448,-121.69445712932213,MCTNet_400km2_California_North-1.tif,36
38.58277620022607,-121.73766609448828,MCTNet_400km2_California_North-1.tif,36
38.58268636869766,-121.78087505965443,MCTNet_400km2_California_North-1.tif,36
38.58268636869766,-121.66310592590636,MCTNet_400km2_California_North-1.tif,36
38.582596537169245,-121.70631489107251,MCTNet_400km2_California_North-1.tif,36
38.58250670564083,-121.74952385623865,MCTNet_400km2_California_North-1.tif,36
38.58241687411242,-121.79273282140481,MCTNet_400km2_California_North-1.tif,36
38.58241687411242,-121.67496368765674,MCTNet_400km2_California_North-1.tif,36
38.58232704258401,-121.71817265282289,MCTNet_400km2_California_North-1.tif,36
38.5822372110556,-121.76138161798903,MCTNet_400km2_California_North-1.tif,36
38.582147379527186,-121.80459058315519,MCTNet_400km2_California_North-1.tif,36
38.582147379527186,-121.68682144940712,MCTNet_400km2_California_North-1.tif,36
38.58205754799877,-121.73003041457326,MCTNet_400km2_California_North-1.tif,36
38.58196771647036,-121.77323937973941,MCTNet_400km2_California_North-1.tif,36
38.58196771647036,-121.65547024599134,MCTNet_400km2_California_North-1.tif,36
38.581877884941946,-121.6986792111575,MCTNet_400km2_California_North-1.tif,36
38.58178805341354,-121.74188817632364,MCTNet_400km2_California_North-1.tif,36
38.58169822188513,-121.78509714148979,MCTNet_400km2_California_North-1.tif,36
38.58169822188513,-121.66732800774172,MCTNet_400km2_California_North-1.tif,36
38.58160839035671,-121.71053697290787,MCTNet_400km2_California_North-1.tif,36
38.5815185588283,-121.75374593807402,MCTNet_400km2_California_North-1.tif,36
38.58142872729989,-121.79695490324016,MCTNet_400km2_California_North-1.tif,36
38.58142872729989,-121.6791857694921,MCTNet_400km2_California_North-1.tif,36
38.58133889577148,-121.72239473465825,MCTNet_400km2_California_North-1.tif,36
38.58124906424307,-121.7656036998244,MCTNet_400km2_California_North-1.tif,36
38.581159232714654,-121.80881266499054,MCTNet_400km2_California_North-1.tif,36
38.581159232714654,-121.69104353124247,MCTNet_400km2_California_North-1.tif,36
38.58106940118624,-121.73425249640863,MCTNet_400km2_California_North-1.tif,36
38.58097956965783,-121.77746146157477,MCTNet_400km2_California_North-1.tif,36
38.58097956965783,-121.6596923278267,MCTNet_400km2_California_North-1.tif,36
38.580889738129414,-121.70290129299285,MCTNet_400km2_California_North-1.tif,36
38.58079990660101,-121.746110258159,MCTNet_400km2_California_North-1.tif,36
38.580710075072595,-121.78931922332515,MCTNet_400km2_California_North-1.tif,36
38.580710075072595,-121.67155008957708,MCTNet_400km2_California_North-1.tif,36
38.58062024354418,-121.71475905474323,MCTNet_400km2_California_North-1.tif,36
38.58053041201577,-121.75796801990938,MCTNet_400km2_California_North-1.tif,36
38.580440580487355,-121.80117698507553,MCTNet_400km2_California_North-1.tif,36
38.580440580487355,-121.68340785132746,MCTNet_400km2_California_North-1.tif,36
38.58035074895895,-121.7266168164936,MCTNet_400km2_California_North-1.tif,36
38.580260917430536,-121.76982578165976,MCTNet_400km2_California_North-1.tif,36
38.58017108590212,-121.8130347468259,MCTNet_400km2_California_North-1.tif,36
38.58017108590212,-121.69526561307784,MCTNet_400km2_California_North-1.tif,36
38.58008125437371,-121.73847457824398,MCTNet_400km2_California_North-1.tif,36
38.579991422845296,-121.78168354341014,MCTNet_400km2_California_North-1.tif,36
38.579991422845296,-121.66391440966207,MCTNet_400km2_California_North-1.tif,36
38.57990159131688,-121.70712337482821,MCTNet_400km2_California_North-1.tif,36
38.57981175978848,-121.75033233999436,MCTNet_400km2_California_North-1.tif,36
38.579721928260064,-121.79354130516052,MCTNet_400km2_California_North-1.tif,36
38.579721928260064,-121.67577217141245,MCTNet_400km2_California_North-1.tif,36
38.57963209673165,-121.71898113657859,MCTNet_400km2_California_North-1.tif,36
38.57954226520324,-121.76219010174474,MCTNet_400km2_California_North-1.tif,36
38.579452433674824,-121.8053990669109,MCTNet_400km2_California_North-1.tif,36
38.579452433674824,-121.68762993316282,MCTNet_400km2_California_North-1.tif,36
38.57936260214642,-121.73083889832897,MCTNet_400km2_California_North-1.tif,36
38.579272770618005,-121.77404786349511,MCTNet_400km2_California_North-1.tif,36
38.579272770618005,-121.65627872974704,MCTNet_400km2_California_North-1.tif,36
38.57918293908959,-121.6994876949132,MCTNet_400km2_California_North-1.tif,36
38.57909310756118,-121.74269666007935,MCTNet_400km2_California_North-1.tif,36
38.579003276032765,-121.78590562524549,MCTNet_400km2_California_North-1.tif,36
38.579003276032765,-121.66813649149742,MCTNet_400km2_California_North-1.tif,36
38.57891344450435,-121.71134545666358,MCTNet_400km2_California_North-1.tif,36
38.578823612975945,-121.75455442182972,MCTNet_400km2_California_North-1.tif,36
38.57873378144753,-121.79776338699587,MCTNet_400km2_California_North-1.tif,36
38.57873378144753,-121.6799942532478,MCTNet_400km2_California_North-1.tif,36
38.57864394991912,-121.72320321841396,MCTNet_400km2_California_North-1.tif,36
38.578554118390706,-121.7664121835801,MCTNet_400km2_California_North-1.tif,36
38.57846428686229,-121.80962114874625,MCTNet_400km2_California_North-1.tif,36
38.57846428686229,-121.69185201499819,MCTNet_400km2_California_North-1.tif,36
38.578374455333886,-121.73506098016433,MCTNet_400km2_California_North-1.tif,36
38.57828462380547,-121.77826994533048,MCTNet_400km2_California_North-1.tif,36
38.57828462380547,-121.66050081158241,MCTNet_400km2_California_North-1.tif,36
38.57819479227706,-121.70370977674857,MCTNet_400km2_California_North-1.tif,36
38.57810496074865,-121.74691874191471,MCTNet_400km2_California_North-1.tif,36
38.57801512922023,-121.79012770708086,MCTNet_400km2_California_North-1.tif,36
38.57801512922023,-121.67235857333279,MCTNet_400km2_California_North-1.tif,36
38.57792529769182,-121.71556753849895,MCTNet_400km2_California_North-1.tif,36
38.577835466163414,-121.75877650366509,MCTNet_400km2_California_North-1.tif,36
38.577745634635,-121.80198546883123,MCTNet_400km2_California_North-1.tif,36
38.577745634635,-121.68421633508316,MCTNet_400km2_California_North-1.tif,36
38.57765580310659,-121.72742530024932,MCTNet_400km2_California_North-1.tif,36
38.577565971578174,-121.77063426541547,MCTNet_400km2_California_North-1.tif,36
38.57747614004976,-121.81384323058161,MCTNet_400km2_California_North-1.tif,36
38.57747614004976,-121.69607409683354,MCTNet_400km2_California_North-1.tif,36
38.577386308521355,-121.7392830619997,MCTNet_400km2_California_North-1.tif,36
38.57729647699294,-121.78249202716584,MCTNet_400km2_California_North-1.tif,36
38.57729647699294,-121.66472289341777,MCTNet_400km2_California_North-1.tif,36
38.57720664546453,-121.70793185858392,MCTNet_400km2_California_North-1.tif,36
38.577116813936115,-121.75114082375008,MCTNet_400km2_California_North-1.tif,36
38.5770269824077,-121.79434978891622,MCTNet_400km2_California_North-1.tif,36
38.5770269824077,-121.67658065516815,MCTNet_400km2_California_North-1.tif,36
38.57693715087929,-121.7197896203343,MCTNet_400km2_California_North-1.tif,36
38.57684731935088,-121.76299858550045,MCTNet_400km2_California_North-1.tif,36
38.57675748782247,-121.8062075506666,MCTNet_400km2_California_North-1.tif,36
38.57675748782247,-121.68843841691853,MCTNet_400km2_California_North-1.tif,36
38.576667656294056,-121.73164738208467,MCTNet_400km2_California_North-1.tif,36
38.57657782476564,-121.77485634725083,MCTNet_400km2_California_North-1.tif,36
38.57657782476564,-121.65708721350276,MCTNet_400km2_California_North-1.tif,36
38.57648799323723,-121.7002961786689,MCTNet_400km2_California_North-1.tif,36
38.57639816170882,-121.74350514383505,MCTNet_400km2_California_North-1.tif,36
38.57630833018041,-121.78671410900121,MCTNet_400km2_California_North-1.tif,36
38.57630833018041,-121.66894497525314,MCTNet_400km2_California_North-1.tif,36
38.576218498652,-121.71215394041928,MCTNet_400km2_California_North-1.tif,36
38.576128667123584,-121.75536290558543,MCTNet_400km2_California_North-1.tif,36
38.57603883559517,-121.79857187075159,MCTNet_400km2_California_North-1.tif,36
38.57603883559517,-121.68080273700352,MCTNet_400km2_California_North-1.tif,36
38.57594900406676,-121.72401170216966,MCTNet_400km2_California_North-1.tif,36
38.57585917253835,-121.7672206673358,MCTNet_400km2_California_North-1.tif,36
38.57576934100994,-121.81042963250196,MCTNet_400km2_California_North-1.tif,36
38.57576934100994,-121.6926604987539,MCTNet_400km2_California_North-1.tif,36
38.575679509481525,-121.73586946392004,MCTNet_400km2_California_North-1.tif,36
38.57558967795311,-121.77907842908618,MCTNet_400km2_California_North-1.tif,36
38.57558967795311,-121.66130929533811,MCTNet_400km2_California_North-1.tif,36
38.5754998464247,-121.70451826050427,MCTNet_400km2_California_North-1.tif,36
38.57541001489629,-121.74772722567042,MCTNet_400km2_California_North-1.tif,36
38.57532018336788,-121.79093619083656,MCTNet_400km2_California_North-1.tif,36
38.57532018336788,-121.67316705708849,MCTNet_400km2_California_North-1.tif,36
38.575230351839465,-121.71637602225465,MCTNet_400km2_California_North-1.tif,36
38.57514052031105,-121.7595849874208,MCTNet_400km2_California_North-1.tif,36
38.57505068878264,-121.80279395258694,MCTNet_400km2_California_North-1.tif,36
38.57505068878264,-121.68502481883887,MCTNet_400km2_California_North-1.tif,36
38.574960857254226,-121.72823378400503,MCTNet_400km2_California_North-1.tif,36
38.57487102572582,-121.77144274917117,MCTNet_400km2_California_North-1.tif,36
38.57487102572582,-121.6536736154231,MCTNet_400km2_California_North-1.tif,36
38.574781194197406,-121.69688258058925,MCTNet_400km2_California_North-1.tif,36
38.57469136266899,-121.7400915457554,MCTNet_400km2_California_North-1.tif,36
38.57460153114058,-121.78330051092155,MCTNet_400km2_California_North-1.tif,36
38.57460153114058,-121.66553137717348,MCTNet_400km2_California_North-1.tif,36
38.57451169961217,-121.70874034233962,MCTNet_400km2_California_North-1.tif,36
38.57442186808376,-121.75194930750578,MCTNet_400km2_California_North-1.tif,36
38.57433203655535,-121.79515827267193,MCTNet_400km2_California_North-1.tif,36
38.57433203655535,-121.67738913892386,MCTNet_400km2_California_North-1.tif,36
38.574242205026934,-121.72059810409,MCTNet_400km2_California_North-1.tif,36
38.57415237349852,-121.76380706925616,MCTNet_400km2_California_North-1.tif,36
38.57406254197011,-121.8070160344223,MCTNet_400km2_California_North-1.tif,36
38.57406254197011,-121.68924690067423,MCTNet_400km2_California_North-1.tif,36
38.573972710441694,-121.73245586584038,MCTNet_400km2_California_North-1.tif,36
38.57388287891329,-121.77566483100654,MCTNet_400km2_California_North-1.tif,36
38.57388287891329,-121.65789569725847,MCTNet_400km2_California_North-1.tif,36
38.573793047384875,-121.70110466242461,MCTNet_400km2_California_North-1.tif,36
38.57370321585646,-121.74431362759076,MCTNet_400km2_California_North-1.tif,36
38.57361338432805,-121.78752259275691,MCTNet_400km2_California_North-1.tif,36
38.57361338432805,-121.66975345900885,MCTNet_400km2_California_North-1.tif,36
38.573523552799635,-121.71296242417499,MCTNet_400km2_California_North-1.tif,36
38.57343372127122,-121.75617138934115,MCTNet_400km2_California_North-1.tif,36
38.573343889742816,-121.79938035450729,MCTNet_400km2_California_North-1.tif,36
38.573343889742816,-121.68161122075922,MCTNet_400km2_California_North-1.tif,36
38.5732540582144,-121.72482018592537,MCTNet_400km2_California_North-1.tif,36
38.57316422668599,-121.76802915109153,MCTNet_400km2_California_North-1.tif,36
38.573074395157576,-121.81123811625767,MCTNet_400km2_California_North-1.tif,36
38.573074395157576,-121.6934689825096,MCTNet_400km2_California_North-1.tif,36
38.57298456362916,-121.73667794767574,MCTNet_400km2_California_North-1.tif,36
38.57289473210076,-121.7798869128419,MCTNet_400km2_California_North-1.tif,36
38.57289473210076,-121.66211777909383,MCTNet_400km2_California_North-1.tif,36
38.57280490057234,-121.70532674425998,MCTNet_400km2_California_North-1.tif,36
38.57271506904393,-121.74853570942612,MCTNet_400km2_California_North-1.tif,36
38.57262523751552,-121.79174467459228,MCTNet_400km2_California_North-1.tif,36
38.57262523751552,-121.67397554084421,MCTNet_400km2_California_North-1.tif,36
38.572535405987104,-121.71718450601035,MCTNet_400km2_California_North-1.tif,36
38.57244557445869,-121.7603934711765,MCTNet_400km2_California_North-1.tif,36
38.572355742930284,-121.80360243634266,MCTNet_400km2_California_North-1.tif,36
38.572355742930284,-121.68583330259459,MCTNet_400km2_California_North-1.tif,36
38.57226591140187,-121.72904226776073,MCTNet_400km2_California_North-1.tif,36
38.57217607987346,-121.77225123292688,MCTNet_400km2_California_North-1.tif,36
38.57217607987346,-121.65448209917881,MCTNet_400km2_California_North-1.tif,36
38.572086248345045,-121.69769106434497,MCTNet_400km2_California_North-1.tif,36
38.57199641681663,-121.74090002951111,MCTNet_400km2_California_North-1.tif,36
38.571906585288225,-121.78410899467725,MCTNet_400km2_California_North-1.tif,36
38.571906585288225,-121.66633986092918,MCTNet_400km2_California_North-1.tif,36
38.57181675375981,-121.70954882609534,MCTNet_400km2_California_North-1.tif,36
38.5717269222314,-121.75275779126149,MCTNet_400km2_California_North-1.tif,36
38.571637090702986,-121.79596675642763,MCTNet_400km2_California_North-1.tif,36
38.571637090702986,-121.67819762267956,MCTNet_400km2_California_North-1.tif,36
38.57154725917457,-121.72140658784572,MCTNet_400km2_California_North-1.tif,36
38.57145742764616,-121.76461555301186,MCTNet_400km2_California_North-1.tif,36
38.57136759611775,-121.80782451817801,MCTNet_400km2_California_North-1.tif,36
38.57136759611775,-121.69005538442994,MCTNet_400km2_California_North-1.tif,36
38.57127776458934,-121.7332643495961,MCTNet_400km2_California_North-1.tif,36
38.571187933060926,-121.77647331476224,MCTNet_400km2_California_North-1.tif,36
38.571187933060926,-121.65870418101417,MCTNet_400km2_California_North-1.tif,36
38.57109810153251,-121.70191314618032,MCTNet_400km2_California_North-1.tif,36
38.5710082700041,-121.74512211134648,MCTNet_400km2_California_North-1.tif,36
38.570918438475694,-121.78833107651262,MCTNet_400km2_California_North-1.tif,36
38.570918438475694,-121.67056194276455,MCTNet_400km2_California_North-1.tif,36
38.57082860694728,-121.7137709079307,MCTNet_400km2_California_North-1.tif,36
38.57073877541887,-121.75697987309685,MCTNet_400km2_California_North-1.tif,36
38.570648943890454,-121.800188838263,MCTNet_400km2_California_North-1.tif,36
38.570648943890454,-121.68241970451493,MCTNet_400km2_California_North-1.tif,36
38.57055911236204,-121.72562866968107,MCTNet_400km2_California_North-1.tif,36
38.57046928083363,-121.76883763484723,MCTNet_400km2_California_North-1.tif,36
38.57037944930522,-121.81204660001337,MCTNet_400km2_California_North-1.tif,36
38.57037944930522,-121.6942774662653,MCTNet_400km2_California_North-1.tif,36
38.57028961777681,-121.73748643143145,MCTNet_400km2_California_North-1.tif,36
38.570199786248395,-121.78069539659761,MCTNet_400km2_California_North-1.tif,36
38.570199786248395,-121.66292626284954,MCTNet_400km2_California_North-1.tif,36
38.57010995471998,-121.70613522801568,MCTNet_400km2_California_North-1.tif,36
38.57002012319157,-121.74934419318183,MCTNet_400km2_California_North-1.tif,36
38.56993029166316,-121.79255315834799,MCTNet_400km2_California_North-1.tif,36
38.56993029166316,-121.67478402459992,MCTNet_400km2_California_North-1.tif,36
38.56984046013475,-121.71799298976606,MCTNet_400km2_California_North-1.tif,36
38.569750628606336,-121.7612019549322,MCTNet_400km2_California_North-1.tif,36
38.56966079707792,-121.80441092009836,MCTNet_400km2_California_North-1.tif,36
38.56966079707792,-121.6866417863503,MCTNet_400km2_California_North-1.tif,36
38.56957096554951,-121.72985075151644,MCTNet_400km2_California_North-1.tif,36
38.569481134021096,-121.77305971668258,MCTNet_400km2_California_North-1.tif,36
38.569481134021096,-121.65529058293451,MCTNet_400km2_California_North-1.tif,36
38.56939130249269,-121.69849954810067,MCTNet_400km2_California_North-1.tif,36
38.56930147096428,-121.74170851326681,MCTNet_400km2_California_North-1.tif,36
38.56921163943586,-121.78491747843296,MCTNet_400km2_California_North-1.tif,36
38.56921163943586,-121.66714834468489,MCTNet_400km2_California_North-1.tif,36
38.56912180790745,-121.71035730985105,MCTNet_400km2_California_North-1.tif,36
38.56903197637904,-121.75356627501719,MCTNet_400km2_California_North-1.tif,36
38.56894214485063,-121.79677524018334,MCTNet_400km2_California_North-1.tif,36
38.56894214485063,-121.67900610643527,MCTNet_400km2_California_North-1.tif,36
38.56885231332222,-121.72221507160143,MCTNet_400km2_California_North-1.tif,36
38.568762481793804,-121.76542403676757,MCTNet_400km2_California_North-1.tif,36
38.56867265026539,-121.80863300193371,MCTNet_400km2_California_North-1.tif,36
38.56867265026539,-121.69086386818566,MCTNet_400km2_California_North-1.tif,36
38.56858281873698,-121.7340728333518,MCTNet_400km2_California_North-1.tif,36
38.568492987208565,-121.77728179851795,MCTNet_400km2_California_North-1.tif,36
38.568492987208565,-121.65951266476988,MCTNet_400km2_California_North-1.tif,36
38.56840315568016,-121.70272162993604,MCTNet_400km2_California_North-1.tif,36
38.568313324151745,-121.74593059510218,MCTNet_400km2_California_North-1.tif,36
38.56822349262333,-121.78913956026832,MCTNet_400km2_California_North-1.tif,36
38.56822349262333,-121.67137042652026,MCTNet_400km2_California_North-1.tif,36
38.56813366109492,-121.71457939168641,MCTNet_400km2_California_North-1.tif,36
38.568043829566506,-121.75778835685256,MCTNet_400km2_California_North-1.tif,36
38.5679539980381,-121.8009973220187,MCTNet_400km2_California_North-1.tif,36
38.5679539980381,-121.68322818827063,MCTNet_400km2_California_North-1.tif,36
38.567864166509686,-121.72643715343679,MCTNet_400km2_California_North-1.tif,36
38.56777433498127,-121.76964611860294,MCTNet_400km2_California_North-1.tif,36
38.56768450345286,-121.81285508376908,MCTNet_400km2_California_North-1.tif,36
38.56768450345286,-121.69508595002101,MCTNet_400km2_California_North-1.tif,36
38.56759467192445,-121.73829491518717,MCTNet_400km2_California_North-1.tif,36
38.56750484039603,-121.78150388035331,MCTNet_400km2_California_North-1.tif,36
38.56750484039603,-121.66373474660524,MCTNet_400km2_California_North-1.tif,36
38.56741500886763,-121.70694371177139,MCTNet_400km2_California_North-1.tif,36
38.567325177339214,-121.75015267693755,MCTNet_400km2_California_North-1.tif,36
38.5672353458108,-121.79336164210369,MCTNet_400km2_California_North-1.tif,36
38.5672353458108,-121.67559250835562,MCTNet_400km2_California_North-1.tif,36
38.56714551428239,-121.71880147352176,MCTNet_400km2_California_North-1.tif,36
38.567055682753974,-121.76201043868792,MCTNet_400km2_California_North-1.tif,36
38.56696585122557,-121.80521940385407,MCTNet_400km2_California_North-1.tif,36
38.56696585122557,-121.687450270106,MCTNet_400km2_California_North-1.tif,36
38.566876019697155,-121.73065923527214,MCTNet_400km2_California_North-1.tif,36
38.56678618816874,-121.7738682004383,MCTNet_400km2_California_North-1.tif,36
38.56678618816874,-121.65609906669023,MCTNet_400km2_California_North-1.tif,36
38.56669635664033,-121.69930803185638,MCTNet_400km2_California_North-1.tif,36
38.566606525111915,-121.74251699702252,MCTNet_400km2_California_North-1.tif,36
38.5665166935835,-121.78572596218868,MCTNet_400km2_California_North-1.tif,36
38.5665166935835,-121.66795682844061,MCTNet_400km2_California_North-1.tif,36
38.566426862055096,-121.71116579360675,MCTNet_400km2_California_North-1.tif,36
38.56633703052668,-121.7543747587729,MCTNet_400km2_California_North-1.tif,36
38.56624719899827,-121.79758372393906,MCTNet_400km2_California_North-1.tif,36
38.56624719899827,-121.67981459019099,MCTNet_400km2_California_North-1.tif,36
38.566157367469856,-121.72302355535713,MCTNet_400km2_California_North-1.tif,36
38.56606753594144,-121.76623252052327,MCTNet_400km2_California_North-1.tif,36
38.56597770441304,-121.80944148568943,MCTNet_400km2_California_North-1.tif,36
38.56597770441304,-121.69167235194136,MCTNet_400km2_California_North-1.tif,36
38.56588787288462,-121.73488131710751,MCTNet_400km2_California_North-1.tif,36
38.56579804135621,-121.77809028227365,MCTNet_400km2_California_North-1.tif,36
38.56579804135621,-121.66032114852558,MCTNet_400km2_California_North-1.tif,36
38.5657082098278,-121.70353011369174,MCTNet_400km2_California_North-1.tif,36
38.56561837829938,-121.74673907885789,MCTNet_400km2_California_North-1.tif,36
38.56552854677097,-121.78994804402403,MCTNet_400km2_California_North-1.tif,36
38.56552854677097,-121.67217891027596,MCTNet_400km2_California_North-1.tif,36
38.565438715242564,-121.71538787544212,MCTNet_400km2_California_North-1.tif,36
38.56534888371415,-121.75859684060826,MCTNet_400km2_California_North-1.tif,36
38.56525905218574,-121.8018058057744,MCTNet_400km2_California_North-1.tif,36
38.56525905218574,-121.68403667202634,MCTNet_400km2_California_North-1.tif,36
38.565169220657324,-121.7272456371925,MCTNet_400km2_California_North-1.tif,36
38.56507938912891,-121.77045460235864,MCTNet_400km2_California_North-1.tif,36
38.564989557600505,-121.81366356752478,MCTNet_400km2_California_North-1.tif,36
38.564989557600505,-121.69589443377672,MCTNet_400km2_California_North-1.tif,36
38.56489972607209,-121.73910339894287,MCTNet_400km2_California_North-1.tif,36
38.56480989454368,-121.78231236410902,MCTNet_400km2_California_North-1.tif,36
38.56480989454368,-121.66454323036095,MCTNet_400km2_California_North-1.tif,36
38.564720063015265,-121.70775219552709,MCTNet_400km2_California_North-1.tif,36
38.56463023148685,-121.75096116069325,MCTNet_400km2_California_North-1.tif,36
38.56454039995844,-121.7941701258594,MCTNet_400km2_California_North-1.tif,36
38.56454039995844,-121.67640099211133,MCTNet_400km2_California_North-1.tif,36
38.56445056843003,-121.71960995727747,MCTNet_400km2_California_North-1.tif,36
38.56436073690162,-121.76281892244363,MCTNet_400km2_California_North-1.tif,36
38.564270905373206,-121.80602788760977,MCTNet_400km2_California_North-1.tif,36
38.564270905373206,-121.6882587538617,MCTNet_400km2_California_North-1.tif,36
38.56418107384479,-121.73146771902785,MCTNet_400km2_California_North-1.tif,36
38.56409124231638,-121.774676684194,MCTNet_400km2_California_North-1.tif,36
38.56409124231638,-121.65690755044594,MCTNet_400km2_California_North-1.tif,36
38.564001410787974,-121.70011651561208,MCTNet_400km2_California_North-1.tif,36
38.56391157925956,-121.74332548077822,MCTNet_400km2_California_North-1.tif,36
38.56382174773115,-121.78653444594438,MCTNet_400km2_California_North-1.tif,36
38.56382174773115,-121.66876531219631,MCTNet_400km2_California_North-1.tif,36
38.563731916202734,-121.71197427736246,MCTNet_400km2_California_North-1.tif,36
38.56364208467432,-121.75518324252862,MCTNet_400km2_California_North-1.tif,36
38.56355225314591,-121.79839220769476,MCTNet_400km2_California_North-1.tif,36
38.56355225314591,-121.68062307394669,MCTNet_400km2_California_North-1.tif,36
38.5634624216175,-121.72383203911284,MCTNet_400km2_California_North-1.tif,36
38.56337259008909,-121.767041004279,MCTNet_400km2_California_North-1.tif,36
38.563282758560675,-121.81024996944514,MCTNet_400km2_California_North-1.tif,36
38.563282758560675,-121.69248083569707,MCTNet_400km2_California_North-1.tif,36
38.56319292703226,-121.73568980086321,MCTNet_400km2_California_North-1.tif,36
38.56310309550385,-121.77889876602937,MCTNet_400km2_California_North-1.tif,36
38.56310309550385,-121.6611296322813,MCTNet_400km2_California_North-1.tif,36
38.56301326397544,-121.70433859744745,MCTNet_400km2_California_North-1.tif,36
38.56292343244703,-121.74754756261359,MCTNet_400km2_California_North-1.tif,36
38.562833600918616,-121.79075652777975,MCTNet_400km2_California_North-1.tif,36
38.562833600918616,-121.67298739403168,MCTNet_400km2_California_North-1.tif,36
38.5627437693902,-121.71619635919782,MCTNet_400km2_California_North-1.tif,36
38.56265393786179,-121.75940532436397,MCTNet_400km2_California_North-1.tif,36
38.562564106333376,-121.80261428953013,MCTNet_400km2_California_North-1.tif,36
38.562564106333376,-121.68484515578206,MCTNet_400km2_California_North-1.tif,36
38.56247427480497,-121.7280541209482,MCTNet_400km2_California_North-1.tif,36
38.56238444327656,-121.77126308611435,MCTNet_400km2_California_North-1.tif,36
38.56238444327656,-121.65349395236628,MCTNet_400km2_California_North-1.tif,36
38.56229461174814,-121.69670291753243,MCTNet_400km2_California_North-1.tif,36
38.56220478021973,-121.73991188269858,MCTNet_400km2_California_North-1.tif,36
38.56211494869132,-121.78312084786472,MCTNet_400km2_California_North-1.tif,36
38.56211494869132,-121.66535171411665,MCTNet_400km2_California_North-1.tif,36
38.56202511716291,-121.70856067928281,MCTNet_400km2_California_North-1.tif,36
38.5619352856345,-121.75176964444896,MCTNet_400km2_California_North-1.tif,36
38.561845454106084,-121.7949786096151,MCTNet_400km2_California_North-1.tif,36
38.561845454106084,-121.67720947586703,MCTNet_400km2_California_North-1.tif,36
38.56175562257767,-121.72041844103319,MCTNet_400km2_California_North-1.tif,36
38.56166579104926,-121.76362740619933,MCTNet_400km2_California_North-1.tif,36
38.561575959520844,-121.80683637136548,MCTNet_400km2_California_North-1.tif,36
38.561575959520844,-121.68906723761741,MCTNet_400km2_California_North-1.tif,36
38.56148612799244,-121.73227620278357,MCTNet_400km2_California_North-1.tif,36
38.561396296464025,-121.77548516794971,MCTNet_400km2_California_North-1.tif,36
38.561396296464025,-121.65771603420164,MCTNet_400km2_California_North-1.tif,36
38.56130646493561,-121.70092499936779,MCTNet_400km2_California_North-1.tif,36
38.5612166334072,-121.74413396453394,MCTNet_400km2_California_North-1.tif,36
38.561126801878785,-121.78734292970009,MCTNet_400km2_California_North-1.tif,36
38.561126801878785,-121.66957379595202,MCTNet_400km2_California_North-1.tif,36
38.56103697035038,-121.71278276111816,MCTNet_400km2_California_North-1.tif,36
38.560947138821966,-121.75599172628432,MCTNet_400km2_California_North-1.tif,36
38.56085730729355,-121.79920069145047,MCTNet_400km2_California_North-1.tif,36
38.56085730729355,-121.6814315577024,MCTNet_400km2_California_North-1.tif,36
38.56076747576514,-121.72464052286854,MCTNet_400km2_California_North-1.tif,36
38.560677644236726,-121.7678494880347,MCTNet_400km2_California_North-1.tif,36
38.56058781270831,-121.81105845320084,MCTNet_400km2_California_North-1.tif,36
38.56058781270831,-121.69328931945277,MCTNet_400km2_California_North-1.tif,36
38.56049798117991,-121.73649828461892,MCTNet_400km2_California_North-1.tif,36
38.560408149651494,-121.77970724978508,MCTNet_400km2_California_North-1.tif,36
38.560408149651494,-121.661938116037,MCTNet_400km2_California_North-1.tif,36
38.56031831812308,-121.70514708120315,MCTNet_400km2_California_North-1.tif,36
38.56022848659467,-121.7483560463693,MCTNet_400km2_California_North-1.tif,36
38.560138655066254,-121.79156501153545,MCTNet_400km2_California_North-1.tif,36
38.560138655066254,-121.67379587778738,MCTNet_400km2_California_North-1.tif,36
38.56004882353785,-121.71700484295353,MCTNet_400km2_California_North-1.tif,36
38.559958992009435,-121.76021380811967,MCTNet_400km2_California_North-1.tif,36
38.55986916048102,-121.80342277328583,MCTNet_400km2_California_North-1.tif,36
38.55986916048102,-121.68565363953776,MCTNet_400km2_California_North-1.tif,36
38.55977932895261,-121.7288626047039,MCTNet_400km2_California_North-1.tif,36
38.559689497424195,-121.77207156987005,MCTNet_400km2_California_North-1.tif,36
38.559689497424195,-121.65430243612198,MCTNet_400km2_California_North-1.tif,36
38.55959966589578,-121.69751140128814,MCTNet_400km2_California_North-1.tif,36
38.559509834367375,-121.74072036645428,MCTNet_400km2_California_North-1.tif,36
38.55942000283896,-121.78392933162043,MCTNet_400km2_California_North-1.tif,36
38.55942000283896,-121.66616019787236,MCTNet_400km2_California_North-1.tif,36
38.55933017131055,-121.70936916303852,MCTNet_400km2_California_North-1.tif,36
38.559240339782136,-121.75257812820466,MCTNet_400km2_California_North-1.tif,36
38.55915050825372,-121.7957870933708,MCTNet_400km2_California_North-1.tif,36
38.55915050825372,-121.67801795962274,MCTNet_400km2_California_North-1.tif,36
38.559060676725316,-121.7212269247889,MCTNet_400km2_California_North-1.tif,36
38.5589708451969,-121.76443588995504,MCTNet_400km2_California_North-1.tif,36
38.55888101366849,-121.80764485512118,MCTNet_400km2_California_North-1.tif,36
38.55888101366849,-121.68987572137313,MCTNet_400km2_California_North-1.tif,36
38.55879118214008,-121.73308468653927,MCTNet_400km2_California_North-1.tif,36
38.55870135061166,-121.77629365170542,MCTNet_400km2_California_North-1.tif,36
38.55870135061166,-121.65852451795735,MCTNet_400km2_California_North-1.tif,36
38.55861151908325,-121.7017334831235,MCTNet_400km2_California_North-1.tif,36
38.558521687554844,-121.74494244828965,MCTNet_400km2_California_North-1.tif,36
38.55843185602643,-121.7881514134558,MCTNet_400km2_California_North-1.tif,36
38.55843185602643,-121.67038227970772,MCTNet_400km2_California_North-1.tif,36
38.55834202449802,-121.71359124487388,MCTNet_400km2_California_North-1.tif,36
38.558252192969604,-121.75680021004003,MCTNet_400km2_California_North-1.tif,36
38.55816236144119,-121.80000917520617,MCTNet_400km2_California_North-1.tif,36
38.55816236144119,-121.6822400414581,MCTNet_400km2_California_North-1.tif,36
38.558072529912785,-121.72544900662426,MCTNet_400km2_California_North-1.tif,36
38.55798269838437,-121.7686579717904,MCTNet_400km2_California_North-1.tif,36
38.55789286685596,-121.81186693695655,MCTNet_400km2_California_North-1.tif,36
38.55789286685596,-121.69409780320848,MCTNet_400km2_California_North-1.tif,36
38.557803035327545,-121.73730676837464,MCTNet_400km2_California_North-1.tif,36
38.55771320379913,-121.78051573354078,MCTNet_400km2_California_North-1.tif,36
38.55771320379913,-121.66274659979271,MCTNet_400km2_California_North-1.tif,36
38.55762337227072,-121.70595556495886,MCTNet_400km2_California_North-1.tif,36
38.55753354074231,-121.74916453012501,MCTNet_400km2_California_North-1.tif,36
38.5574437092139,-121.79237349529116,MCTNet_400km2_California_North-1.tif,36
38.5574437092139,-121.67460436154309,MCTNet_400km2_California_North-1.tif,36
38.557353877685486,-121.71781332670923,MCTNet_400km2_California_North-1.tif,36
38.55726404615707,-121.76102229187539,MCTNet_400km2_California_North-1.tif,36
38.55717421462866,-121.80423125704154,MCTNet_400km2_California_North-1.tif,36
38.55717421462866,-121.68646212329347,MCTNet_400km2_California_North-1.tif,36
38.55708438310025,-121.72967108845961,MCTNet_400km2_California_North-1.tif,36
38.55699455157184,-121.77288005362577,MCTNet_400km2_California_North-1.tif,36
38.55699455157184,-121.6551109198777,MCTNet_400km2_California_North-1.tif,36
38.55690472004343,-121.69831988504384,MCTNet_400km2_California_North-1.tif,36
38.556814888515014,-121.74152885020999,MCTNet_400km2_California_North-1.tif,36
38.5567250569866,-121.78473781537615,MCTNet_400km2_California_North-1.tif,36
38.5567250569866,-121.66696868162808,MCTNet_400km2_California_North-1.tif,36
38.55663522545819,-121.71017764679422,MCTNet_400km2_California_North-1.tif,36
38.55654539392978,-121.75338661196037,MCTNet_400km2_California_North-1.tif,36
38.55645556240137,-121.79659557712652,MCTNet_400km2_California_North-1.tif,36
38.55645556240137,-121.67882644337845,MCTNet_400km2_California_North-1.tif,36
38.556365730872955,-121.7220354085446,MCTNet_400km2_California_North-1.tif,36
38.55627589934454,-121.76524437371074,MCTNet_400km2_California_North-1.tif,36
38.55618606781613,-121.8084533388769,MCTNet_400km2_California_North-1.tif,36
38.55618606781613,-121.69068420512883,MCTNet_400km2_California_North-1.tif,36
38.55609623628772,-121.73389317029498,MCTNet_400km2_California_North-1.tif,36
38.55600640475931,-121.77710213546112,MCTNet_400km2_California_North-1.tif,36
38.55600640475931,-121.65933300171305,MCTNet_400km2_California_North-1.tif,36
38.555916573230895,-121.70254196687921,MCTNet_400km2_California_North-1.tif,36
38.55582674170248,-121.74575093204535,MCTNet_400km2_California_North-1.tif,36
38.55573691017407,-121.7889598972115,MCTNet_400km2_California_North-1.tif,36
38.55573691017407,-121.67119076346343,MCTNet_400km2_California_North-1.tif,36
38.555647078645656,-121.71439972862959,MCTNet_400km2_California_North-1.tif,36
38.55555724711725,-121.75760869379573,MCTNet_400km2_California_North-1.tif,36
38.555467415588836,-121.80081765896188,MCTNet_400km2_California_North-1.tif,36
38.555467415588836,-121.6830485252138,MCTNet_400km2_California_North-1.tif,36
38.55537758406042,-121.72625749037996,MCTNet_400km2_California_North-1.tif,36
38.55528775253201,-121.76946645554611,MCTNet_400km2_California_North-1.tif,36
38.5551979210036,-121.81267542071225,MCTNet_400km2_California_North-1.tif,36
38.5551979210036,-121.69490628696418,MCTNet_400km2_California_North-1.tif,36
38.55510808947519,-121.73811525213034,MCTNet_400km2_California_North-1.tif,36
38.55501825794678,-121.78132421729649,MCTNet_400km2_California_North-1.tif,36
38.55501825794678,-121.66355508354842,MCTNet_400km2_California_North-1.tif,36
38.554928426418364,-121.70676404871456,MCTNet_400km2_California_North-1.tif,36
38.55483859488995,-121.74997301388072,MCTNet_400km2_California_North-1.tif,36
38.55474876336154,-121.79318197904686,MCTNet_400km2_California_North-1.tif,36
38.55474876336154,-121.6754128452988,MCTNet_400km2_California_North-1.tif,36
38.554658931833124,-121.71862181046494,MCTNet_400km2_California_North-1.tif,36
38.55456910030472,-121.7618307756311,MCTNet_400km2_California_North-1.tif,36
38.554479268776305,-121.80503974079724,MCTNet_400km2_California_North-1.tif,36
38.554479268776305,-121.68727060704917,MCTNet_400km2_California_North-1.tif,36
38.55438943724789,-121.73047957221532,MCTNet_400km2_California_North-1.tif,36
38.55429960571948,-121.77368853738147,MCTNet_400km2_California_North-1.tif,36
38.55429960571948,-121.6559194036334,MCTNet_400km2_California_North-1.tif,36
38.554209774191065,-121.69912836879955,MCTNet_400km2_California_North-1.tif,36
38.55411994266266,-121.7423373339657,MCTNet_400km2_California_North-1.tif,36
38.554030111134246,-121.78554629913185,MCTNet_400km2_California_North-1.tif,36
38.554030111134246,-121.66777716538378,MCTNet_400km2_California_North-1.tif,36
38.55394027960583,-121.71098613054993,MCTNet_400km2_California_North-1.tif,36
38.55385044807742,-121.75419509571609,MCTNet_400km2_California_North-1.tif,36
38.553760616549006,-121.79740406088223,MCTNet_400km2_California_North-1.tif,36
38.553760616549006,-121.67963492713416,MCTNet_400km2_California_North-1.tif,36
38.55367078502059,-121.7228438923003,MCTNet_400km2_California_North-1.tif,36
38.55358095349219,-121.76605285746646,MCTNet_400km2_California_North-1.tif,36
38.55349112196377,-121.8092618226326,MCTNet_400km2_California_North-1.tif,36
38.55349112196377,-121.69149268888454,MCTNet_400km2_California_North-1.tif,36
38.55340129043536,-121.73470165405068,MCTNet_400km2_California_North-1.tif,36
38.55331145890695,-121.77791061921684,MCTNet_400km2_California_North-1.tif,36
38.55331145890695,-121.66014148546877,MCTNet_400km2_California_North-1.tif,36
38.553221627378534,-121.70335045063491,MCTNet_400km2_California_North-1.tif,36
38.55313179585013,-121.74655941580106,MCTNet_400km2_California_North-1.tif,36
38.553041964321714,-121.78976838096722,MCTNet_400km2_California_North-1.tif,36
38.553041964321714,-121.67199924721915,MCTNet_400km2_California_North-1.tif,36
38.5529521327933,-121.71520821238529,MCTNet_400km2_California_North-1.tif,36
38.55286230126489,-121.75841717755144,MCTNet_400km2_California_North-1.tif,36
38.552772469736475,-121.8016261427176,MCTNet_400km2_California_North-1.tif,36
38.552772469736475,-121.68385700896953,MCTNet_400km2_California_North-1.tif,36
38.55268263820806,-121.72706597413567,MCTNet_400km2_California_North-1.tif,36
38.552592806679655,-121.77027493930181,MCTNet_400km2_California_North-1.tif,36
38.55250297515124,-121.81348390446797,MCTNet_400km2_California_North-1.tif,36
38.55250297515124,-121.6957147707199,MCTNet_400km2_California_North-1.tif,36
38.55241314362283,-121.73892373588605,MCTNet_400km2_California_North-1.tif,36
38.552323312094416,-121.78213270105219,MCTNet_400km2_California_North-1.tif,36
38.552323312094416,-121.66436356730412,MCTNet_400km2_California_North-1.tif,36
38.552233480566,-121.70757253247028,MCTNet_400km2_California_North-1.tif,36
38.552143649037596,-121.75078149763642,MCTNet_400km2_California_North-1.tif,36
38.55205381750918,-121.79399046280257,MCTNet_400km2_California_North-1.tif,36
38.55205381750918,-121.6762213290545,MCTNet_400km2_California_North-1.tif,36
38.55196398598077,-121.71943029422066,MCTNet_400km2_California_North-1.tif,36
38.551874154452356,-121.7626392593868,MCTNet_400km2_California_North-1.tif,36
38.55178432292394,-121.80584822455295,MCTNet_400km2_California_North-1.tif,36
38.55178432292394,-121.68807909080488,MCTNet_400km2_California_North-1.tif,36
38.55169449139553,-121.73128805597104,MCTNet_400km2_California_North-1.tif,36
38.551604659867124,-121.77449702113718,MCTNet_400km2_California_North-1.tif,36
38.551604659867124,-121.65672788738911,MCTNet_400km2_California_North-1.tif,36
38.55151482833871,-121.69993685255525,MCTNet_400km2_California_North-1.tif,36
38.5514249968103,-121.74314581772141,MCTNet_400km2_California_North-1.tif,36
38.551335165281884,-121.78635478288756,MCTNet_400km2_California_North-1.tif,36
38.551335165281884,-121.66858564913949,MCTNet_400km2_California_North-1.tif,36
38.55124533375347,-121.71179461430563,MCTNet_400km2_California_North-1.tif,36
38.551155502225065,-121.75500357947179,MCTNet_400km2_California_North-1.tif,36
38.55106567069665,-121.79821254463793,MCTNet_400km2_California_North-1.tif,36
38.55106567069665,-121.68044341088986,MCTNet_400km2_California_North-1.tif,36
38.55097583916824,-121.72365237605601,MCTNet_400km2_California_North-1.tif,36
38.550886007639825,-121.76686134122217,MCTNet_400km2_California_North-1.tif,36
38.55079617611141,-121.81007030638831,MCTNet_400km2_California_North-1.tif,36
38.55079617611141,-121.69230117264024,MCTNet_400km2_California_North-1.tif,36
38.550706344583,-121.73551013780639,MCTNet_400km2_California_North-1.tif,36
38.55061651305459,-121.77871910297254,MCTNet_400km2_California_North-1.tif,36
38.55061651305459,-121.66094996922448,MCTNet_400km2_California_North-1.tif,36
38.55052668152618,-121.70415893439062,MCTNet_400km2_California_North-1.tif,36
38.550436849997766,-121.74736789955676,MCTNet_400km2_California_North-1.tif,36
38.55034701846935,-121.79057686472292,MCTNet_400km2_California_North-1.tif,36
38.55034701846935,-121.67280773097485,MCTNet_400km2_California_North-1.tif,36
38.55025718694094,-121.716016696141,MCTNet_400km2_California_North-1.tif,36
38.55016735541253,-121.75922566130714,MCTNet_400km2_California_North-1.tif,36
38.55007752388412,-121.8024346264733,MCTNet_400km2_California_North-1.tif,36
38.55007752388412,-121.68466549272523,MCTNet_400km2_California_North-1.tif,36
38.54998769235571,-121.72787445789137,MCTNet_400km2_California_North-1.tif,36
38.54989786082729,-121.77108342305752,MCTNet_400km2_California_North-1.tif,36
38.54989786082729,-121.65331428930945,MCTNet_400km2_California_North-1.tif,36
38.54980802929888,-121.69652325447561,MCTNet_400km2_California_North-1.tif,36
38.54971819777047,-121.73973221964175,MCTNet_400km2_California_North-1.tif,36
38.54962836624206,-121.7829411848079,MCTNet_400km2_California_North-1.tif,36
38.54962836624206,-121.66517205105983,MCTNet_400km2_California_North-1.tif,36
38.54953853471365,-121.70838101622599,MCTNet_400km2_California_North-1.tif,36
38.549448703185234,-121.75158998139213,MCTNet_400km2_California_North-1.tif,36
38.54935887165682,-121.79479894655827,MCTNet_400km2_California_North-1.tif,36
38.54935887165682,-121.6770298128102,MCTNet_400km2_California_North-1.tif,36
38.54926904012841,-121.72023877797636,MCTNet_400km2_California_North-1.tif,36
38.5491792086,-121.7634477431425,MCTNet_400km2_California_North-1.tif,36
38.54908937707159,-121.80665670830865,MCTNet_400km2_California_North-1.tif,36
38.54908937707159,-121.6888875745606,MCTNet_400km2_California_North-1.tif,36
38.548999545543175,-121.73209653972674,MCTNet_400km2_California_North-1.tif,36
38.54890971401476,-121.77530550489288,MCTNet_400km2_California_North-1.tif,36
38.54890971401476,-121.65753637114481,MCTNet_400km2_California_North-1.tif,36
38.54881988248635,-121.70074533631097,MCTNet_400km2_California_North-1.tif,36
38.548730050957936,-121.74395430147712,MCTNet_400km2_California_North-1.tif,36
38.54864021942953,-121.78716326664326,MCTNet_400km2_California_North-1.tif,36
38.54864021942953,-121.66939413289519,MCTNet_400km2_California_North-1.tif,36
38.548550387901116,-121.71260309806135,MCTNet_400km2_California_North-1.tif,36
38.5484605563727,-121.7558120632275,MCTNet_400km2_California_North-1.tif,36
38.54837072484429,-121.79902102839364,MCTNet_400km2_California_North-1.tif,36
38.54837072484429,-121.68125189464557,MCTNet_400km2_California_North-1.tif,36
38.54828089331588,-121.72446085981173,MCTNet_400km2_California_North-1.tif,36
38.54819106178747,-121.76766982497787,MCTNet_400km2_California_North-1.tif,36
38.54810123025906,-121.81087879014402,MCTNet_400km2_California_North-1.tif,36
38.54810123025906,-121.69310965639595,MCTNet_400km2_California_North-1.tif,36
38.548011398730644,-121.7363186215621,MCTNet_400km2_California_North-1.tif,36
38.54792156720223,-121.77952758672825,MCTNet_400km2_California_North-1.tif,36
38.54792156720223,-121.66175845298018,MCTNet_400km2_California_North-1.tif,36
38.54783173567382,-121.70496741814632,MCTNet_400km2_California_North-1.tif,36
38.547741904145404,-121.74817638331248,MCTNet_400km2_California_North-1.tif,36
38.547652072617,-121.79138534847863,MCTNet_400km2_California_North-1.tif,36
38.547652072617,-121.67361621473056,MCTNet_400km2_California_North-1.tif,36
38.547562241088585,-121.7168251798967,MCTNet_400km2_California_North-1.tif,36
38.54747240956017,-121.76003414506286,MCTNet_400km2_California_North-1.tif,36
38.54738257803176,-121.803243110229,MCTNet_400km2_California_North-1.tif,36
38.54738257803176,-121.68547397648094,MCTNet_400km2_California_North-1.tif,36
38.547292746503345,-121.72868294164708,MCTNet_400km2_California_North-1.tif,36
38.54720291497494,-121.77189190681324,MCTNet_400km2_California_North-1.tif,36
38.54720291497494,-121.65412277306517,MCTNet_400km2_California_North-1.tif,36
38.547113083446526,-121.69733173823131,MCTNet_400km2_California_North-1.tif,36
38.54702325191811,-121.74054070339746,MCTNet_400km2_California_North-1.tif,36
38.5469334203897,-121.78374966856362,MCTNet_400km2_California_North-1.tif,36
38.5469334203897,-121.66598053481555,MCTNet_400km2_California_North-1.tif,36
38.546843588861286,-121.70918949998169,MCTNet_400km2_California_North-1.tif,36
38.54675375733287,-121.75239846514783,MCTNet_400km2_California_North-1.tif,36
38.54666392580447,-121.79560743031399,MCTNet_400km2_California_North-1.tif,36
38.54666392580447,-121.67783829656592,MCTNet_400km2_California_North-1.tif,36
38.54657409427605,-121.72104726173207,MCTNet_400km2_California_North-1.tif,36
38.54648426274764,-121.76425622689821,MCTNet_400km2_California_North-1.tif,36
38.54639443121923,-121.80746519206437,MCTNet_400km2_California_North-1.tif,36
38.54639443121923,-121.6896960583163,MCTNet_400km2_California_North-1.tif,36
38.546304599690814,-121.73290502348245,MCTNet_400km2_California_North-1.tif,36
38.54621476816241,-121.77611398864859,MCTNet_400km2_California_North-1.tif,36
38.54621476816241,-121.65834485490052,MCTNet_400km2_California_North-1.tif,36
38.546124936633994,-121.70155382006668,MCTNet_400km2_California_North-1.tif,36
38.54603510510558,-121.74476278523282,MCTNet_400km2_California_North-1.tif,36
38.54594527357717,-121.78797175039897,MCTNet_400km2_California_North-1.tif,36
38.54594527357717,-121.6702026166509,MCTNet_400km2_California_North-1.tif,36
38.545855442048754,-121.71341158181706,MCTNet_400km2_California_North-1.tif,36
38.54576561052034,-121.7566205469832,MCTNet_400km2_California_North-1.tif,36
38.545675778991935,-121.79982951214934,MCTNet_400km2_California_North-1.tif,36
38.545675778991935,-121.68206037840127,MCTNet_400km2_California_North-1.tif,36
38.54558594746352,-121.72526934356743,MCTNet_400km2_California_North-1.tif,36
38.54549611593511,-121.76847830873358,MCTNet_400km2_California_North-1.tif,36
38.545406284406695,-121.81168727389972,MCTNet_400km2_California_North-1.tif,36
38.545406284406695,-121.69391814015165,MCTNet_400km2_California_North-1.tif,36
38.54531645287828,-121.73712710531781,MCTNet_400km2_California_North-1.tif,36
38.545226621349876,-121.78033607048395,MCTNet_400km2_California_North-1.tif,36
38.545226621349876,-121.66256693673589,MCTNet_400km2_California_North-1.tif,36
38.54513678982146,-121.70577590190203,MCTNet_400km2_California_North-1.tif,36
38.54504695829305,-121.74898486706819,MCTNet_400km2_California_North-1.tif,36
38.544957126764636,-121.79219383223433,MCTNet_400km2_California_North-1.tif,36
38.544957126764636,-121.67442469848626,MCTNet_400km2_California_North-1.tif,36
38.54486729523622,-121.7176336636524,MCTNet_400km2_California_North-1.tif,36
38.54477746370781,-121.76084262881857,MCTNet_400km2_California_North-1.tif,36
38.544687632179404,-121.80405159398471,MCTNet_400km2_California_North-1.tif,36
38.544687632179404,-121.68628246023664,MCTNet_400km2_California_North-1.tif,36
38.54459780065099,-121.72949142540278,MCTNet_400km2_California_North-1.tif,36
38.54450796912258,-121.77270039056894,MCTNet_400km2_California_North-1.tif,36
38.54450796912258,-121.65493125682087,MCTNet_400km2_California_North-1.tif,36
38.544418137594164,-121.69814022198702,MCTNet_400km2_California_North-1.tif,36
38.54432830606575,-121.74134918715316,MCTNet_400km2_California_North-1.tif,36
38.544238474537345,-121.78455815231932,MCTNet_400km2_California_North-1.tif,36
38.544238474537345,-121.66678901857125,MCTNet_400km2_California_North-1.tif,36
38.54414864300893,-121.7099979837374,MCTNet_400km2_California_North-1.tif,36
38.54405881148052,-121.75320694890355,MCTNet_400km2_California_North-1.tif,36
38.543968979952105,-121.7964159140697,MCTNet_400km2_California_North-1.tif,36
38.543968979952105,-121.67864678032163,MCTNet_400km2_California_North-1.tif,36
38.54387914842369,-121.72185574548777,MCTNet_400km2_California_North-1.tif,36
38.54378931689528,-121.76506471065393,MCTNet_400km2_California_North-1.tif,36
38.54369948536687,-121.80827367582008,MCTNet_400km2_California_North-1.tif,36
38.54369948536687,-121.690504542072,MCTNet_400km2_California_North-1.tif,36
38.54360965383846,-121.73371350723815,MCTNet_400km2_California_North-1.tif,36
38.543519822310046,-121.77692247240431,MCTNet_400km2_California_North-1.tif,36
38.543519822310046,-121.65915333865624,MCTNet_400km2_California_North-1.tif,36
38.54342999078163,-121.70236230382238,MCTNet_400km2_California_North-1.tif,36
38.54334015925322,-121.74557126898853,MCTNet_400km2_California_North-1.tif,36
38.54325032772481,-121.78878023415469,MCTNet_400km2_California_North-1.tif,36
38.54325032772481,-121.67101110040662,MCTNet_400km2_California_North-1.tif,36
38.5431604961964,-121.71422006557276,MCTNet_400km2_California_North-1.tif,36
38.54307066466799,-121.7574290307389,MCTNet_400km2_California_North-1.tif,36
38.54298083313957,-121.80063799590506,MCTNet_400km2_California_North-1.tif,36
38.54298083313957,-121.682868862157,MCTNet_400km2_California_North-1.tif,36
38.54289100161116,-121.72607782732314,MCTNet_400km2_California_North-1.tif,36
38.54280117008275,-121.76928679248928,MCTNet_400km2_California_North-1.tif,36
38.54271133855434,-121.81249575765544,MCTNet_400km2_California_North-1.tif,36
38.54271133855434,-121.69472662390737,MCTNet_400km2_California_North-1.tif,36
38.54262150702593,-121.73793558907352,MCTNet_400km2_California_North-1.tif,36
38.542531675497514,-121.78114455423966,MCTNet_400km2_California_North-1.tif,36
38.542531675497514,-121.66337542049159,MCTNet_400km2_California_North-1.tif,36
38.5424418439691,-121.70658438565775,MCTNet_400km2_California_North-1.tif,36
38.54235201244069,-121.7497933508239,MCTNet_400km2_California_North-1.tif,36
38.54226218091228,-121.79300231599004,MCTNet_400km2_California_North-1.tif,36
38.54226218091228,-121.67523318224197,MCTNet_400km2_California_North-1.tif,36
38.54217234938387,-121.71844214740813,MCTNet_400km2_California_North-1.tif,36
38.542082517855455,-121.76165111257427,MCTNet_400km2_California_North-1.tif,36
38.54199268632704,-121.80486007774041,MCTNet_400km2_California_North-1.tif,36
38.54199268632704,-121.68709094399235,MCTNet_400km2_California_North-1.tif,36
38.54190285479863,-121.7302999091585,MCTNet_400km2_California_North-1.tif,36
38.541813023270215,-121.77350887432465,MCTNet_400km2_California_North-1.tif,36
38.541813023270215,-121.65573974057658,MCTNet_400km2_California_North-1.tif,36
38.54172319174181,-121.69894870574272,MCTNet_400km2_California_North-1.tif,36
38.541633360213396,-121.74215767090888,MCTNet_400km2_California_North-1.tif,36
38.54154352868498,-121.78536663607503,MCTNet_400km2_California_North-1.tif,36
38.54154352868498,-121.66759750232696,MCTNet_400km2_California_North-1.tif,36
38.54145369715657,-121.7108064674931,MCTNet_400km2_California_North-1.tif,36
38.541363865628156,-121.75401543265926,MCTNet_400km2_California_North-1.tif,36
38.54127403409975,-121.7972243978254,MCTNet_400km2_California_North-1.tif,36
38.54127403409975,-121.67945526407733,MCTNet_400km2_California_North-1.tif,36
38.54118420257134,-121.72266422924348,MCTNet_400km2_California_North-1.tif,36
38.541094371042924,-121.76587319440964,MCTNet_400km2_California_North-1.tif,36
38.54100453951451,-121.80908215957578,MCTNet_400km2_California_North-1.tif,36
38.54100453951451,-121.69131302582771,MCTNet_400km2_California_North-1.tif,36
38.5409147079861,-121.73452199099385,MCTNet_400km2_California_North-1.tif,36
38.540824876457684,-121.77773095616001,MCTNet_400km2_California_North-1.tif,36
38.540824876457684,-121.65996182241194,MCTNet_400km2_California_North-1.tif,36
38.54073504492928,-121.70317078757809,MCTNet_400km2_California_North-1.tif,36
38.540645213400865,-121.74637975274423,MCTNet_400km2_California_North-1.tif,36
38.54055538187245,-121.78958871791039,MCTNet_400km2_California_North-1.tif,36
38.54055538187245,-121.67181958416232,MCTNet_400km2_California_North-1.tif,36
38.54046555034404,-121.71502854932847,MCTNet_400km2_California_North-1.tif,36
38.540375718815625,-121.75823751449461,MCTNet_400km2_California_North-1.tif,36
38.54028588728721,-121.80144647966077,MCTNet_400km2_California_North-1.tif,36
38.54028588728721,-121.6836773459127,MCTNet_400km2_California_North-1.tif,36
38.540196055758805,-121.72688631107884,MCTNet_400km2_California_North-1.tif,36
38.54010622423039,-121.77009527624499,MCTNet_400km2_California_North-1.tif,36
38.54001639270198,-121.81330424141115,MCTNet_400km2_California_North-1.tif,36
38.54001639270198,-121.69553510766308,MCTNet_400km2_California_North-1.tif,36
38.539926561173566,-121.73874407282922,MCTNet_400km2_California_North-1.tif,36
38.53983672964515,-121.78195303799536,MCTNet_400km2_California_North-1.tif,36
38.53983672964515,-121.6641839042473,MCTNet_400km2_California_North-1.tif,36
38.539746898116746,-121.70739286941345,MCTNet_400km2_California_North-1.tif,36
38.53965706658833,-121.7506018345796,MCTNet_400km2_California_North-1.tif,36
38.53956723505992,-121.79381079974574,MCTNet_400km2_California_North-1.tif,36
38.53956723505992,-121.67604166599767,MCTNet_400km2_California_North-1.tif,36
38.53947740353151,-121.71925063116383,MCTNet_400km2_California_North-1.tif,36
38.53938757200309,-121.76245959632998,MCTNet_400km2_California_North-1.tif,36
38.53929774047468,-121.80566856149612,MCTNet_400km2_California_North-1.tif,36
38.53929774047468,-121.68789942774806,MCTNet_400km2_California_North-1.tif,36
38.539207908946274,-121.73110839291421,MCTNet_400km2_California_North-1.tif,36
38.53911807741786,-121.77431735808035,MCTNet_400km2_California_North-1.tif,36
38.53911807741786,-121.65654822433228,MCTNet_400km2_California_North-1.tif,36
38.53902824588945,-121.69975718949844,MCTNet_400km2_California_North-1.tif,36
38.538938414361034,-121.74296615466459,MCTNet_400km2_California_North-1.tif,36
38.53884858283262,-121.78617511983073,MCTNet_400km2_California_North-1.tif,36
38.53884858283262,-121.66840598608266,MCTNet_400km2_California_North-1.tif,36
38.538758751304215,-121.71161495124882,MCTNet_400km2_California_North-1.tif,36
38.5386689197758,-121.75482391641496,MCTNet_400km2_California_North-1.tif,36
38.53857908824739,-121.79803288158111,MCTNet_400km2_California_North-1.tif,36
38.53857908824739,-121.68026374783304,MCTNet_400km2_California_North-1.tif,36
38.538489256718975,-121.7234727129992,MCTNet_400km2_California_North-1.tif,36
38.53839942519056,-121.76668167816534,MCTNet_400km2_California_North-1.tif,36
38.53830959366215,-121.80989064333149,MCTNet_400km2_California_North-1.tif,36
38.53830959366215,-121.69212150958342,MCTNet_400km2_California_North-1.tif,36
38.53821976213374,-121.73533047474957,MCTNet_400km2_California_North-1.tif,36
38.53812993060533,-121.77853943991572,MCTNet_400km2_California_North-1.tif,36
38.53812993060533,-121.66077030616765,MCTNet_400km2_California_North-1.tif,36
38.538040099076916,-121.7039792713338,MCTNet_400km2_California_North-1.tif,36
38.5379502675485,-121.74718823649995,MCTNet_400km2_California_North-1.tif,36
38.53786043602009,-121.7903972016661,MCTNet_400km2_California_North-1.tif,36
38.53786043602009,-121.67262806791803,MCTNet_400km2_California_North-1.tif,36
38.53777060449168,-121.71583703308417,MCTNet_400km2_California_North-1.tif,36
38.53768077296327,-121.75904599825033,MCTNet_400km2_California_North-1.tif,36
38.53759094143486,-121.80225496341647,MCTNet_400km2_California_North-1.tif,36
38.53759094143486,-121.6844858296684,MCTNet_400km2_California_North-1.tif,36
38.537501109906444,-121.72769479483455,MCTNet_400km2_California_North-1.tif,36
38.53741127837803,-121.7709037600007,MCTNet_400km2_California_North-1.tif,36
38.53741127837803,-121.65313462625264,MCTNet_400km2_California_North-1.tif,36
38.53732144684962,-121.69634359141878,MCTNet_400km2_California_North-1.tif,36
38.53723161532121,-121.73955255658493,MCTNet_400km2_California_North-1.tif,36
38.5371417837928,-121.78276152175108,MCTNet_400km2_California_North-1.tif,36
38.5371417837928,-121.66499238800301,MCTNet_400km2_California_North-1.tif,36
38.537051952264385,-121.70820135316916,MCTNet_400km2_California_North-1.tif,36
38.53696212073597,-121.7514103183353,MCTNet_400km2_California_North-1.tif,36
38.53687228920756,-121.79461928350146,MCTNet_400km2_California_North-1.tif,36
38.53687228920756,-121.67685014975339,MCTNet_400km2_California_North-1.tif,36
38.53678245767915,-121.72005911491954,MCTNet_400km2_California_North-1.tif,36
38.53669262615074,-121.76326808008568,MCTNet_400km2_California_North-1.tif,36
38.536602794622326,-121.80647704525184,MCTNet_400km2_California_North-1.tif,36
38.536602794622326,-121.68870791150377,MCTNet_400km2_California_North-1.tif,36
38.53651296309391,-121.73191687666991,MCTNet_400km2_California_North-1.tif,36
38.5364231315655,-121.77512584183606,MCTNet_400km2_California_North-1.tif,36
38.5364231315655,-121.65735670808799,MCTNet_400km2_California_North-1.tif,36
38.536333300037086,-121.70056567325415,MCTNet_400km2_California_North-1.tif,36
38.53624346850868,-121.74377463842029,MCTNet_400km2_California_North-1.tif,36
38.536153636980266,-121.78698360358644,MCTNet_400km2_California_North-1.tif,36
38.536153636980266,-121.66921446983837,MCTNet_400km2_California_North-1.tif,36
38.53606380545185,-121.71242343500452,MCTNet_400km2_California_North-1.tif,36
38.53597397392344,-121.75563240017067,MCTNet_400km2_California_North-1.tif,36
38.53588414239503,-121.79884136533681,MCTNet_400km2_California_North-1.tif,36
38.53588414239503,-121.68107223158874,MCTNet_400km2_California_North-1.tif,36
38.53579431086662,-121.7242811967549,MCTNet_400km2_California_North-1.tif,36
38.53570447933821,-121.76749016192105,MCTNet_400km2_California_North-1.tif,36
38.535614647809794,-121.81069912708719,MCTNet_400km2_California_North-1.tif,36
38.535614647809794,-121.69292999333912,MCTNet_400km2_California_North-1.tif,36
38.53552481628138,-121.73613895850528,MCTNet_400km2_California_North-1.tif,36
38.53543498475297,-121.77934792367142,MCTNet_400km2_California_North-1.tif,36
38.53543498475297,-121.66157878992335,MCTNet_400km2_California_North-1.tif,36
38.535345153224554,-121.7047877550895,MCTNet_400km2_California_North-1.tif,36
38.53525532169615,-121.74799672025566,MCTNet_400km2_California_North-1.tif,36
38.535165490167735,-121.7912056854218,MCTNet_400km2_California_North-1.tif,36
38.535165490167735,-121.67343655167373,MCTNet_400km2_California_North-1.tif,36
38.53507565863932,-121.71664551683988,MCTNet_400km2_California_North-1.tif,36
38.53498582711091,-121.75985448200603,MCTNet_400km2_California_North-1.tif,36
38.534895995582495,-121.80306344717218,MCTNet_400km2_California_North-1.tif,36
38.534895995582495,-121.68529431342411,MCTNet_400km2_California_North-1.tif,36
38.53480616405409,-121.72850327859025,MCTNet_400km2_California_North-1.tif,36
38.534716332525676,-121.77171224375641,MCTNet_400km2_California_North-1.tif,36
38.534716332525676,-121.65394311000834,MCTNet_400km2_California_North-1.tif,36
38.53462650099726,-121.69715207517449,MCTNet_400km2_California_North-1.tif,36
38.53453666946885,-121.74036104034063,MCTNet_400km2_California_North-1.tif,36
38.534446837940436,-121.78357000550679,MCTNet_400km2_California_North-1.tif,36
38.534446837940436,-121.66580087175872,MCTNet_400km2_California_North-1.tif,36
38.53435700641202,-121.70900983692486,MCTNet_400km2_California_North-1.tif,36
38.53426717488362,-121.75221880209102,MCTNet_400km2_California_North-1.tif,36
38.5341773433552,-121.79542776725717,MCTNet_400km2_California_North-1.tif,36
38.5341773433552,-121.6776586335091,MCTNet_400km2_California_North-1.tif,36
38.53408751182679,-121.72086759867524,MCTNet_400km2_California_North-1.tif,36
38.53399768029838,-121.7640765638414,MCTNet_400km2_California_North-1.tif,36
38.533907848769964,-121.80728552900754,MCTNet_400km2_California_North-1.tif,36
38.533907848769964,-121.68951639525947,MCTNet_400km2_California_North-1.tif,36
38.53381801724156,-121.73272536042562,MCTNet_400km2_California_North-1.tif,36
38.533728185713144,-121.77593432559178,MCTNet_400km2_California_North-1.tif,36
38.533728185713144,-121.65816519184371,MCTNet_400km2_California_North-1.tif,36
38.53363835418473,-121.70137415700985,MCTNet_400km2_California_North-1.tif,36
38.53354852265632,-121.744583122176,MCTNet_400km2_California_North-1.tif,36
38.533458691127905,-121.78779208734215,MCTNet_400km2_California_North-1.tif,36
38.533458691127905,-121.67002295359408,MCTNet_400km2_California_North-1.tif,36
38.53336885959949,-121.71323191876023,MCTNet_400km2_California_North-1.tif,36
38.533279028071085,-121.75644088392637,MCTNet_400km2_California_North-1.tif,36
38.53318919654267,-121.79964984909253,MCTNet_400km2_California_North-1.tif,36
38.53318919654267,-121.68188071534446,MCTNet_400km2_California_North-1.tif,36
38.53309936501426,-121.7250896805106,MCTNet_400km2_California_North-1.tif,36
38.533009533485846,-121.76829864567675,MCTNet_400km2_California_North-1.tif,36
38.53291970195743,-121.81150761084291,MCTNet_400km2_California_North-1.tif,36
38.53291970195743,-121.69373847709484,MCTNet_400km2_California_North-1.tif,36
38.532829870429026,-121.73694744226098,MCTNet_400km2_California_North-1.tif,36
38.53274003890061,-121.78015640742713,MCTNet_400km2_California_North-1.tif,36
38.53274003890061,-121.66238727367906,MCTNet_400km2_California_North-1.tif,36
38.5326502073722,-121.70559623884522,MCTNet_400km2_California_North-1.tif,36
38.53256037584379,-121.74880520401136,MCTNet_400km2_California_North-1.tif,36
38.53247054431537,-121.7920141691775,MCTNet_400km2_California_North-1.tif,36
38.53247054431537,-121.67424503542944,MCTNet_400km2_California_North-1.tif,36
38.53238071278696,-121.7174540005956,MCTNet_400km2_California_North-1.tif,36
38.532290881258554,-121.76066296576174,MCTNet_400km2_California_North-1.tif,36
38.53220104973014,-121.80387193092788,MCTNet_400km2_California_North-1.tif,36
38.53220104973014,-121.68610279717981,MCTNet_400km2_California_North-1.tif,36
38.53211121820173,-121.72931176234597,MCTNet_400km2_California_North-1.tif,36
38.532021386673314,-121.77252072751212,MCTNet_400km2_California_North-1.tif,36
38.532021386673314,-121.65475159376405,MCTNet_400km2_California_North-1.tif,36
38.5319315551449,-121.69796055893019,MCTNet_400km2_California_North-1.tif,36
38.531841723616495,-121.74116952409635,MCTNet_400km2_California_North-1.tif,36
38.53175189208808,-121.7843784892625,MCTNet_400km2_California_North-1.tif,36
38.53175189208808,-121.66660935551442,MCTNet_400km2_California_North-1.tif,36
38.53166206055967,-121.70981832068057,MCTNet_400km2_California_North-1.tif,36
38.531572229031255,-121.75302728584673,MCTNet_400km2_California_North-1.tif,36
38.53148239750284,-121.79623625101287,MCTNet_400km2_California_North-1.tif,36
38.53148239750284,-121.6784671172648,MCTNet_400km2_California_North-1.tif,36
38.53139256597443,-121.72167608243095,MCTNet_400km2_California_North-1.tif,36
38.53130273444602,-121.7648850475971,MCTNet_400km2_California_North-1.tif,36
38.53121290291761,-121.80809401276325,MCTNet_400km2_California_North-1.tif,36
38.53121290291761,-121.69032487901518,MCTNet_400km2_California_North-1.tif,36
38.531123071389196,-121.73353384418132,MCTNet_400km2_California_North-1.tif,36
38.53103323986078,-121.77674280934748,MCTNet_400km2_California_North-1.tif,36
38.53103323986078,-121.65897367559941,MCTNet_400km2_California_North-1.tif,36
38.53094340833237,-121.70218264076556,MCTNet_400km2_California_North-1.tif,36
38.53085357680396,-121.7453916059317,MCTNet_400km2_California_North-1.tif,36
38.53076374527555,-121.78860057109786,MCTNet_400km2_California_North-1.tif,36
38.53076374527555,-121.67083143734979,MCTNet_400km2_California_North-1.tif,36
38.53067391374714,-121.71404040251593,MCTNet_400km2_California_North-1.tif,36
38.53058408221872,-121.75724936768208,MCTNet_400km2_California_North-1.tif,36
38.53049425069031,-121.80045833284824,MCTNet_400km2_California_North-1.tif,36
38.53049425069031,-121.68268919910017,MCTNet_400km2_California_North-1.tif,36
38.5304044191619,-121.72589816426631,MCTNet_400km2_California_North-1.tif,36
38.53031458763349,-121.76910712943246,MCTNet_400km2_California_North-1.tif,36
38.53022475610508,-121.81231609459861,MCTNet_400km2_California_North-1.tif,36
38.53022475610508,-121.69454696085054,MCTNet_400km2_California_North-1.tif,36
38.530134924576664,-121.73775592601669,MCTNet_400km2_California_North-1.tif,36
38.53004509304825,-121.78096489118283,MCTNet_400km2_California_North-1.tif,36
38.53004509304825,-121.66319575743476,MCTNet_400km2_California_North-1.tif,36
38.52995526151984,-121.70640472260092,MCTNet_400km2_California_North-1.tif,36
38.52986542999143,-121.74961368776707,MCTNet_400km2_California_North-1.tif,36
38.52977559846302,-121.79282265293321,MCTNet_400km2_California_North-1.tif,36
38.52977559846302,-121.67505351918514,MCTNet_400km2_California_North-1.tif,36
38.529685766934605,-121.7182624843513,MCTNet_400km2_California_North-1.tif,36
38.52959593540619,-121.76147144951744,MCTNet_400km2_California_North-1.tif,36
38.52950610387778,-121.80468041468359,MCTNet_400km2_California_North-1.tif,36
38.52950610387778,-121.68691128093553,MCTNet_400km2_California_North-1.tif,36
38.529416272349366,-121.73012024610168,MCTNet_400km2_California_North-1.tif,36
38.52932644082096,-121.77332921126782,MCTNet_400km2_California_North-1.tif,36
38.52932644082096,-121.65556007751975,MCTNet_400km2_California_North-1.tif,36
38.529236609292546,-121.69876904268591,MCTNet_400km2_California_North-1.tif,36
38.52914677776413,-121.74197800785205,MCTNet_400km2_California_North-1.tif,36
38.52905694623572,-121.7851869730182,MCTNet_400km2_California_North-1.tif,36
38.52905694623572,-121.66741783927013,MCTNet_400km2_California_North-1.tif,36
38.52896711470731,-121.71062680443629,MCTNet_400km2_California_North-1.tif,36
38.5288772831789,-121.75383576960243,MCTNet_400km2_California_North-1.tif,36
38.52878745165049,-121.79704473476858,MCTNet_400km2_California_North-1.tif,36
38.52878745165049,-121.6792756010205,MCTNet_400km2_California_North-1.tif,36
38.528697620122074,-121.72248456618667,MCTNet_400km2_California_North-1.tif,36
38.52860778859366,-121.76569353135281,MCTNet_400km2_California_North-1.tif,36
38.52851795706525,-121.80890249651895,MCTNet_400km2_California_North-1.tif,36
38.52851795706525,-121.69113336277088,MCTNet_400km2_California_North-1.tif,36
38.528428125536834,-121.73434232793704,MCTNet_400km2_California_North-1.tif,36
38.52833829400843,-121.77755129310319,MCTNet_400km2_California_North-1.tif,36
38.52833829400843,-121.65978215935512,MCTNet_400km2_California_North-1.tif,36
38.528248462480015,-121.70299112452126,MCTNet_400km2_California_North-1.tif,36
38.5281586309516,-121.74620008968742,MCTNet_400km2_California_North-1.tif,36
38.52806879942319,-121.78940905485356,MCTNet_400km2_California_North-1.tif,36
38.52806879942319,-121.6716399211055,MCTNet_400km2_California_North-1.tif,36
38.527978967894775,-121.71484888627164,MCTNet_400km2_California_North-1.tif,36
38.52788913636637,-121.7580578514378,MCTNet_400km2_California_North-1.tif,36
38.527799304837956,-121.80126681660394,MCTNet_400km2_California_North-1.tif,36
38.527799304837956,-121.68349768285587,MCTNet_400km2_California_North-1.tif,36
38.52770947330954,-121.72670664802202,MCTNet_400km2_California_North-1.tif,36
38.52761964178113,-121.76991561318818,MCTNet_400km2_California_North-1.tif,36
38.527529810252716,-121.81312457835432,MCTNet_400km2_California_North-1.tif,36
38.527529810252716,-121.69535544460625,MCTNet_400km2_California_North-1.tif,36
38.5274399787243,-121.7385644097724,MCTNet_400km2_California_North-1.tif,36
38.5273501471959,-121.78177337493855,MCTNet_400km2_California_North-1.tif,36
38.5273501471959,-121.66400424119048,MCTNet_400km2_California_North-1.tif,36
38.52726031566748,-121.70721320635663,MCTNet_400km2_California_North-1.tif,36
38.52717048413907,-121.75042217152277,MCTNet_400km2_California_North-1.tif,36
38.52708065261066,-121.79363113668893,MCTNet_400km2_California_North-1.tif,36
38.52708065261066,-121.67586200294086,MCTNet_400km2_California_North-1.tif,36
38.526990821082244,-121.719070968107,MCTNet_400km2_California_North-1.tif,36
38.52690098955384,-121.76227993327315,MCTNet_400km2_California_North-1.tif,36
38.526811158025424,-121.80548889843931,MCTNet_400km2_California_North-1.tif,36
38.526811158025424,-121.68771976469124,MCTNet_400km2_California_North-1.tif,36
38.52672132649701,-121.73092872985738,MCTNet_400km2_California_North-1.tif,36
38.5266314949686,-121.77413769502353,MCTNet_400km2_California_North-1.tif,36
38.5266314949686,-121.65636856127546,MCTNet_400km2_California_North-1.tif,36
38.526541663440184,-121.69957752644162,MCTNet_400km2_California_North-1.tif,36
38.52645183191177,-121.74278649160776,MCTNet_400km2_California_North-1.tif,36
38.526362000383365,-121.7859954567739,MCTNet_400km2_California_North-1.tif,36
38.526362000383365,-121.66822632302583,MCTNet_400km2_California_North-1.tif,36
38.52627216885495,-121.71143528819199,MCTNet_400km2_California_North-1.tif,36
38.52618233732654,-121.75464425335814,MCTNet_400km2_California_North-1.tif,36
38.526092505798125,-121.79785321852428,MCTNet_400km2_California_North-1.tif,36
38.526092505798125,-121.68008408477621,MCTNet_400km2_California_North-1.tif,36
38.52600267426971,-121.72329304994237,MCTNet_400km2_California_North-1.tif,36
38.525912842741306,-121.76650201510851,MCTNet_400km2_California_North-1.tif,36
38.52582301121289,-121.80971098027466,MCTNet_400km2_California_North-1.tif,36
38.52582301121289,-121.69194184652659,MCTNet_400km2_California_North-1.tif,36
38.52573317968448,-121.73515081169275,MCTNet_400km2_California_North-1.tif,36
38.525643348156066,-121.77835977685889,MCTNet_400km2_California_North-1.tif,36
38.525643348156066,-121.66059064311082,MCTNet_400km2_California_North-1.tif,36
38.52555351662765,-121.70379960827697,MCTNet_400km2_California_North-1.tif,36
38.52546368509924,-121.74700857344313,MCTNet_400km2_California_North-1.tif,36
38.525373853570834,-121.79021753860927,MCTNet_400km2_California_North-1.tif,36
38.525373853570834,-121.6724484048612,MCTNet_400km2_California_North-1.tif,36
38.52528402204242,-121.71565737002734,MCTNet_400km2_California_North-1.tif,36
38.52519419051401,-121.7588663351935,MCTNet_400km2_California_North-1.tif,36
38.525104358985594,-121.80207530035965,MCTNet_400km2_California_North-1.tif,36
38.525104358985594,-121.68430616661158,MCTNet_400km2_California_North-1.tif,36
38.52501452745718,-121.72751513177772,MCTNet_400km2_California_North-1.tif,36
38.524924695928775,-121.77072409694388,MCTNet_400km2_California_North-1.tif,36
38.52483486440036,-121.81393306211002,MCTNet_400km2_California_North-1.tif,36
38.52483486440036,-121.69616392836195,MCTNet_400km2_California_North-1.tif,36
38.52474503287195,-121.7393728935281,MCTNet_400km2_California_North-1.tif,36
38.524655201343535,-121.78258185869426,MCTNet_400km2_California_North-1.tif,36
38.524655201343535,-121.66481272494619,MCTNet_400km2_California_North-1.tif,36
38.52456536981512,-121.70802169011233,MCTNet_400km2_California_North-1.tif,36
38.52447553828671,-121.75123065527849,MCTNet_400km2_California_North-1.tif,36
38.5243857067583,-121.79443962044463,MCTNet_400km2_California_North-1.tif,36
38.5243857067583,-121.67667048669657,MCTNet_400km2_California_North-1.tif,36
38.52429587522989,-121.71987945186271,MCTNet_400km2_California_North-1.tif,36
38.524206043701476,-121.76308841702887,MCTNet_400km2_California_North-1.tif,36
38.52411621217306,-121.80629738219501,MCTNet_400km2_California_North-1.tif,36
38.52411621217306,-121.68852824844694,MCTNet_400km2_California_North-1.tif,36
38.52402638064465,-121.73173721361309,MCTNet_400km2_California_North-1.tif,36
38.52393654911624,-121.77494617877925,MCTNet_400km2_California_North-1.tif,36
38.52393654911624,-121.65717704503118,MCTNet_400km2_California_North-1.tif,36
38.52384671758783,-121.70038601019732,MCTNet_400km2_California_North-1.tif,36
38.52375688605942,-121.74359497536346,MCTNet_400km2_California_North-1.tif,36
38.523667054531,-121.78680394052962,MCTNet_400km2_California_North-1.tif,36
38.523667054531,-121.66903480678155,MCTNet_400km2_California_North-1.tif,36
38.52357722300259,-121.7122437719477,MCTNet_400km2_California_North-1.tif,36
38.52348739147418,-121.75545273711384,MCTNet_400km2_California_North-1.tif,36
38.52339755994577,-121.79866170228,MCTNet_400km2_California_North-1.tif,36
38.52339755994577,-121.68089256853193,MCTNet_400km2_California_North-1.tif,36
38.52330772841736,-121.72410153369808,MCTNet_400km2_California_North-1.tif,36
38.523217896888944,-121.76731049886422,MCTNet_400km2_California_North-1.tif,36
38.52312806536053,-121.81051946403038,MCTNet_400km2_California_North-1.tif,36
38.52312806536053,-121.69275033028231,MCTNet_400km2_California_North-1.tif,36
38.52303823383212,-121.73595929544845,MCTNet_400km2_California_North-1.tif,36
38.52294840230371,-121.7791682606146,MCTNet_400km2_California_North-1.tif,36
38.52294840230371,-121.66139912686653,MCTNet_400km2_California_North-1.tif,36
38.5228585707753,-121.70460809203269,MCTNet_400km2_California_North-1.tif,36
38.522768739246885,-121.74781705719883,MCTNet_400km2_California_North-1.tif,36
38.52267890771847,-121.79102602236497,MCTNet_400km2_California_North-1.tif,36
38.52267890771847,-121.6732568886169,MCTNet_400km2_California_North-1.tif,36
38.52258907619006,-121.71646585378306,MCTNet_400km2_California_North-1.tif,36
38.522499244661645,-121.75967481894921,MCTNet_400km2_California_North-1.tif,36
38.52240941313324,-121.80288378411535,MCTNet_400km2_California_North-1.tif,36
38.52240941313324,-121.68511465036728,MCTNet_400km2_California_North-1.tif,36
38.522319581604826,-121.72832361553344,MCTNet_400km2_California_North-1.tif,36
38.52222975007641,-121.77153258069958,MCTNet_400km2_California_North-1.tif,36
38.52222975007641,-121.65376344695152,MCTNet_400km2_California_North-1.tif,36
38.522139918548,-121.69697241211766,MCTNet_400km2_California_North-1.tif,36
38.522050087019586,-121.74018137728382,MCTNet_400km2_California_North-1.tif,36
38.52196025549118,-121.78339034244996,MCTNet_400km2_California_North-1.tif,36
38.52196025549118,-121.6656212087019,MCTNet_400km2_California_North-1.tif,36
38.52187042396277,-121.70883017386804,MCTNet_400km2_California_North-1.tif,36
38.521780592434354,-121.7520391390342,MCTNet_400km2_California_North-1.tif,36
38.52169076090594,-121.79524810420034,MCTNet_400km2_California_North-1.tif,36
38.52169076090594,-121.67747897045227,MCTNet_400km2_California_North-1.tif,36
38.52160092937753,-121.72068793561841,MCTNet_400km2_California_North-1.tif,36
38.521511097849114,-121.76389690078457,MCTNet_400km2_California_North-1.tif,36
38.52142126632071,-121.80710586595072,MCTNet_400km2_California_North-1.tif,36
38.52142126632071,-121.68933673220265,MCTNet_400km2_California_North-1.tif,36
38.521331434792295,-121.73254569736879,MCTNet_400km2_California_North-1.tif,36
38.52124160326388,-121.77575466253495,MCTNet_400km2_California_North-1.tif,36
38.52124160326388,-121.65798552878688,MCTNet_400km2_California_North-1.tif,36
38.52115177173547,-121.70119449395303,MCTNet_400km2_California_North-1.tif,36
38.521061940207055,-121.74440345911917,MCTNet_400km2_California_North-1.tif,36
38.52097210867865,-121.78761242428533,MCTNet_400km2_California_North-1.tif,36
38.52097210867865,-121.66984329053726,MCTNet_400km2_California_North-1.tif,36
38.520882277150235,-121.7130522557034,MCTNet_400km2_California_North-1.tif,36
38.52079244562182,-121.75626122086955,MCTNet_400km2_California_North-1.tif,36
38.52070261409341,-121.7994701860357,MCTNet_400km2_California_North-1.tif,36
38.52070261409341,-121.68170105228764,MCTNet_400km2_California_North-1.tif,36
38.520612782564996,-121.72491001745378,MCTNet_400km2_California_North-1.tif,36
38.52052295103658,-121.76811898261992,MCTNet_400km2_California_North-1.tif,36
38.520433119508176,-121.81132794778608,MCTNet_400km2_California_North-1.tif,36
38.520433119508176,-121.69355881403801,MCTNet_400km2_California_North-1.tif,36
38.52034328797976,-121.73676777920416,MCTNet_400km2_California_North-1.tif,36
38.52025345645135,-121.7799767443703,MCTNet_400km2_California_North-1.tif,36
38.52025345645135,-121.66220761062223,MCTNet_400km2_California_North-1.tif,36
38.52016362492294,-121.70541657578839,MCTNet_400km2_California_North-1.tif,36
38.52007379339452,-121.74862554095454,MCTNet_400km2_California_North-1.tif,36
38.51998396186612,-121.79183450612068,MCTNet_400km2_California_North-1.tif,36
38.51998396186612,-121.67406537237261,MCTNet_400km2_California_North-1.tif,36
38.519894130337704,-121.71727433753877,MCTNet_400km2_California_North-1.tif,36
38.51980429880929,-121.76048330270491,MCTNet_400km2_California_North-1.tif,36
38.51971446728088,-121.80369226787106,MCTNet_400km2_California_North-1.tif,36
38.51971446728088,-121.685923134123,MCTNet_400km2_California_North-1.tif,36
38.519624635752464,-121.72913209928915,MCTNet_400km2_California_North-1.tif,36
38.51953480422405,-121.77234106445529,MCTNet_400km2_California_North-1.tif,36
38.51953480422405,-121.65457193070722,MCTNet_400km2_California_North-1.tif,36
38.519444972695645,-121.69778089587338,MCTNet_400km2_California_North-1.tif,36
38.51935514116723,-121.74098986103952,MCTNet_400km2_California_North-1.tif,36
38.51926530963882,-121.78419882620567,MCTNet_400km2_California_North-1.tif,36
38.51926530963882,-121.6664296924576,MCTNet_400km2_California_North-1.tif,36
38.519175478110405,-121.70963865762376,MCTNet_400km2_California_North-1.tif,36
38.51908564658199,-121.7528476227899,MCTNet_400km2_California_North-1.tif,36
38.518995815053586,-121.79605658795604,MCTNet_400km2_California_North-1.tif,36
38.518995815053586,-121.67828745420798,MCTNet_400km2_California_North-1.tif,36
38.51890598352517,-121.72149641937413,MCTNet_400km2_California_North-1.tif,36
38.51881615199676,-121.76470538454028,MCTNet_400km2_California_North-1.tif,36
38.518726320468346,-121.80791434970642,MCTNet_400km2_California_North-1.tif,36
38.518726320468346,-121.69014521595835,MCTNet_400km2_California_North-1.tif,36
38.51863648893993,-121.73335418112451,MCTNet_400km2_California_North-1.tif,36
38.51854665741152,-121.77656314629066,MCTNet_400km2_California_North-1.tif,36
38.51854665741152,-121.65879401254259,MCTNet_400km2_California_North-1.tif,36
38.51845682588311,-121.70200297770873,MCTNet_400km2_California_North-1.tif,36
38.5183669943547,-121.74521194287489,MCTNet_400km2_California_North-1.tif,36
38.51827716282629,-121.78842090804103,MCTNet_400km2_California_North-1.tif,36
38.51827716282629,-121.67065177429296,MCTNet_400km2_California_North-1.tif,36
38.518187331297874,-121.71386073945911,MCTNet_400km2_California_North-1.tif,36
38.51809749976946,-121.75706970462527,MCTNet_400km2_California_North-1.tif,36
38.518007668241054,-121.80027866979141,MCTNet_400km2_California_North-1.tif,36
38.518007668241054,-121.68250953604334,MCTNet_400km2_California_North-1.tif,36
38.51791783671264,-121.72571850120949,MCTNet_400km2_California_North-1.tif,36
38.51782800518423,-121.76892746637564,MCTNet_400km2_California_North-1.tif,36
38.517738173655815,-121.81213643154179,MCTNet_400km2_California_North-1.tif,36
38.517738173655815,-121.69436729779372,MCTNet_400km2_California_North-1.tif,36
38.5176483421274,-121.73757626295986,MCTNet_400km2_California_North-1.tif,36
38.51755851059899,-121.78078522812602,MCTNet_400km2_California_North-1.tif,36
38.51755851059899,-121.66301609437795,MCTNet_400km2_California_North-1.tif,36
38.51746867907058,-121.7062250595441,MCTNet_400km2_California_North-1.tif,36
38.51737884754217,-121.74943402471024,MCTNet_400km2_California_North-1.tif,36
38.517289016013756,-121.7926429898764,MCTNet_400km2_California_North-1.tif,36
38.517289016013756,-121.67487385612833,MCTNet_400km2_California_North-1.tif,36
38.51719918448534,-121.71808282129447,MCTNet_400km2_California_North-1.tif,36
38.51710935295693,-121.76129178646062,MCTNet_400km2_California_North-1.tif,36
38.51701952142852,-121.80450075162678,MCTNet_400km2_California_North-1.tif,36
38.51701952142852,-121.6867316178787,MCTNet_400km2_California_North-1.tif,36
38.51692968990011,-121.72994058304485,MCTNet_400km2_California_North-1.tif,36
38.516839858371696,-121.773149548211,MCTNet_400km2_California_North-1.tif,36
38.516839858371696,-121.65538041446293,MCTNet_400km2_California_North-1.tif,36
38.51675002684328,-121.69858937962908,MCTNet_400km2_California_North-1.tif,36
38.51666019531487,-121.74179834479523,MCTNet_400km2_California_North-1.tif,36
38.51657036378646,-121.78500730996137,MCTNet_400km2_California_North-1.tif,36
38.51657036378646,-121.6672381762133,MCTNet_400km2_California_North-1.tif,36
38.51648053225805,-121.71044714137946,MCTNet_400km2_California_North-1.tif,36
38.51639070072964,-121.7536561065456,MCTNet_400km2_California_North-1.tif,36
38.516300869201224,-121.79686507171175,MCTNet_400km2_California_North-1.tif,36
38.516300869201224,-121.67909593796368,MCTNet_400km2_California_North-1.tif,36
38.51621103767281,-121.72230490312984,MCTNet_400km2_California_North-1.tif,36
38.5161212061444,-121.76551386829598,MCTNet_400km2_California_North-1.tif,36
38.51603137461599,-121.80872283346213,MCTNet_400km2_California_North-1.tif,36
38.51603137461599,-121.69095369971406,MCTNet_400km2_California_North-1.tif,36
38.51594154308758,-121.73416266488022,MCTNet_400km2_California_North-1.tif,36
38.515851711559165,-121.77737163004636,MCTNet_400km2_California_North-1.tif,36
38.515851711559165,-121.65960249629829,MCTNet_400km2_California_North-1.tif,36
38.51576188003075,-121.70281146146444,MCTNet_400km2_California_North-1.tif,36
38.51567204850234,-121.7460204266306,MCTNet_400km2_California_North-1.tif,36
38.515582216973925,-121.78922939179674,MCTNet_400km2_California_North-1.tif,36
38.515582216973925,-121.67146025804867,MCTNet_400km2_California_North-1.tif,36
38.51549238544552,-121.71466922321481,MCTNet_400km2_California_North-1.tif,36
38.515402553917106,-121.75787818838097,MCTNet_400km2_California_North-1.tif,36
38.51531272238869,-121.80108715354712,MCTNet_400km2_California_North-1.tif,36
38.51531272238869,-121.68331801979905,MCTNet_400km2_California_North-1.tif,36
38.51522289086028,-121.72652698496519,MCTNet_400km2_California_North-1.tif,36
38.515133059331866,-121.76973595013135,MCTNet_400km2_California_North-1.tif,36
38.51504322780346,-121.81294491529749,MCTNet_400km2_California_North-1.tif,36
38.51504322780346,-121.69517578154942,MCTNet_400km2_California_North-1.tif,36
38.51495339627505,-121.73838474671557,MCTNet_400km2_California_North-1.tif,36
38.51486356474663,-121.78159371188173,MCTNet_400km2_California_North-1.tif,36
38.51486356474663,-121.66382457813366,MCTNet_400km2_California_North-1.tif,36
38.51477373321822,-121.7070335432998,MCTNet_400km2_California_North-1.tif,36
38.51468390168981,-121.75024250846596,MCTNet_400km2_California_North-1.tif,36
38.514594070161394,-121.7934514736321,MCTNet_400km2_California_North-1.tif,36
38.514594070161394,-121.67568233988403,MCTNet_400km2_California_North-1.tif,36
38.51450423863299,-121.71889130505018,MCTNet_400km2_California_North-1.tif,36
38.514414407104574,-121.76210027021634,MCTNet_400km2_California_North-1.tif,36
38.51432457557616,-121.80530923538248,MCTNet_400km2_California_North-1.tif,36
38.51432457557616,-121.68754010163441,MCTNet_400km2_California_North-1.tif,36
38.51423474404775,-121.73074906680056,MCTNet_400km2_California_North-1.tif,36
38.514144912519335,-121.77395803196671,MCTNet_400km2_California_North-1.tif,36
38.514144912519335,-121.65618889821864,MCTNet_400km2_California_North-1.tif,36
38.51405508099093,-121.69939786338479,MCTNet_400km2_California_North-1.tif,36
38.513965249462515,-121.74260682855093,MCTNet_400km2_California_North-1.tif,36
38.5138754179341,-121.78581579371709,MCTNet_400km2_California_North-1.tif,36
38.5138754179341,-121.66804665996902,MCTNet_400km2_California_North-1.tif,36
38.51378558640569,-121.71125562513517,MCTNet_400km2_California_North-1.tif,36
38.513695754877276,-121.75446459030131,MCTNet_400km2_California_North-1.tif,36
38.51360592334886,-121.79767355546747,MCTNet_400km2_California_North-1.tif,36
38.51360592334886,-121.6799044217194,MCTNet_400km2_California_North-1.tif,36
38.513516091820456,-121.72311338688554,MCTNet_400km2_California_North-1.tif,36
38.51342626029204,-121.76632235205169,MCTNet_400km2_California_North-1.tif,36
38.51333642876363,-121.80953131721785,MCTNet_400km2_California_North-1.tif,36
38.51333642876363,-121.69176218346978,MCTNet_400km2_California_North-1.tif,36
38.51324659723522,-121.73497114863592,MCTNet_400km2_California_North-1.tif,36
38.5131567657068,-121.77818011380207,MCTNet_400km2_California_North-1.tif,36
38.5131567657068,-121.660410980054,MCTNet_400km2_California_North-1.tif,36
38.5130669341784,-121.70361994522015,MCTNet_400km2_California_North-1.tif,36
38.512977102649984,-121.7468289103863,MCTNet_400km2_California_North-1.tif,36
38.51288727112157,-121.79003787555244,MCTNet_400km2_California_North-1.tif,36
38.51288727112157,-121.67226874180437,MCTNet_400km2_California_North-1.tif,36
38.51279743959316,-121.71547770697053,MCTNet_400km2_California_North-1.tif,36
38.512707608064744,-121.75868667213668,MCTNet_400km2_California_North-1.tif,36
38.51261777653633,-121.80189563730282,MCTNet_400km2_California_North-1.tif,36
38.51261777653633,-121.68412650355475,MCTNet_400km2_California_North-1.tif,36
38.512527945007925,-121.72733546872091,MCTNet_400km2_California_North-1.tif,36
38.51243811347951,-121.77054443388705,MCTNet_400km2_California_North-1.tif,36
38.5123482819511,-121.8137533990532,MCTNet_400km2_California_North-1.tif,36
38.5123482819511,-121.69598426530513,MCTNet_400km2_California_North-1.tif,36
38.512258450422685,-121.73919323047129,MCTNet_400km2_California_North-1.tif,36
38.51216861889427,-121.78240219563743,MCTNet_400km2_California_North-1.tif,36
38.51216861889427,-121.66463306188936,MCTNet_400km2_California_North-1.tif,36
38.512078787365866,-121.7078420270555,MCTNet_400km2_California_North-1.tif,36
38.51198895583745,-121.75105099222166,MCTNet_400km2_California_North-1.tif,36
38.51189912430904,-121.79425995738781,MCTNet_400km2_California_North-1.tif,36
38.51189912430904,-121.67649082363974,MCTNet_400km2_California_North-1.tif,36
38.511809292780626,-121.71969978880588,MCTNet_400km2_California_North-1.tif,36
38.51171946125221,-121.76290875397204,MCTNet_400km2_California_North-1.tif,36
38.5116296297238,-121.80611771913819,MCTNet_400km2_California_North-1.tif,36
38.5116296297238,-121.68834858539012,MCTNet_400km2_California_North-1.tif,36
38.51153979819539,-121.73155755055626,MCTNet_400km2_California_North-1.tif,36
38.51144996666698,-121.77476651572242,MCTNet_400km2_California_North-1.tif,36
38.51144996666698,-121.65699738197435,MCTNet_400km2_California_North-1.tif,36
38.51136013513857,-121.7002063471405,MCTNet_400km2_California_North-1.tif,36
38.511270303610154,-121.74341531230664,MCTNet_400km2_California_North-1.tif,36
38.51118047208174,-121.7866242774728,MCTNet_400km2_California_North-1.tif,36
38.51118047208174,-121.66885514372473,MCTNet_400km2_California_North-1.tif,36
38.511090640553334,-121.71206410889087,MCTNet_400km2_California_North-1.tif,36
38.51100080902492,-121.75527307405702,MCTNet_400km2_California_North-1.tif,36
38.51091097749651,-121.79848203922317,MCTNet_400km2_California_North-1.tif,36
38.51091097749651,-121.6807129054751,MCTNet_400km2_California_North-1.tif,36
38.510821145968094,-121.72392187064125,MCTNet_400km2_California_North-1.tif,36
38.51073131443968,-121.7671308358074,MCTNet_400km2_California_North-1.tif,36
38.51064148291127,-121.81033980097355,MCTNet_400km2_California_North-1.tif,36
38.51064148291127,-121.69257066722548,MCTNet_400km2_California_North-1.tif,36
38.51055165138286,-121.73577963239163,MCTNet_400km2_California_North-1.tif,36
38.51046181985445,-121.77898859755777,MCTNet_400km2_California_North-1.tif,36
38.51046181985445,-121.6612194638097,MCTNet_400km2_California_North-1.tif,36
38.510371988326035,-121.70442842897586,MCTNet_400km2_California_North-1.tif,36
38.51028215679762,-121.747637394142,MCTNet_400km2_California_North-1.tif,36
38.51019232526921,-121.79084635930815,MCTNet_400km2_California_North-1.tif,36
38.51019232526921,-121.67307722556008,MCTNet_400km2_California_North-1.tif,36
38.5101024937408,-121.71628619072624,MCTNet_400km2_California_North-1.tif,36
38.51001266221239,-121.75949515589238,MCTNet_400km2_California_North-1.tif,36
38.509922830683976,-121.80270412105853,MCTNet_400km2_California_North-1.tif,36
38.509922830683976,-121.68493498731047,MCTNet_400km2_California_North-1.tif,36
38.50983299915556,-121.72814395247661,MCTNet_400km2_California_North-1.tif,36
38.50974316762715,-121.77135291764276,MCTNet_400km2_California_North-1.tif,36
38.50974316762715,-121.65358378389469,MCTNet_400km2_California_North-1.tif,36
38.50965333609874,-121.69679274906085,MCTNet_400km2_California_North-1.tif,36
38.50956350457033,-121.74000171422699,MCTNet_400km2_California_North-1.tif,36
38.50947367304192,-121.78321067939314,MCTNet_400km2_California_North-1.tif,36
38.50947367304192,-121.66544154564507,MCTNet_400km2_California_North-1.tif,36
38.509383841513504,-121.70865051081122,MCTNet_400km2_California_North-1.tif,36
38.50929400998509,-121.75185947597737,MCTNet_400km2_California_North-1.tif,36
38.50920417845668,-121.79506844114351,MCTNet_400km2_California_North-1.tif,36
38.50920417845668,-121.67729930739544,MCTNet_400km2_California_North-1.tif,36
38.50911434692827,-121.7205082725616,MCTNet_400km2_California_North-1.tif,36
38.50902451539986,-121.76371723772775,MCTNet_400km2_California_North-1.tif,36
38.508934683871445,-121.80692620289389,MCTNet_400km2_California_North-1.tif,36
38.508934683871445,-121.68915706914582,MCTNet_400km2_California_North-1.tif,36
38.50884485234303,-121.73236603431198,MCTNet_400km2_California_North-1.tif,36
38.50875502081462,-121.77557499947812,MCTNet_400km2_California_North-1.tif,36
38.50875502081462,-121.65780586573005,MCTNet_400km2_California_North-1.tif,36
38.508665189286205,-121.7010148308962,MCTNet_400km2_California_North-1.tif,36
38.5085753577578,-121.74422379606236,MCTNet_400km2_California_North-1.tif,36
38.508485526229386,-121.7874327612285,MCTNet_400km2_California_North-1.tif,36
38.508485526229386,-121.66966362748043,MCTNet_400km2_California_North-1.tif,36
38.50839569470097,-121.71287259264658,MCTNet_400km2_California_North-1.tif,36
38.50830586317256,-121.75608155781273,MCTNet_400km2_California_North-1.tif,36
38.508216031644146,-121.79929052297888,MCTNet_400km2_California_North-1.tif,36
38.508216031644146,-121.68152138923081,MCTNet_400km2_California_North-1.tif,36
38.50812620011574,-121.72473035439695,MCTNet_400km2_California_North-1.tif,36
38.50803636858733,-121.76793931956311,MCTNet_400km2_California_North-1.tif,36
38.50794653705891,-121.81114828472926,MCTNet_400km2_California_North-1.tif,36
38.50794653705891,-121.69337915098119,MCTNet_400km2_California_North-1.tif,36
38.5078567055305,-121.73658811614733,MCTNet_400km2_California_North-1.tif,36
38.50776687400209,-121.77979708131349,MCTNet_400km2_California_North-1.tif,36
38.50776687400209,-121.66202794756542,MCTNet_400km2_California_North-1.tif,36
38.507677042473674,-121.70523691273156,MCTNet_400km2_California_North-1.tif,36
38.50758721094527,-121.74844587789771,MCTNet_400km2_California_North-1.tif,36
38.507497379416854,-121.79165484306387,MCTNet_400km2_California_North-1.tif,36
38.507497379416854,-121.6738857093158,MCTNet_400km2_California_North-1.tif,36
38.50740754788844,-121.71709467448194,MCTNet_400km2_California_North-1.tif,36
38.50731771636003,-121.76030363964809,MCTNet_400km2_California_North-1.tif,36
38.507227884831615,-121.80351260481424,MCTNet_400km2_California_North-1.tif,36
38.507227884831615,-121.68574347106617,MCTNet_400km2_California_North-1.tif,36
38.5071380533032,-121.72895243623232,MCTNet_400km2_California_North-1.tif,36
38.507048221774795,-121.77216140139846,MCTNet_400km2_California_North-1.tif,36
38.507048221774795,-121.6543922676504,MCTNet_400km2_California_North-1.tif,36
38.50695839024638,-121.69760123281655,MCTNet_400km2_California_North-1.tif,36
38.50686855871797,-121.7408101979827,MCTNet_400km2_California_North-1.tif,36
38.506778727189555,-121.78401916314884,MCTNet_400km2_California_North-1.tif,36
38.506778727189555,-121.66625002940077,MCTNet_400km2_California_North-1.tif,36
38.50668889566114,-121.70945899456693,MCTNet_400km2_California_North-1.tif,36
38.506599064132736,-121.75266795973307,MCTNet_400km2_California_North-1.tif,36
38.50650923260432,-121.79587692489922,MCTNet_400km2_California_North-1.tif,36
38.50650923260432,-121.67810779115115,MCTNet_400km2_California_North-1.tif,36
38.50641940107591,-121.72131675631731,MCTNet_400km2_California_North-1.tif,36
38.506329569547496,-121.76452572148345,MCTNet_400km2_California_North-1.tif,36
38.50623973801908,-121.8077346866496,MCTNet_400km2_California_North-1.tif,36
38.50623973801908,-121.68996555290153,MCTNet_400km2_California_North-1.tif,36
38.50614990649067,-121.73317451806768,MCTNet_400km2_California_North-1.tif,36
38.506060074962264,-121.77638348323383,MCTNet_400km2_California_North-1.tif,36
38.506060074962264,-121.65861434948576,MCTNet_400km2_California_North-1.tif,36
38.50597024343385,-121.7018233146519,MCTNet_400km2_California_North-1.tif,36
38.50588041190544,-121.74503227981806,MCTNet_400km2_California_North-1.tif,36
38.505790580377024,-121.7882412449842,MCTNet_400km2_California_North-1.tif,36
38.505790580377024,-121.67047211123614,MCTNet_400km2_California_North-1.tif,36
38.50570074884861,-121.71368107640228,MCTNet_400km2_California_North-1.tif,36
38.505610917320205,-121.75689004156844,MCTNet_400km2_California_North-1.tif,36
38.50552108579179,-121.80009900673458,MCTNet_400km2_California_North-1.tif,36
38.50552108579179,-121.68232987298651,MCTNet_400km2_California_North-1.tif,36
38.50543125426338,-121.72553883815266,MCTNet_400km2_California_North-1.tif,36
38.505341422734965,-121.76874780331882,MCTNet_400km2_California_North-1.tif,36
38.50525159120655,-121.81195676848496,MCTNet_400km2_California_North-1.tif,36
38.50525159120655,-121.69418763473689,MCTNet_400km2_California_North-1.tif,36
38.50516175967814,-121.73739659990304,MCTNet_400km2_California_North-1.tif,36
38.50507192814973,-121.7806055650692,MCTNet_400km2_California_North-1.tif,36
38.50507192814973,-121.66283643132113,MCTNet_400km2_California_North-1.tif,36
38.50498209662132,-121.70604539648727,MCTNet_400km2_California_North-1.tif,36
38.504892265092906,-121.74925436165343,MCTNet_400km2_California_North-1.tif,36
38.50480243356449,-121.79246332681957,MCTNet_400km2_California_North-1.tif,36
38.50480243356449,-121.6746941930715,MCTNet_400km2_California_North-1.tif,36
38.50471260203608,-121.71790315823765,MCTNet_400km2_California_North-1.tif,36
38.50462277050767,-121.7611121234038,MCTNet_400km2_California_North-1.tif,36
38.50453293897926,-121.80432108856995,MCTNet_400km2_California_North-1.tif,36
38.50453293897926,-121.68655195482188,MCTNet_400km2_California_North-1.tif,36
38.50444310745085,-121.72976091998802,MCTNet_400km2_California_North-1.tif,36
38.50435327592243,-121.77296988515418,MCTNet_400km2_California_North-1.tif,36
38.50435327592243,-121.65520075140611,MCTNet_400km2_California_North-1.tif,36
38.50426344439402,-121.69840971657226,MCTNet_400km2_California_North-1.tif,36
38.50417361286561,-121.7416186817384,MCTNet_400km2_California_North-1.tif,36
38.5040837813372,-121.78482764690456,MCTNet_400km2_California_North-1.tif,36
38.5040837813372,-121.66705851315649,MCTNet_400km2_California_North-1.tif,36
38.50399394980879,-121.71026747832263,MCTNet_400km2_California_North-1.tif,36
38.503904118280374,-121.75347644348878,MCTNet_400km2_California_North-1.tif,36
38.50381428675196,-121.79668540865494,MCTNet_400km2_California_North-1.tif,36
38.50381428675196,-121.67891627490687,MCTNet_400km2_California_North-1.tif,36
38.50372445522355,-121.72212524007301,MCTNet_400km2_California_North-1.tif,36
38.50363462369514,-121.76533420523916,MCTNet_400km2_California_North-1.tif,36
38.50354479216673,-121.80854317040531,MCTNet_400km2_California_North-1.tif,36
38.50354479216673,-121.69077403665725,MCTNet_400km2_California_North-1.tif,36
38.503454960638315,-121.73398300182339,MCTNet_400km2_California_North-1.tif,36
38.5033651291099,-121.77719196698953,MCTNet_400km2_California_North-1.tif,36
38.5033651291099,-121.65942283324146,MCTNet_400km2_California_North-1.tif,36
38.50327529758149,-121.70263179840762,MCTNet_400km2_California_North-1.tif,36
38.503185466053075,-121.74584076357377,MCTNet_400km2_California_North-1.tif,36
38.50309563452467,-121.78904972873991,MCTNet_400km2_California_North-1.tif,36
38.50309563452467,-121.67128059499184,MCTNet_400km2_California_North-1.tif,36
38.503005802996256,-121.714489560158,MCTNet_400km2_California_North-1.tif,36
38.50291597146784,-121.75769852532414,MCTNet_400km2_California_North-1.tif,36
38.50282613993943,-121.80090749049029,MCTNet_400km2_California_North-1.tif,36
38.50282613993943,-121.68313835674222,MCTNet_400km2_California_North-1.tif,36
38.502736308411016,-121.72634732190838,MCTNet_400km2_California_North-1.tif,36
38.50264647688261,-121.76955628707452,MCTNet_400km2_California_North-1.tif,36
38.5025566453542,-121.81276525224067,MCTNet_400km2_California_North-1.tif,36
38.5025566453542,-121.6949961184926,MCTNet_400km2_California_North-1.tif,36
38.502466813825784,-121.73820508365876,MCTNet_400km2_California_North-1.tif,36
38.50237698229737,-121.7814140488249,MCTNet_400km2_California_North-1.tif,36
38.50237698229737,-121.66364491507683,MCTNet_400km2_California_North-1.tif,36
38.50228715076896,-121.70685388024297,MCTNet_400km2_California_North-1.tif,36
38.502197319240544,-121.75006284540913,MCTNet_400km2_California_North-1.tif,36
38.50210748771214,-121.79327181057528,MCTNet_400km2_California_North-1.tif,36
38.50210748771214,-121.67550267682721,MCTNet_400km2_California_North-1.tif,36
38.502017656183725,-121.71871164199335,MCTNet_400km2_California_North-1.tif,36
38.50192782465531,-121.76192060715951,MCTNet_400km2_California_North-1.tif,36
38.5018379931269,-121.80512957232565,MCTNet_400km2_California_North-1.tif,36
38.5018379931269,-121.68736043857758,MCTNet_400km2_California_North-1.tif,36
38.501748161598485,-121.73056940374373,MCTNet_400km2_California_North-1.tif,36
38.50165833007008,-121.77377836890989,MCTNet_400km2_California_North-1.tif,36
38.50165833007008,-121.65600923516182,MCTNet_400km2_California_North-1.tif,36
38.501568498541666,-121.69921820032796,MCTNet_400km2_California_North-1.tif,36
38.50147866701325,-121.7424271654941,MCTNet_400km2_California_North-1.tif,36
38.50138883548484,-121.78563613066027,MCTNet_400km2_California_North-1.tif,36
38.50138883548484,-121.6678669969122,MCTNet_400km2_California_North-1.tif,36
38.501299003956426,-121.71107596207834,MCTNet_400km2_California_North-1.tif,36
38.50120917242801,-121.75428492724448,MCTNet_400km2_California_North-1.tif,36
38.501119340899606,-121.79749389241064,MCTNet_400km2_California_North-1.tif,36
38.501119340899606,-121.67972475866257,MCTNet_400km2_California_North-1.tif,36
38.50102950937119,-121.72293372382872,MCTNet_400km2_California_North-1.tif,36
38.50093967784278,-121.76614268899486,MCTNet_400km2_California_North-1.tif,36
38.50084984631437,-121.80935165416102,MCTNet_400km2_California_North-1.tif,36
38.50084984631437,-121.69158252041295,MCTNet_400km2_California_North-1.tif,36
38.50076001478595,-121.7347914855791,MCTNet_400km2_California_North-1.tif,36
38.50067018325755,-121.77800045074524,MCTNet_400km2_California_North-1.tif,36
38.50067018325755,-121.66023131699717,MCTNet_400km2_California_North-1.tif,36
38.500580351729134,-121.70344028216333,MCTNet_400km2_California_North-1.tif,36
38.50049052020072,-121.74664924732947,MCTNet_400km2_California_North-1.tif,36
38.50040068867231,-121.78985821249562,MCTNet_400km2_California_North-1.tif,36
38.50040068867231,-121.67208907874755,MCTNet_400km2_California_North-1.tif,36
38.500310857143894,-121.7152980439137,MCTNet_400km2_California_North-1.tif,36
38.50022102561548,-121.75850700907985,MCTNet_400km2_California_North-1.tif,36
38.500131194087075,-121.801715974246,MCTNet_400km2_California_North-1.tif,36
38.500131194087075,-121.68394684049792,MCTNet_400km2_California_North-1.tif,36
38.50004136255866,-121.72715580566408,MCTNet_400km2_California_North-1.tif,36
38.49995153103025,-121.77036477083023,MCTNet_400km2_California_North-1.tif,36
38.499861699501835,-121.81357373599637,MCTNet_400km2_California_North-1.tif,36
38.499861699501835,-121.69580460224832,MCTNet_400km2_California_North-1.tif,36
38.49977186797342,-121.73901356741446,MCTNet_400km2_California_North-1.tif,36
38.499682036445016,-121.7822225325806,MCTNet_400km2_California_North-1.tif,36
38.499682036445016,-121.66445339883253,MCTNet_400km2_California_North-1.tif,36
38.4995922049166,-121.7076623639987,MCTNet_400km2_California_North-1.tif,36
38.49950237338819,-121.75087132916484,MCTNet_400km2_California_North-1.tif,36
38.499412541859776,-121.79408029433098,MCTNet_400km2_California_North-1.tif,36
38.499412541859776,-121.67631116058291,MCTNet_400km2_California_North-1.tif,36
38.49932271033136,-121.71952012574907,MCTNet_400km2_California_North-1.tif,36
38.49923287880295,-121.76272909091522,MCTNet_400km2_California_North-1.tif,36
38.49914304727454,-121.80593805608136,MCTNet_400km2_California_North-1.tif,36
38.49914304727454,-121.68816892233329,MCTNet_400km2_California_North-1.tif,36
38.49905321574613,-121.73137788749945,MCTNet_400km2_California_North-1.tif,36
38.49896338421772,-121.77458685266559,MCTNet_400km2_California_North-1.tif,36
38.49896338421772,-121.65681771891752,MCTNet_400km2_California_North-1.tif,36
38.498873552689304,-121.70002668408367,MCTNet_400km2_California_North-1.tif,36
38.49878372116089,-121.74323564924983,MCTNet_400km2_California_North-1.tif,36
38.498693889632484,-121.78644461441597,MCTNet_400km2_California_North-1.tif,36
38.498693889632484,-121.6686754806679,MCTNet_400km2_California_North-1.tif,36
38.49860405810407,-121.71188444583404,MCTNet_400km2_California_North-1.tif,36
38.49851422657566,-121.7550934110002,MCTNet_400km2_California_North-1.tif,36
38.498424395047245,-121.79830237616635,MCTNet_400km2_California_North-1.tif,36
38.498424395047245,-121.68053324241828,MCTNet_400km2_California_North-1.tif,36
38.49833456351883,-121.72374220758442,MCTNet_400km2_California_North-1.tif,36
38.49824473199042,-121.76695117275058,MCTNet_400km2_California_North-1.tif,36
38.49815490046201,-121.81016013791672,MCTNet_400km2_California_North-1.tif,36
38.49815490046201,-121.69239100416866,MCTNet_400km2_California_North-1.tif,36
38.4980650689336,-121.7355999693348,MCTNet_400km2_California_North-1.tif,36
38.497975237405186,-121.77880893450096,MCTNet_400km2_California_North-1.tif,36
38.497975237405186,-121.66103980075289,MCTNet_400km2_California_North-1.tif,36
38.49788540587677,-121.70424876591903,MCTNet_400km2_California_North-1.tif,36
38.49779557434836,-121.74745773108518,MCTNet_400km2_California_North-1.tif,36
38.49770574281995,-121.79066669625134,MCTNet_400km2_California_North-1.tif,36
38.49770574281995,-121.67289756250327,MCTNet_400km2_California_North-1.tif,36
38.49761591129154,-121.71610652766941,MCTNet_400km2_California_North-1.tif,36
38.49752607976313,-121.75931549283555,MCTNet_400km2_California_North-1.tif,36
38.49743624823471,-121.80252445800171,MCTNet_400km2_California_North-1.tif,36
38.49743624823471,-121.68475532425364,MCTNet_400km2_California_North-1.tif,36
38.4973464167063,-121.72796428941979,MCTNet_400km2_California_North-1.tif,36
38.49725658517789,-121.77117325458593,MCTNet_400km2_California_North-1.tif,36
38.49725658517789,-121.65340412083786,MCTNet_400km2_California_North-1.tif,36
38.49716675364948,-121.69661308600402,MCTNet_400km2_California_North-1.tif,36
38.49707692212107,-121.73982205117017,MCTNet_400km2_California_North-1.tif,36
38.496987090592654,-121.78303101633631,MCTNet_400km2_California_North-1.tif,36
38.496987090592654,-121.66526188258824,MCTNet_400km2_California_North-1.tif,36
38.49689725906424,-121.7084708477544,MCTNet_400km2_California_North-1.tif,36
38.49680742753583,-121.75167981292054,MCTNet_400km2_California_North-1.tif,36
38.49671759600742,-121.79488877808669,MCTNet_400km2_California_North-1.tif,36
38.49671759600742,-121.67711964433862,MCTNet_400km2_California_North-1.tif,36
38.49662776447901,-121.72032860950478,MCTNet_400km2_California_North-1.tif,36
38.496537932950595,-121.76353757467092,MCTNet_400km2_California_North-1.tif,36
38.49644810142218,-121.80674653983706,MCTNet_400km2_California_North-1.tif,36
38.49644810142218,-121.688977406089,MCTNet_400km2_California_North-1.tif,36
38.49635826989377,-121.73218637125515,MCTNet_400km2_California_North-1.tif,36
38.496268438365355,-121.7753953364213,MCTNet_400km2_California_North-1.tif,36
38.496268438365355,-121.65762620267323,MCTNet_400km2_California_North-1.tif,36
38.49617860683695,-121.70083516783937,MCTNet_400km2_California_North-1.tif,36
38.496088775308536,-121.74404413300553,MCTNet_400km2_California_North-1.tif,36
38.49599894378012,-121.78725309817167,MCTNet_400km2_California_North-1.tif,36
38.49599894378012,-121.6694839644236,MCTNet_400km2_California_North-1.tif,36
38.49590911225171,-121.71269292958975,MCTNet_400km2_California_North-1.tif,36
38.495819280723296,-121.75590189475591,MCTNet_400km2_California_North-1.tif,36
38.49572944919489,-121.79911085992205,MCTNet_400km2_California_North-1.tif,36
38.49572944919489,-121.68134172617398,MCTNet_400km2_California_North-1.tif,36
38.49563961766648,-121.72455069134013,MCTNet_400km2_California_North-1.tif,36
38.49554978613806,-121.76775965650629,MCTNet_400km2_California_North-1.tif,36
38.49545995460965,-121.81096862167243,MCTNet_400km2_California_North-1.tif,36
38.49545995460965,-121.69319948792436,MCTNet_400km2_California_North-1.tif,36
38.49537012308124,-121.7364084530905,MCTNet_400km2_California_North-1.tif,36
38.495280291552824,-121.77961741825666,MCTNet_400km2_California_North-1.tif,36
38.495280291552824,-121.6618482845086,MCTNet_400km2_California_North-1.tif,36
38.49519046002442,-121.70505724967474,MCTNet_400km2_California_North-1.tif,36
38.495100628496004,-121.74826621484088,MCTNet_400km2_California_North-1.tif,36
38.49501079696759,-121.79147518000704,MCTNet_400km2_California_North-1.tif,36
38.49501079696759,-121.67370604625897,MCTNet_400km2_California_North-1.tif,36
38.49492096543918,-121.71691501142512,MCTNet_400km2_California_North-1.tif,36
38.494831133910765,-121.76012397659127,MCTNet_400km2_California_North-1.tif,36
38.49474130238236,-121.80333294175742,MCTNet_400km2_California_North-1.tif,36
38.49474130238236,-121.68556380800935,MCTNet_400km2_California_North-1.tif,36
38.494651470853945,-121.72877277317549,MCTNet_400km2_California_North-1.tif,36
38.49456163932553,-121.77198173834165,MCTNet_400km2_California_North-1.tif,36
38.49456163932553,-121.65421260459358,MCTNet_400km2_California_North-1.tif,36
38.49447180779712,-121.69742156975973,MCTNet_400km2_California_North-1.tif,36
38.494381976268706,-121.74063053492587,MCTNet_400km2_California_North-1.tif,36
38.49429214474029,-121.78383950009203,MCTNet_400km2_California_North-1.tif,36
38.49429214474029,-121.66607036634396,MCTNet_400km2_California_North-1.tif,36
38.494202313211886,-121.7092793315101,MCTNet_400km2_California_North-1.tif,36
38.49411248168347,-121.75248829667625,MCTNet_400km2_California_North-1.tif,36
38.49402265015506,-121.7956972618424,MCTNet_400km2_California_North-1.tif,36
38.49402265015506,-121.67792812809434,MCTNet_400km2_California_North-1.tif,36
38.49393281862665,-121.72113709326048,MCTNet_400km2_California_North-1.tif,36
38.49384298709823,-121.76434605842663,MCTNet_400km2_California_North-1.tif,36
38.49375315556983,-121.80755502359278,MCTNet_400km2_California_North-1.tif,36
38.49375315556983,-121.68978588984471,MCTNet_400km2_California_North-1.tif,36
38.493663324041414,-121.73299485501086,MCTNet_400km2_California_North-1.tif,36
38.493573492513,-121.776203820177,MCTNet_400km2_California_North-1.tif,36
38.493573492513,-121.65843468642893,MCTNet_400km2_California_North-1.tif,36
38.49348366098459,-121.70164365159509,MCTNet_400km2_California_North-1.tif,36
38.493393829456174,-121.74485261676124,MCTNet_400km2_California_North-1.tif,36
38.49330399792776,-121.78806158192738,MCTNet_400km2_California_North-1.tif,36
38.49330399792776,-121.67029244817931,MCTNet_400km2_California_North-1.tif,36
38.493214166399355,-121.71350141334547,MCTNet_400km2_California_North-1.tif,36
38.49312433487094,-121.75671037851161,MCTNet_400km2_California_North-1.tif,36
38.49303450334253,-121.79991934367776,MCTNet_400km2_California_North-1.tif,36
38.49303450334253,-121.68215020992969,MCTNet_400km2_California_North-1.tif,36
38.492944671814115,-121.72535917509585,MCTNet_400km2_California_North-1.tif,36
38.4928548402857,-121.76856814026199,MCTNet_400km2_California_North-1.tif,36
38.492765008757296,-121.81177710542813,MCTNet_400km2_California_North-1.tif,36
38.492765008757296,-121.69400797168007,MCTNet_400km2_California_North-1.tif,36
38.49267517722888,-121.73721693684622,MCTNet_400km2_California_North-1.tif,36
38.49258534570047,-121.78042590201237,MCTNet_400km2_California_North-1.tif,36
38.49258534570047,-121.6626567682643,MCTNet_400km2_California_North-1.tif,36
38.492495514172056,-121.70586573343044,MCTNet_400km2_California_North-1.tif,36
38.49240568264364,-121.7490746985966,MCTNet_400km2_California_North-1.tif,36
38.49231585111523,-121.79228366376275,MCTNet_400km2_California_North-1.tif,36
38.49231585111523,-121.67451453001468,MCTNet_400km2_California_North-1.tif,36
38.49222601958682,-121.71772349518082,MCTNet_400km2_California_North-1.tif,36
38.49213618805841,-121.76093246034698,MCTNet_400km2_California_North-1.tif,36
38.49204635653,-121.80414142551312,MCTNet_400km2_California_North-1.tif,36
38.49204635653,-121.68637229176505,MCTNet_400km2_California_North-1.tif,36
38.491956525001584,-121.7295812569312,MCTNet_400km2_California_North-1.tif,36
38.49186669347317,-121.77279022209736,MCTNet_400km2_California_North-1.tif,36
38.49186669347317,-121.65502108834929,MCTNet_400km2_California_North-1.tif,36
38.491776861944764,-121.69823005351543,MCTNet_400km2_California_North-1.tif,36
38.49168703041635,-121.74143901868158,MCTNet_400km2_California_North-1.tif,36
38.49159719888794,-121.78464798384773,MCTNet_400km2_California_North-1.tif,36
38.49159719888794,-121.66687885009966,MCTNet_400km2_California_North-1.tif,36
38.491507367359524,-121.71008781526581,MCTNet_400km2_California_North-1.tif,36
38.49141753583111,-121.75329678043195,MCTNet_400km2_California_North-1.tif,36
38.4913277043027,-121.79650574559811,MCTNet_400km2_California_North-1.tif,36
38.4913277043027,-121.67873661185004,MCTNet_400km2_California_North-1.tif,36
38.49123787277429,-121.72194557701619,MCTNet_400km2_California_North-1.tif,36
38.49114804124588,-121.76515454218233,MCTNet_400km2_California_North-1.tif,36
38.491058209717465,-121.80836350734849,MCTNet_400km2_California_North-1.tif,36
38.491058209717465,-121.69059437360042,MCTNet_400km2_California_North-1.tif,36
38.49096837818905,-121.73380333876656,MCTNet_400km2_California_North-1.tif,36
38.49087854666064,-121.77701230393271,MCTNet_400km2_California_North-1.tif,36
38.49087854666064,-121.65924317018464,MCTNet_400km2_California_North-1.tif,36
38.49078871513223,-121.7024521353508,MCTNet_400km2_California_North-1.tif,36
38.49069888360382,-121.74566110051694,MCTNet_400km2_California_North-1.tif,36
38.490609052075406,-121.78887006568308,MCTNet_400km2_California_North-1.tif,36
38.490609052075406,-121.67110093193502,MCTNet_400km2_California_North-1.tif,36
38.49051922054699,-121.71430989710117,MCTNet_400km2_California_North-1.tif,36
38.49042938901858,-121.75751886226732,MCTNet_400km2_California_North-1.tif,36
38.49033955749017,-121.80072782743346,MCTNet_400km2_California_North-1.tif,36
38.49033955749017,-121.6829586936854,MCTNet_400km2_California_North-1.tif,36
38.49024972596176,-121.72616765885155,MCTNet_400km2_California_North-1.tif,36
38.49015989443335,-121.7693766240177,MCTNet_400km2_California_North-1.tif,36
38.490070062904934,-121.81258558918384,MCTNet_400km2_California_North-1.tif,36
38.490070062904934,-121.69481645543578,MCTNet_400km2_California_North-1.tif,36
38.48998023137652,-121.73802542060193,MCTNet_400km2_California_North-1.tif,36
38.48989039984811,-121.78123438576807,MCTNet_400km2_California_North-1.tif,36
38.48989039984811,-121.66346525202,MCTNet_400km2_California_North-1.tif,36
38.4898005683197,-121.70667421718616,MCTNet_400km2_California_North-1.tif,36
38.48971073679129,-121.7498831823523,MCTNet_400km2_California_North-1.tif,36
38.489620905262875,-121.79309214751845,MCTNet_400km2_California_North-1.tif,36
38.489620905262875,-121.67532301377038,MCTNet_400km2_California_North-1.tif,36
38.48953107373446,-121.71853197893654,MCTNet_400km2_California_North-1.tif,36
38.48944124220605,-121.76174094410268,MCTNet_400km2_California_North-1.tif,36
38.489351410677635,-121.80494990926883,MCTNet_400km2_California_North-1.tif,36
38.489351410677635,-121.68718077552076,MCTNet_400km2_California_North-1.tif,36
38.48926157914923,-121.73038974068692,MCTNet_400km2_California_North-1.tif,36
38.489171747620816,-121.77359870585306,MCTNet_400km2_California_North-1.tif,36
38.489171747620816,-121.65582957210499,MCTNet_400km2_California_North-1.tif,36
38.4890819160924,-121.69903853727114,MCTNet_400km2_California_North-1.tif,36
38.48899208456399,-121.7422475024373,MCTNet_400km2_California_North-1.tif,36
38.488902253035576,-121.78545646760344,MCTNet_400km2_California_North-1.tif,36
38.488902253035576,-121.66768733385537,MCTNet_400km2_California_North-1.tif,36
38.48881242150717,-121.71089629902151,MCTNet_400km2_California_North-1.tif,36
38.48872258997876,-121.75410526418767,MCTNet_400km2_California_North-1.tif,36
38.48863275845034,-121.79731422935382,MCTNet_400km2_California_North-1.tif,36
38.48863275845034,-121.67954509560575,MCTNet_400km2_California_North-1.tif,36
38.48854292692193,-121.72275406077189,MCTNet_400km2_California_North-1.tif,36
38.48845309539352,-121.76596302593805,MCTNet_400km2_California_North-1.tif,36
38.488363263865104,-121.8091719911042,MCTNet_400km2_California_North-1.tif,36
38.488363263865104,-121.69140285735612,MCTNet_400km2_California_North-1.tif,36
38.4882734323367,-121.73461182252227,MCTNet_400km2_California_North-1.tif,36
38.488183600808284,-121.77782078768843,MCTNet_400km2_California_North-1.tif,36
38.488183600808284,-121.66005165394036,MCTNet_400km2_California_North-1.tif,36
38.48809376927987,-121.7032606191065,MCTNet_400km2_California_North-1.tif,36
38.48800393775146,-121.74646958427265,MCTNet_400km2_California_North-1.tif,36
38.487914106223045,-121.7896785494388,MCTNet_400km2_California_North-1.tif,36
38.487914106223045,-121.67190941569073,MCTNet_400km2_California_North-1.tif,36
38.48782427469464,-121.71511838085688,MCTNet_400km2_California_North-1.tif,36
38.487734443166225,-121.75832734602302,MCTNet_400km2_California_North-1.tif,36
38.48764461163781,-121.80153631118918,MCTNet_400km2_California_North-1.tif,36
38.48764461163781,-121.68376717744111,MCTNet_400km2_California_North-1.tif,36
38.4875547801094,-121.72697614260726,MCTNet_400km2_California_North-1.tif,36
38.487464948580985,-121.7701851077734,MCTNet_400km2_California_North-1.tif,36
38.48737511705257,-121.81339407293956,MCTNet_400km2_California_North-1.tif,36
38.48737511705257,-121.69562493919149,MCTNet_400km2_California_North-1.tif,36
38.487285285524166,-121.73883390435763,MCTNet_400km2_California_North-1.tif,36
38.48719545399575,-121.78204286952378,MCTNet_400km2_California_North-1.tif,36
38.48719545399575,-121.66427373577571,MCTNet_400km2_California_North-1.tif,36
38.48710562246734,-121.70748270094187,MCTNet_400km2_California_North-1.tif,36
38.487015790938926,-121.75069166610801,MCTNet_400km2_California_North-1.tif,36
38.48692595941051,-121.79390063127416,MCTNet_400km2_California_North-1.tif,36
38.48692595941051,-121.67613149752609,MCTNet_400km2_California_North-1.tif,36
38.48683612788211,-121.71934046269224,MCTNet_400km2_California_North-1.tif,36
38.486746296353694,-121.76254942785839,MCTNet_400km2_California_North-1.tif,36
38.48665646482528,-121.80575839302453,MCTNet_400km2_California_North-1.tif,36
38.48665646482528,-121.68798925927646,MCTNet_400km2_California_North-1.tif,36
38.48656663329687,-121.73119822444262,MCTNet_400km2_California_North-1.tif,36
38.486476801768454,-121.77440718960877,MCTNet_400km2_California_North-1.tif,36
38.486476801768454,-121.6566380558607,MCTNet_400km2_California_North-1.tif,36
38.48638697024004,-121.69984702102684,MCTNet_400km2_California_North-1.tif,36
38.486297138711635,-121.743055986193,MCTNet_400km2_California_North-1.tif,36
38.48620730718322,-121.78626495135914,MCTNet_400km2_California_North-1.tif,36
38.48620730718322,-121.66849581761107,MCTNet_400km2_California_North-1.tif,36
38.48611747565481,-121.71170478277722,MCTNet_400km2_California_North-1.tif,36
38.486027644126395,-121.75491374794338,MCTNet_400km2_California_North-1.tif,36
38.48593781259798,-121.79812271310952,MCTNet_400km2_California_North-1.tif,36
38.48593781259798,-121.68035357936145,MCTNet_400km2_California_North-1.tif,36
38.485847981069575,-121.7235625445276,MCTNet_400km2_California_North-1.tif,36
38.48575814954116,-121.76677150969375,MCTNet_400km2_California_North-1.tif,36
38.48566831801275,-121.8099804748599,MCTNet_400km2_California_North-1.tif,36
38.48566831801275,-121.69221134111183,MCTNet_400km2_California_North-1.tif,36
38.485578486484336,-121.73542030627797,MCTNet_400km2_California_North-1.tif,36
38.48548865495592,-121.77862927144413,MCTNet_400km2_California_North-1.tif,36
38.48548865495592,-121.66086013769606,MCTNet_400km2_California_North-1.tif,36
38.48539882342751,-121.7040691028622,MCTNet_400km2_California_North-1.tif,36
38.4853089918991,-121.74727806802835,MCTNet_400km2_California_North-1.tif,36
38.48521916037069,-121.79048703319451,MCTNet_400km2_California_North-1.tif,36
38.48521916037069,-121.67271789944644,MCTNet_400km2_California_North-1.tif,36
38.48512932884228,-121.71592686461258,MCTNet_400km2_California_North-1.tif,36
38.48503949731386,-121.75913582977874,MCTNet_400km2_California_North-1.tif,36
38.48494966578545,-121.80234479494489,MCTNet_400km2_California_North-1.tif,36
38.48494966578545,-121.68457566119682,MCTNet_400km2_California_North-1.tif,36
38.484859834257044,-121.72778462636296,MCTNet_400km2_California_North-1.tif,36
38.48477000272863,-121.77099359152912,MCTNet_400km2_California_North-1.tif,36
38.48477000272863,-121.65322445778105,MCTNet_400km2_California_North-1.tif,36
38.48468017120022,-121.6964334229472,MCTNet_400km2_California_North-1.tif,36
38.484590339671804,-121.73964238811334,MCTNet_400km2_California_North-1.tif,36
38.48450050814339,-121.7828513532795,MCTNet_400km2_California_North-1.tif,36
38.48450050814339,-121.66508221953143,MCTNet_400km2_California_North-1.tif,36
38.48441067661498,-121.70829118469757,MCTNet_400km2_California_North-1.tif,36
38.48432084508657,-121.75150014986372,MCTNet_400km2_California_North-1.tif,36
38.48423101355816,-121.79470911502987,MCTNet_400km2_California_North-1.tif,36
38.48423101355816,-121.6769399812818,MCTNet_400km2_California_North-1.tif,36
38.484141182029745,-121.72014894644795,MCTNet_400km2_California_North-1.tif,36
38.48405135050133,-121.7633579116141,MCTNet_400km2_California_North-1.tif,36
38.48396151897292,-121.80656687678025,MCTNet_400km2_California_North-1.tif,36
38.48396151897292,-121.68879774303218,MCTNet_400km2_California_North-1.tif,36
38.48387168744451,-121.73200670819833,MCTNet_400km2_California_North-1.tif,36
38.4837818559161,-121.77521567336447,MCTNet_400km2_California_North-1.tif,36
38.4837818559161,-121.6574465396164,MCTNet_400km2_California_North-1.tif,36
38.483692024387686,-121.70065550478256,MCTNet_400km2_California_North-1.tif,36
38.48360219285927,-121.7438644699487,MCTNet_400km2_California_North-1.tif,36
38.48351236133086,-121.78707343511485,MCTNet_400km2_California_North-1.tif,36
38.48351236133086,-121.66930430136678,MCTNet_400km2_California_North-1.tif,36
38.483422529802446,-121.71251326653294,MCTNet_400km2_California_North-1.tif,36
38.48333269827404,-121.75572223169908,MCTNet_400km2_California_North-1.tif,36
38.48324286674563,-121.79893119686523,MCTNet_400km2_California_North-1.tif,36
38.48324286674563,-121.68116206311716,MCTNet_400km2_California_North-1.tif,36
38.483153035217214,-121.72437102828331,MCTNet_400km2_California_North-1.tif,36
38.4830632036888,-121.76757999344946,MCTNet_400km2_California_North-1.tif,36
38.48297337216039,-121.8107889586156,MCTNet_400km2_California_North-1.tif,36
38.48297337216039,-121.69301982486753,MCTNet_400km2_California_North-1.tif,36
38.48288354063198,-121.73622879003369,MCTNet_400km2_California_North-1.tif,36
38.48279370910357,-121.77943775519984,MCTNet_400km2_California_North-1.tif,36
38.48279370910357,-121.66166862145177,MCTNet_400km2_California_North-1.tif,36
38.482703877575155,-121.70487758661791,MCTNet_400km2_California_North-1.tif,36
38.48261404604674,-121.74808655178407,MCTNet_400km2_California_North-1.tif,36
38.48252421451833,-121.79129551695021,MCTNet_400km2_California_North-1.tif,36
38.48252421451833,-121.67352638320214,MCTNet_400km2_California_North-1.tif,36
38.482434382989915,-121.71673534836829,MCTNet_400km2_California_North-1.tif,36
38.48234455146151,-121.75994431353445,MCTNet_400km2_California_North-1.tif,36
38.482254719933096,-121.80315327870059,MCTNet_400km2_California_North-1.tif,36
38.482254719933096,-121.68538414495252,MCTNet_400km2_California_North-1.tif,36
38.48216488840468,-121.72859311011867,MCTNet_400km2_California_North-1.tif,36
38.48207505687627,-121.77180207528482,MCTNet_400km2_California_North-1.tif,36
38.48207505687627,-121.65403294153676,MCTNet_400km2_California_North-1.tif,36
38.481985225347856,-121.6972419067029,MCTNet_400km2_California_North-1.tif,36
38.48189539381945,-121.74045087186904,MCTNet_400km2_California_North-1.tif,36
38.481805562291036,-121.7836598370352,MCTNet_400km2_California_North-1.tif,36
38.481805562291036,-121.66589070328713,MCTNet_400km2_California_North-1.tif,36
38.48171573076262,-121.70909966845328,MCTNet_400km2_California_North-1.tif,36
38.48162589923421,-121.75230863361942,MCTNet_400km2_California_North-1.tif,36
38.4815360677058,-121.79551759878558,MCTNet_400km2_California_North-1.tif,36
38.4815360677058,-121.67774846503751,MCTNet_400km2_California_North-1.tif,36
38.48144623617738,-121.72095743020365,MCTNet_400km2_California_North-1.tif,36
38.48135640464898,-121.7641663953698,MCTNet_400km2_California_North-1.tif,36
38.481266573120564,-121.80737536053596,MCTNet_400km2_California_North-1.tif,36
38.481266573120564,-121.68960622678789,MCTNet_400km2_California_North-1.tif,36
38.48117674159215,-121.73281519195403,MCTNet_400km2_California_North-1.tif,36
38.48108691006374,-121.77602415712018,MCTNet_400km2_California_North-1.tif,36
38.48108691006374,-121.6582550233721,MCTNet_400km2_California_North-1.tif,36
38.480997078535324,-121.70146398853826,MCTNet_400km2_California_North-1.tif,36
38.48090724700692,-121.74467295370441,MCTNet_400km2_California_North-1.tif,36
38.480817415478505,-121.78788191887055,MCTNet_400km2_California_North-1.tif,36
38.480817415478505,-121.67011278512248,MCTNet_400km2_California_North-1.tif,36
38.48072758395009,-121.71332175028864,MCTNet_400km2_California_North-1.tif,36
38.48063775242168,-121.75653071545479,MCTNet_400km2_California_North-1.tif,36
38.480547920893265,-121.79973968062093,MCTNet_400km2_California_North-1.tif,36
38.480547920893265,-121.68197054687286,MCTNet_400km2_California_North-1.tif,36
38.48045808936485,-121.72517951203902,MCTNet_400km2_California_North-1.tif,36
38.480368257836446,-121.76838847720516,MCTNet_400km2_California_North-1.tif,36
38.48027842630803,-121.81159744237131,MCTNet_400km2_California_North-1.tif,36
38.48027842630803,-121.69382830862325,MCTNet_400km2_California_North-1.tif,36
38.48018859477962,-121.7370372737894,MCTNet_400km2_California_North-1.tif,36
38.480098763251206,-121.78024623895554,MCTNet_400km2_California_North-1.tif,36
38.480098763251206,-121.66247710520747,MCTNet_400km2_California_North-1.tif,36
38.48000893172279,-121.70568607037363,MCTNet_400km2_California_North-1.tif,36
38.47991910019439,-121.74889503553977,MCTNet_400km2_California_North-1.tif,36
38.47982926866597,-121.79210400070592,MCTNet_400km2_California_North-1.tif,36
38.47982926866597,-121.67433486695785,MCTNet_400km2_California_North-1.tif,36
38.47973943713756,-121.71754383212401,MCTNet_400km2_California_North-1.tif,36
38.47964960560915,-121.76075279729015,MCTNet_400km2_California_North-1.tif,36
38.479559774080734,-121.8039617624563,MCTNet_400km2_California_North-1.tif,36
38.479559774080734,-121.68619262870823,MCTNet_400km2_California_North-1.tif,36
38.47946994255232,-121.72940159387439,MCTNet_400km2_California_North-1.tif,36
38.479380111023914,-121.77261055904053,MCTNet_400km2_California_North-1.tif,36
38.479380111023914,-121.65484142529246,MCTNet_400km2_California_North-1.tif,36
38.4792902794955,-121.6980503904586,MCTNet_400km2_California_North-1.tif,36
38.47920044796709,-121.74125935562476,MCTNet_400km2_California_North-1.tif,36
38.479110616438675,-121.78446832079091,MCTNet_400km2_California_North-1.tif,36
38.479110616438675,-121.66669918704284,MCTNet_400km2_California_North-1.tif,36
38.47902078491026,-121.70990815220898,MCTNet_400km2_California_North-1.tif,36
38.478930953381855,-121.75311711737514,MCTNet_400km2_California_North-1.tif,36
38.47884112185344,-121.79632608254128,MCTNet_400km2_California_North-1.tif,36
38.47884112185344,-121.67855694879322,MCTNet_400km2_California_North-1.tif,36
38.47875129032503,-121.72176591395936,MCTNet_400km2_California_North-1.tif,36
38.478661458796616,-121.76497487912552,MCTNet_400km2_California_North-1.tif,36
38.4785716272682,-121.80818384429166,MCTNet_400km2_California_North-1.tif,36
38.4785716272682,-121.69041471054359,MCTNet_400km2_California_North-1.tif,36
38.47848179573979,-121.73362367570974,MCTNet_400km2_California_North-1.tif,36
38.47839196421138,-121.7768326408759,MCTNet_400km2_California_North-1.tif,36
38.47839196421138,-121.65906350712783,MCTNet_400km2_California_North-1.tif,36
38.47830213268297,-121.70227247229397,MCTNet_400km2_California_North-1.tif,36
38.47821230115456,-121.74548143746011,MCTNet_400km2_California_North-1.tif,36
38.47812246962614,-121.78869040262627,MCTNet_400km2_California_North-1.tif,36
38.47812246962614,-121.6709212688782,MCTNet_400km2_California_North-1.tif,36
38.47803263809773,-121.71413023404435,MCTNet_400km2_California_North-1.tif,36
38.477942806569324,-121.75733919921049,MCTNet_400km2_California_North-1.tif,36
38.47785297504091,-121.80054816437665,MCTNet_400km2_California_North-1.tif,36
38.47785297504091,-121.68277903062858,MCTNet_400km2_California_North-1.tif,36
38.4777631435125,-121.72598799579472,MCTNet_400km2_California_North-1.tif,36
38.477673311984084,-121.76919696096087,MCTNet_400km2_California_North-1.tif,36
38.47758348045567,-121.81240592612703,MCTNet_400km2_California_North-1.tif,36
38.47758348045567,-121.69463679237896,MCTNet_400km2_California_North-1.tif,36
38.47749364892726,-121.7378457575451,MCTNet_400km2_California_North-1.tif,36
38.47740381739885,-121.78105472271125,MCTNet_400km2_California_North-1.tif,36
38.47740381739885,-121.66328558896318,MCTNet_400km2_California_North-1.tif,36
38.47731398587044,-121.70649455412934,MCTNet_400km2_California_North-1.tif,36
38.477224154342025,-121.74970351929548,MCTNet_400km2_California_North-1.tif,36
38.47713432281361,-121.79291248446162,MCTNet_400km2_California_North-1.tif,36
38.47713432281361,-121.67514335071355,MCTNet_400km2_California_North-1.tif,36
38.4770444912852,-121.71835231587971,MCTNet_400km2_California_North-1.tif,36
38.47695465975679,-121.76156128104586,MCTNet_400km2_California_North-1.tif,36
38.47686482822838,-121.804770246212,MCTNet_400km2_California_North-1.tif,36
38.47686482822838,-121.68700111246393,MCTNet_400km2_California_North-1.tif,36
38.476774996699966,-121.73021007763009,MCTNet_400km2_California_North-1.tif,36
38.47668516517155,-121.77341904279623,MCTNet_400km2_California_North-1.tif,36
38.47668516517155,-121.65564990904817,MCTNet_400km2_California_North-1.tif,36
38.47659533364314,-121.69885887421431,MCTNet_400km2_California_North-1.tif,36
38.476505502114726,-121.74206783938047,MCTNet_400km2_California_North-1.tif,36
38.47641567058632,-121.78527680454661,MCTNet_400km2_California_North-1.tif,36
38.47641567058632,-121.66750767079854,MCTNet_400km2_California_North-1.tif,36
38.47632583905791,-121.71071663596469,MCTNet_400km2_California_North-1.tif,36
38.476236007529494,-121.75392560113085,MCTNet_400km2_California_North-1.tif,36
38.47614617600108,-121.79713456629699,MCTNet_400km2_California_North-1.tif,36
38.47614617600108,-121.67936543254892,MCTNet_400km2_California_North-1.tif,36
38.47605634447267,-121.72257439771506,MCTNet_400km2_California_North-1.tif,36
38.475966512944254,-121.76578336288122,MCTNet_400km2_California_North-1.tif,36
38.47587668141585,-121.80899232804737,MCTNet_400km2_California_North-1.tif,36
38.47587668141585,-121.6912231942993,MCTNet_400km2_California_North-1.tif,36
38.475786849887434,-121.73443215946544,MCTNet_400km2_California_North-1.tif,36
38.47569701835902,-121.7776411246316,MCTNet_400km2_California_North-1.tif,36
38.47569701835902,-121.65987199088353,MCTNet_400km2_California_North-1.tif,36
38.47560718683061,-121.70308095604967,MCTNet_400km2_California_North-1.tif,36
38.475517355302195,-121.74628992121582,MCTNet_400km2_California_North-1.tif,36
38.47542752377379,-121.78949888638198,MCTNet_400km2_California_North-1.tif,36
38.47542752377379,-121.67172975263391,MCTNet_400km2_California_North-1.tif,36
38.475337692245375,-121.71493871780005,MCTNet_400km2_California_North-1.tif,36
38.47524786071696,-121.75814768296621,MCTNet_400km2_California_North-1.tif,36
38.47515802918855,-121.80135664813236,MCTNet_400km2_California_North-1.tif,36
38.47515802918855,-121.68358751438429,MCTNet_400km2_California_North-1.tif,36
38.475068197660136,-121.72679647955043,MCTNet_400km2_California_North-1.tif,36
38.47497836613172,-121.77000544471659,MCTNet_400km2_California_North-1.tif,36
38.474888534603316,-121.81321440988273,MCTNet_400km2_California_North-1.tif,36
38.474888534603316,-121.69544527613466,MCTNet_400km2_California_North-1.tif,36
38.4747987030749,-121.73865424130081,MCTNet_400km2_California_North-1.tif,36
38.47470887154649,-121.78186320646697,MCTNet_400km2_California_North-1.tif,36
38.47470887154649,-121.6640940727189,MCTNet_400km2_California_North-1.tif,36
38.47461904001808,-121.70730303788504,MCTNet_400km2_California_North-1.tif,36
38.47452920848966,-121.75051200305118,MCTNet_400km2_California_North-1.tif,36
38.47443937696126,-121.79372096821734,MCTNet_400km2_California_North-1.tif,36
38.47443937696126,-121.67595183446927,MCTNet_400km2_California_North-1.tif,36
38.474349545432844,-121.71916079963542,MCTNet_400km2_California_North-1.tif,36
38.47425971390443,-121.76236976480156,MCTNet_400km2_California_North-1.tif,36
38.47416988237602,-121.80557872996772,MCTNet_400km2_California_North-1.tif,36
38.47416988237602,-121.68780959621965,MCTNet_400km2_California_North-1.tif,36
38.474080050847604,-121.7310185613858,MCTNet_400km2_California_North-1.tif,36
38.47399021931919,-121.77422752655194,MCTNet_400km2_California_North-1.tif,36
38.47399021931919,-121.65645839280387,MCTNet_400km2_California_North-1.tif,36
38.473900387790785,-121.69966735797003,MCTNet_400km2_California_North-1.tif,36
38.47381055626237,-121.74287632313617,MCTNet_400km2_California_North-1.tif,36
38.47372072473396,-121.78608528830232,MCTNet_400km2_California_North-1.tif,36
38.47372072473396,-121.66831615455425,MCTNet_400km2_California_North-1.tif,36
38.473630893205545,-121.7115251197204,MCTNet_400km2_California_North-1.tif,36
38.47354106167713,-121.75473408488655,MCTNet_400km2_California_North-1.tif,36
38.473451230148726,-121.7979430500527,MCTNet_400km2_California_North-1.tif,36
38.473451230148726,-121.68017391630462,MCTNet_400km2_California_North-1.tif,36
38.47336139862031,-121.72338288147078,MCTNet_400km2_California_North-1.tif,36
38.4732715670919,-121.76659184663693,MCTNet_400km2_California_North-1.tif,36
38.473181735563486,-121.80980081180307,MCTNet_400km2_California_North-1.tif,36
38.473181735563486,-121.692031678055,MCTNet_400km2_California_North-1.tif,36
38.47309190403507,-121.73524064322116,MCTNet_400km2_California_North-1.tif,36
38.47300207250666,-121.7784496083873,MCTNet_400km2_California_North-1.tif,36
38.47300207250666,-121.66068047463924,MCTNet_400km2_California_North-1.tif,36
38.47291224097825,-121.70388943980538,MCTNet_400km2_California_North-1.tif,36
38.47282240944984,-121.74709840497154,MCTNet_400km2_California_North-1.tif,36
38.47273257792143,-121.79030737013768,MCTNet_400km2_California_North-1.tif,36
38.47273257792143,-121.67253823638961,MCTNet_400km2_California_North-1.tif,36
38.472642746393014,-121.71574720155576,MCTNet_400km2_California_North-1.tif,36
38.4725529148646,-121.75895616672192,MCTNet_400km2_California_North-1.tif,36
38.472463083336194,-121.80216513188806,MCTNet_400km2_California_North-1.tif,36
38.472463083336194,-121.68439599813999,MCTNet_400km2_California_North-1.tif,36
38.47237325180778,-121.72760496330613,MCTNet_400km2_California_North-1.tif,36
38.47228342027937,-121.7708139284723,MCTNet_400km2_California_North-1.tif,36
38.472193588750955,-121.81402289363844,MCTNet_400km2_California_North-1.tif,36
38.472193588750955,-121.69625375989037,MCTNet_400km2_California_North-1.tif,36
38.47210375722254,-121.73946272505651,MCTNet_400km2_California_North-1.tif,36
38.47201392569413,-121.78267169022267,MCTNet_400km2_California_North-1.tif,36
38.47201392569413,-121.6649025564746,MCTNet_400km2_California_North-1.tif,36
38.47192409416572,-121.70811152164075,MCTNet_400km2_California_North-1.tif,36
38.47183426263731,-121.75132048680689,MCTNet_400km2_California_North-1.tif,36
38.471744431108895,-121.79452945197305,MCTNet_400km2_California_North-1.tif,36
38.471744431108895,-121.67676031822498,MCTNet_400km2_California_North-1.tif,36
38.47165459958048,-121.71996928339112,MCTNet_400km2_California_North-1.tif,36
38.47156476805207,-121.76317824855727,MCTNet_400km2_California_North-1.tif,36
38.47147493652366,-121.80638721372343,MCTNet_400km2_California_North-1.tif,36
38.47147493652366,-121.68861807997536,MCTNet_400km2_California_North-1.tif,36
38.47138510499525,-121.7318270451415,MCTNet_400km2_California_North-1.tif,36
38.471295273466836,-121.77503601030764,MCTNet_400km2_California_North-1.tif,36
38.471295273466836,-121.65726687655958,MCTNet_400km2_California_North-1.tif,36
38.47120544193842,-121.70047584172573,MCTNet_400km2_California_North-1.tif,36
38.47111561041001,-121.74368480689188,MCTNet_400km2_California_North-1.tif,36
38.4710257788816,-121.78689377205802,MCTNet_400km2_California_North-1.tif,36
38.4710257788816,-121.66912463830995,MCTNet_400km2_California_North-1.tif,36
38.47093594735319,-121.71233360347611,MCTNet_400km2_California_North-1.tif,36
38.47084611582478,-121.75554256864226,MCTNet_400km2_California_North-1.tif,36
38.470756284296364,-121.7987515338084,MCTNet_400km2_California_North-1.tif,36
38.470756284296364,-121.68098240006033,MCTNet_400km2_California_North-1.tif,36
38.47066645276795,-121.72419136522649,MCTNet_400km2_California_North-1.tif,36
38.47057662123954,-121.76740033039263,MCTNet_400km2_California_North-1.tif,36
38.47048678971113,-121.81060929555878,MCTNet_400km2_California_North-1.tif,36
38.47048678971113,-121.69284016181072,MCTNet_400km2_California_North-1.tif,36
38.47039695818272,-121.73604912697687,MCTNet_400km2_California_North-1.tif,36
38.470307126654305,-121.77925809214301,MCTNet_400km2_California_North-1.tif,36
38.470307126654305,-121.66148895839494,MCTNet_400km2_California_North-1.tif,36
38.47021729512589,-121.7046979235611,MCTNet_400km2_California_North-1.tif,36
38.47012746359748,-121.74790688872724,MCTNet_400km2_California_North-1.tif,36
38.470037632069065,-121.79111585389339,MCTNet_400km2_California_North-1.tif,36
38.470037632069065,-121.67334672014532,MCTNet_400km2_California_North-1.tif,36
38.46994780054066,-121.71655568531148,MCTNet_400km2_California_North-1.tif,36
38.469857969012246,-121.75976465047762,MCTNet_400km2_California_North-1.tif,36
38.46976813748383,-121.80297361564377,MCTNet_400km2_California_North-1.tif,36
38.46976813748383,-121.6852044818957,MCTNet_400km2_California_North-1.tif,36
38.46967830595542,-121.72841344706185,MCTNet_400km2_California_North-1.tif,36
38.469588474427006,-121.771622412228,MCTNet_400km2_California_North-1.tif,36
38.469588474427006,-121.65385327847993,MCTNet_400km2_California_North-1.tif,36
38.4694986428986,-121.69706224364607,MCTNet_400km2_California_North-1.tif,36
38.46940881137019,-121.74027120881223,MCTNet_400km2_California_North-1.tif,36
38.46931897984177,-121.78348017397838,MCTNet_400km2_California_North-1.tif,36
38.46931897984177,-121.6657110402303,MCTNet_400km2_California_North-1.tif,36
38.46922914831336,-121.70892000539645,MCTNet_400km2_California_North-1.tif,36
38.46913931678495,-121.75212897056261,MCTNet_400km2_California_North-1.tif,36
38.469049485256534,-121.79533793572875,MCTNet_400km2_California_North-1.tif,36
38.469049485256534,-121.67756880198068,MCTNet_400km2_California_North-1.tif,36
38.46895965372813,-121.72077776714683,MCTNet_400km2_California_North-1.tif,36
38.468869822199714,-121.76398673231299,MCTNet_400km2_California_North-1.tif,36
38.4687799906713,-121.80719569747913,MCTNet_400km2_California_North-1.tif,36
38.4687799906713,-121.68942656373106,MCTNet_400km2_California_North-1.tif,36
38.46869015914289,-121.7326355288972,MCTNet_400km2_California_North-1.tif,36
38.468600327614475,-121.77584449406336,MCTNet_400km2_California_North-1.tif,36
38.468600327614475,-121.6580753603153,MCTNet_400km2_California_North-1.tif,36
38.46851049608607,-121.70128432548144,MCTNet_400km2_California_North-1.tif,36
38.468420664557655,-121.74449329064758,MCTNet_400km2_California_North-1.tif,36
38.46833083302924,-121.78770225581374,MCTNet_400km2_California_North-1.tif,36
38.46833083302924,-121.66993312206567,MCTNet_400km2_California_North-1.tif,36
38.46824100150083,-121.71314208723182,MCTNet_400km2_California_North-1.tif,36
38.468151169972415,-121.75635105239796,MCTNet_400km2_California_North-1.tif,36
38.468061338444,-121.79956001756412,MCTNet_400km2_California_North-1.tif,36
38.468061338444,-121.68179088381605,MCTNet_400km2_California_North-1.tif,36
38.467971506915596,-121.7249998489822,MCTNet_400km2_California_North-1.tif,36
38.46788167538718,-121.76820881414834,MCTNet_400km2_California_North-1.tif,36
38.46779184385877,-121.8114177793145,MCTNet_400km2_California_North-1.tif,36
38.46779184385877,-121.69364864556643,MCTNet_400km2_California_North-1.tif,36
38.467702012330356,-121.73685761073257,MCTNet_400km2_California_North-1.tif,36
38.46761218080194,-121.78006657589872,MCTNet_400km2_California_North-1.tif,36
38.46761218080194,-121.66229744215065,MCTNet_400km2_California_North-1.tif,36
38.46752234927354,-121.7055064073168,MCTNet_400km2_California_North-1.tif,36
38.467432517745124,-121.74871537248295,MCTNet_400km2_California_North-1.tif,36
38.46734268621671,-121.79192433764909,MCTNet_400km2_California_North-1.tif,36
38.46734268621671,-121.67415520390102,MCTNet_400km2_California_North-1.tif,36
38.4672528546883,-121.71736416906718,MCTNet_400km2_California_North-1.tif,36
38.467163023159884,-121.76057313423333,MCTNet_400km2_California_North-1.tif,36
38.46707319163147,-121.80378209939947,MCTNet_400km2_California_North-1.tif,36
38.46707319163147,-121.6860129656514,MCTNet_400km2_California_North-1.tif,36
38.466983360103065,-121.72922193081756,MCTNet_400km2_California_North-1.tif,36
38.46689352857465,-121.7724308959837,MCTNet_400km2_California_North-1.tif,36
38.46689352857465,-121.65466176223563,MCTNet_400km2_California_North-1.tif,36
38.46680369704624,-121.69787072740178,MCTNet_400km2_California_North-1.tif,36
38.466713865517825,-121.74107969256794,MCTNet_400km2_California_North-1.tif,36
38.46662403398941,-121.78428865773408,MCTNet_400km2_California_North-1.tif,36
38.46662403398941,-121.66651952398601,MCTNet_400km2_California_North-1.tif,36
38.466534202461006,-121.70972848915216,MCTNet_400km2_California_North-1.tif,36
38.46644437093259,-121.75293745431831,MCTNet_400km2_California_North-1.tif,36
38.46635453940418,-121.79614641948446,MCTNet_400km2_California_North-1.tif,36
38.46635453940418,-121.67837728573639,MCTNet_400km2_California_North-1.tif,36
38.466264707875766,-121.72158625090253,MCTNet_400km2_California_North-1.tif,36
38.46617487634735,-121.76479521606869,MCTNet_400km2_California_North-1.tif,36
38.46608504481894,-121.80800418123484,MCTNet_400km2_California_North-1.tif,36
38.46608504481894,-121.69023504748677,MCTNet_400km2_California_North-1.tif,36
38.46599521329053,-121.73344401265291,MCTNet_400km2_California_North-1.tif,36
38.46590538176212,-121.77665297781907,MCTNet_400km2_California_North-1.tif,36
38.46590538176212,-121.658883844071,MCTNet_400km2_California_North-1.tif,36
38.46581555023371,-121.70209280923714,MCTNet_400km2_California_North-1.tif,36
38.46572571870529,-121.74530177440329,MCTNet_400km2_California_North-1.tif,36
38.46563588717688,-121.78851073956945,MCTNet_400km2_California_North-1.tif,36
38.46563588717688,-121.67074160582138,MCTNet_400km2_California_North-1.tif,36
38.465546055648474,-121.71395057098752,MCTNet_400km2_California_North-1.tif,36
38.46545622412006,-121.75715953615368,MCTNet_400km2_California_North-1.tif,36
38.46536639259165,-121.80036850131982,MCTNet_400km2_California_North-1.tif,36
38.46536639259165,-121.68259936757175,MCTNet_400km2_California_North-1.tif,36
38.465276561063234,-121.7258083327379,MCTNet_400km2_California_North-1.tif,36
38.46518672953482,-121.76901729790406,MCTNet_400km2_California_North-1.tif,36
38.46509689800641,-121.8122262630702,MCTNet_400km2_California_North-1.tif,36
38.46509689800641,-121.69445712932213,MCTNet_400km2_California_North-1.tif,36
38.465007066478,-121.73766609448828,MCTNet_400km2_California_North-1.tif,36
38.46491723494959,-121.78087505965443,MCTNet_400km2_California_North-1.tif,36
38.46491723494959,-121.66310592590636,MCTNet_400km2_California_North-1.tif,36
38.464827403421175,-121.70631489107251,MCTNet_400km2_California_North-1.tif,36
38.46473757189276,-121.74952385623865,MCTNet_400km2_California_North-1.tif,36
38.46464774036435,-121.79273282140481,MCTNet_400km2_California_North-1.tif,36
38.46464774036435,-121.67496368765674,MCTNet_400km2_California_North-1.tif,36
38.46455790883594,-121.71817265282289,MCTNet_400km2_California_North-1.tif,36
38.46446807730753,-121.76138161798903,MCTNet_400km2_California_North-1.tif,36
38.464378245779116,-121.80459058315519,MCTNet_400km2_California_North-1.tif,36
38.464378245779116,-121.68682144940712,MCTNet_400km2_California_North-1.tif,36
38.4642884142507,-121.73003041457326,MCTNet_400km2_California_North-1.tif,36
38.46419858272229,-121.77323937973941,MCTNet_400km2_California_North-1.tif,36
38.46419858272229,-121.65547024599134,MCTNet_400km2_California_North-1.tif,36
38.464108751193876,-121.6986792111575,MCTNet_400km2_California_North-1.tif,36
38.46401891966547,-121.74188817632364,MCTNet_400km2_California_North-1.tif,36
38.46392908813706,-121.78509714148979,MCTNet_400km2_California_North-1.tif,36
38.46392908813706,-121.66732800774172,MCTNet_400km2_California_North-1.tif,36
38.463839256608644,-121.71053697290787,MCTNet_400km2_California_North-1.tif,36
38.46374942508023,-121.75374593807402,MCTNet_400km2_California_North-1.tif,36
38.46365959355182,-121.79695490324016,MCTNet_400km2_California_North-1.tif,36
38.46365959355182,-121.6791857694921,MCTNet_400km2_California_North-1.tif,36
38.46356976202341,-121.72239473465825,MCTNet_400km2_California_North-1.tif,36
38.463479930495,-121.7656036998244,MCTNet_400km2_California_North-1.tif,36
38.463390098966585,-121.80881266499054,MCTNet_400km2_California_North-1.tif,36
38.463390098966585,-121.69104353124247,MCTNet_400km2_California_North-1.tif,36
38.46330026743817,-121.73425249640863,MCTNet_400km2_California_North-1.tif,36
38.46321043590976,-121.77746146157477,MCTNet_400km2_California_North-1.tif,36
38.46321043590976,-121.6596923278267,MCTNet_400km2_California_North-1.tif,36
38.463120604381345,-121.70290129299285,MCTNet_400km2_California_North-1.tif,36
38.46303077285294,-121.746110258159,MCTNet_400km2_California_North-1.tif,36
38.462940941324526,-121.78931922332515,MCTNet_400km2_California_North-1.tif,36
38.462940941324526,-121.67155008957708,MCTNet_400km2_California_North-1.tif,36
38.46285110979611,-121.71475905474323,MCTNet_400km2_California_North-1.tif,36
38.4627612782677,-121.75796801990938,MCTNet_400km2_California_North-1.tif,36
38.462671446739286,-121.80117698507553,MCTNet_400km2_California_North-1.tif,36
38.462671446739286,-121.68340785132746,MCTNet_400km2_California_North-1.tif,36
38.46258161521088,-121.7266168164936,MCTNet_400km2_California_North-1.tif,36
38.46249178368247,-121.76982578165976,MCTNet_400km2_California_North-1.tif,36
38.46240195215405,-121.8130347468259,MCTNet_400km2_California_North-1.tif,36
38.46240195215405,-121.69526561307784,MCTNet_400km2_California_North-1.tif,36
38.46231212062564,-121.73847457824398,MCTNet_400km2_California_North-1.tif,36
38.46222228909723,-121.78168354341014,MCTNet_400km2_California_North-1.tif,36
38.46222228909723,-121.66391440966207,MCTNet_400km2_California_North-1.tif,36
38.46213245756881,-121.70712337482821,MCTNet_400km2_California_North-1.tif,36
38.46204262604041,-121.75033233999436,MCTNet_400km2_California_North-1.tif,36
38.461952794511994,-121.79354130516052,MCTNet_400km2_California_North-1.tif,36
38.461952794511994,-121.67577217141245,MCTNet_400km2_California_North-1.tif,36
38.46186296298358,-121.71898113657859,MCTNet_400km2_California_North-1.tif,36
38.46177313145517,-121.76219010174474,MCTNet_400km2_California_North-1.tif,36
38.461683299926754,-121.8053990669109,MCTNet_400km2_California_North-1.tif,36
38.461683299926754,-121.68762993316282,MCTNet_400km2_California_North-1.tif,36
38.46159346839835,-121.73083889832897,MCTNet_400km2_California_North-1.tif,36
38.461503636869935,-121.77404786349511,MCTNet_400km2_California_North-1.tif,36
38.461503636869935,-121.65627872974704,MCTNet_400km2_California_North-1.tif,36
38.46141380534152,-121.6994876949132,MCTNet_400km2_California_North-1.tif,36
38.46132397381311,-121.74269666007935,MCTNet_400km2_California_North-1.tif,36
38.461234142284695,-121.78590562524549,MCTNet_400km2_California_North-1.tif,36
38.461234142284695,-121.66813649149742,MCTNet_400km2_California_North-1.tif,36
38.46114431075628,-121.71134545666358,MCTNet_400km2_California_North-1.tif,36
38.461054479227876,-121.75455442182972,MCTNet_400km2_California_North-1.tif,36
38.46096464769946,-121.79776338699587,MCTNet_400km2_California_North-1.tif,36
38.46096464769946,-121.6799942532478,MCTNet_400km2_California_North-1.tif,36
38.46087481617105,-121.72320321841396,MCTNet_400km2_California_North-1.tif,36
38.460784984642636,-121.7664121835801,MCTNet_400km2_California_North-1.tif,36
38.46069515311422,-121.80962114874625,MCTNet_400km2_California_North-1.tif,36
38.46069515311422,-121.69185201499819,MCTNet_400km2_California_North-1.tif,36
38.46060532158582,-121.73506098016433,MCTNet_400km2_California_North-1.tif,36
38.460515490057404,-121.77826994533048,MCTNet_400km2_California_North-1.tif,36
38.460515490057404,-121.66050081158241,MCTNet_400km2_California_North-1.tif,36
38.46042565852899,-121.70370977674857,MCTNet_400km2_California_North-1.tif,36
38.46033582700058,-121.74691874191471,MCTNet_400km2_California_North-1.tif,36
38.460245995472164,-121.79012770708086,MCTNet_400km2_California_North-1.tif,36
38.460245995472164,-121.67235857333279,MCTNet_400km2_California_North-1.tif,36
38.46015616394375,-121.71556753849895,MCTNet_400km2_California_North-1.tif,36
38.460066332415344,-121.75877650366509,MCTNet_400km2_California_North-1.tif,36
38.45997650088693,-121.80198546883123,MCTNet_400km2_California_North-1.tif,36
38.45997650088693,-121.68421633508316,MCTNet_400km2_California_North-1.tif,36
38.45988666935852,-121.72742530024932,MCTNet_400km2_California_North-1.tif,36
38.459796837830105,-121.77063426541547,MCTNet_400km2_California_North-1.tif,36
38.45970700630169,-121.81384323058161,MCTNet_400km2_California_North-1.tif,36
38.45970700630169,-121.69607409683354,MCTNet_400km2_California_North-1.tif,36
38.459617174773285,-121.7392830619997,MCTNet_400km2_California_North-1.tif,36
38.45952734324487,-121.78249202716584,MCTNet_400km2_California_North-1.tif,36
38.45952734324487,-121.66472289341777,MCTNet_400km2_California_North-1.tif,36
38.45943751171646,-121.70793185858392,MCTNet_400km2_California_North-1.tif,36
38.459347680188046,-121.75114082375008,MCTNet_400km2_California_North-1.tif,36
38.45925784865963,-121.79434978891622,MCTNet_400km2_California_North-1.tif,36
38.45925784865963,-121.67658065516815,MCTNet_400km2_California_North-1.tif,36
38.45916801713122,-121.7197896203343,MCTNet_400km2_California_North-1.tif,36
38.45907818560281,-121.76299858550045,MCTNet_400km2_California_North-1.tif,36
38.4589883540744,-121.8062075506666,MCTNet_400km2_California_North-1.tif,36
38.4589883540744,-121.68843841691853,MCTNet_400km2_California_North-1.tif,36
38.45889852254599,-121.73164738208467,MCTNet_400km2_California_North-1.tif,36
38.45880869101757,-121.77485634725083,MCTNet_400km2_California_North-1.tif,36
38.45880869101757,-121.65708721350276,MCTNet_400km2_California_North-1.tif,36
38.45871885948916,-121.7002961786689,MCTNet_400km2_California_North-1.tif,36
38.458629027960754,-121.74350514383505,MCTNet_400km2_California_North-1.tif,36
38.45853919643234,-121.78671410900121,MCTNet_400km2_California_North-1.tif,36
38.45853919643234,-121.66894497525314,MCTNet_400km2_California_North-1.tif,36
38.45844936490393,-121.71215394041928,MCTNet_400km2_California_North-1.tif,36
38.458359533375514,-121.75536290558543,MCTNet_400km2_California_North-1.tif,36
38.4582697018471,-121.79857187075159,MCTNet_400km2_California_North-1.tif,36
38.4582697018471,-121.68080273700352,MCTNet_400km2_California_North-1.tif,36
38.45817987031869,-121.72401170216966,MCTNet_400km2_California_North-1.tif,36
38.45809003879028,-121.7672206673358,MCTNet_400km2_California_North-1.tif,36
38.45800020726187,-121.81042963250196,MCTNet_400km2_California_North-1.tif,36
38.45800020726187,-121.6926604987539,MCTNet_400km2_California_North-1.tif,36
38.457910375733455,-121.73586946392004,MCTNet_400km2_California_North-1.tif,36
38.45782054420504,-121.77907842908618,MCTNet_400km2_California_North-1.tif,36
38.45782054420504,-121.66130929533811,MCTNet_400km2_California_North-1.tif,36
38.45773071267663,-121.70451826050427,MCTNet_400km2_California_North-1.tif,36
38.45764088114822,-121.74772722567042,MCTNet_400km2_California_North-1.tif,36
38.45755104961981,-121.79093619083656,MCTNet_400km2_California_North-1.tif,36
38.45755104961981,-121.67316705708849,MCTNet_400km2_California_North-1.tif,36
38.457461218091396,-121.71637602225465,MCTNet_400km2_California_North-1.tif,36
38.45737138656298,-121.7595849874208,MCTNet_400km2_California_North-1.tif,36
38.45728155503457,-121.80279395258694,MCTNet_400km2_California_North-1.tif,36
38.45728155503457,-121.68502481883887,MCTNet_400km2_California_North-1.tif,36
38.457191723506156,-121.72823378400503,MCTNet_400km2_California_North-1.tif,36
38.45710189197775,-121.77144274917117,MCTNet_400km2_California_North-1.tif,36
38.45710189197775,-121.6536736154231,MCTNet_400km2_California_North-1.tif,36
38.45701206044934,-121.69688258058925,MCTNet_400km2_California_North-1.tif,36
38.456922228920924,-121.7400915457554,MCTNet_400km2_California_North-1.tif,36
38.45683239739251,-121.78330051092155,MCTNet_400km2_California_North-1.tif,36
38.45683239739251,-121.66553137717348,MCTNet_400km2_California_North-1.tif,36
38.4567425658641,-121.70874034233962,MCTNet_400km2_California_North-1.tif,36
38.45665273433569,-121.75194930750578,MCTNet_400km2_California_North-1.tif,36
38.45656290280728,-121.79515827267193,MCTNet_400km2_California_North-1.tif,36
38.45656290280728,-121.67738913892386,MCTNet_400km2_California_North-1.tif,36
38.456473071278864,-121.72059810409,MCTNet_400km2_California_North-1.tif,36
38.45638323975045,-121.76380706925616,MCTNet_400km2_California_North-1.tif,36
38.45629340822204,-121.8070160344223,MCTNet_400km2_California_North-1.tif,36
38.45629340822204,-121.68924690067423,MCTNet_400km2_California_North-1.tif,36
38.456203576693625,-121.73245586584038,MCTNet_400km2_California_North-1.tif,36
38.45611374516522,-121.77566483100654,MCTNet_400km2_California_North-1.tif,36
38.45611374516522,-121.65789569725847,MCTNet_400km2_California_North-1.tif,36
38.456023913636805,-121.70110466242461,MCTNet_400km2_California_North-1.tif,36
38.45593408210839,-121.74431362759076,MCTNet_400km2_California_North-1.tif,36
38.45584425057998,-121.78752259275691,MCTNet_400km2_California_North-1.tif,36
38.45584425057998,-121.66975345900885,MCTNet_400km2_California_North-1.tif,36
38.455754419051566,-121.71296242417499,MCTNet_400km2_California_North-1.tif,36
38.45566458752316,-121.75617138934115,MCTNet_400km2_California_North-1.tif,36
38.455574755994746,-121.79938035450729,MCTNet_400km2_California_North-1.tif,36
38.455574755994746,-121.68161122075922,MCTNet_400km2_California_North-1.tif,36
38.45548492446633,-121.72482018592537,MCTNet_400km2_California_North-1.tif,36
38.45539509293792,-121.76802915109153,MCTNet_400km2_California_North-1.tif,36
38.45530526140951,-121.81123811625767,MCTNet_400km2_California_North-1.tif,36
38.45530526140951,-121.6934689825096,MCTNet_400km2_California_North-1.tif,36
38.45521542988109,-121.73667794767574,MCTNet_400km2_California_North-1.tif,36
38.45512559835269,-121.7798869128419,MCTNet_400km2_California_North-1.tif,36
38.45512559835269,-121.66211777909383,MCTNet_400km2_California_North-1.tif,36
38.455035766824274,-121.70532674425998,MCTNet_400km2_California_North-1.tif,36
38.45494593529586,-121.74853570942612,MCTNet_400km2_California_North-1.tif,36
38.45485610376745,-121.79174467459228,MCTNet_400km2_California_North-1.tif,36
38.45485610376745,-121.67397554084421,MCTNet_400km2_California_North-1.tif,36
38.454766272239034,-121.71718450601035,MCTNet_400km2_California_North-1.tif,36
38.45467644071063,-121.7603934711765,MCTNet_400km2_California_North-1.tif,36
38.454586609182215,-121.80360243634266,MCTNet_400km2_California_North-1.tif,36
38.454586609182215,-121.68583330259459,MCTNet_400km2_California_North-1.tif,36
38.4544967776538,-121.72904226776073,MCTNet_400km2_California_North-1.tif,36
38.45440694612539,-121.77225123292688,MCTNet_400km2_California_North-1.tif,36
38.45440694612539,-121.65448209917881,MCTNet_400km2_California_North-1.tif,36
38.454317114596975,-121.69769106434497,MCTNet_400km2_California_North-1.tif,36
38.45422728306856,-121.74090002951111,MCTNet_400km2_California_North-1.tif,36
38.454137451540156,-121.78410899467725,MCTNet_400km2_California_North-1.tif,36
38.454137451540156,-121.66633986092918,MCTNet_400km2_California_North-1.tif,36
38.45404762001174,-121.70954882609534,MCTNet_400km2_California_North-1.tif,36
38.45395778848333,-121.75275779126149,MCTNet_400km2_California_North-1.tif,36
38.453867956954916,-121.79596675642763,MCTNet_400km2_California_North-1.tif,36
38.453867956954916,-121.67819762267956,MCTNet_400km2_California_North-1.tif,36
38.4537781254265,-121.72140658784572,MCTNet_400km2_California_North-1.tif,36
38.4536882938981,-121.76461555301186,MCTNet_400km2_California_North-1.tif,36
38.45359846236968,-121.80782451817801,MCTNet_400km2_California_North-1.tif,36
38.45359846236968,-121.69005538442994,MCTNet_400km2_California_North-1.tif,36
38.45350863084127,-121.7332643495961,MCTNet_400km2_California_North-1.tif,36
38.45341879931286,-121.77647331476224,MCTNet_400km2_California_North-1.tif,36
38.45341879931286,-121.65870418101417,MCTNet_400km2_California_North-1.tif,36
38.453328967784444,-121.70191314618032,MCTNet_400km2_California_North-1.tif,36
38.45323913625603,-121.74512211134648,MCTNet_400km2_California_North-1.tif,36
38.453149304727624,-121.78833107651262,MCTNet_400km2_California_North-1.tif,36
38.453149304727624,-121.67056194276455,MCTNet_400km2_California_North-1.tif,36
38.45305947319921,-121.7137709079307,MCTNet_400km2_California_North-1.tif,36
38.4529696416708,-121.75697987309685,MCTNet_400km2_California_North-1.tif,36
38.452879810142385,-121.800188838263,MCTNet_400km2_California_North-1.tif,36
38.452879810142385,-121.68241970451493,MCTNet_400km2_California_North-1.tif,36
38.45278997861397,-121.72562866968107,MCTNet_400km2_California_North-1.tif,36
38.452700147085565,-121.76883763484723,MCTNet_400km2_California_North-1.tif,36
38.45261031555715,-121.81204660001337,MCTNet_400km2_California_North-1.tif,36
38.45261031555715,-121.6942774662653,MCTNet_400km2_California_North-1.tif,36
38.45252048402874,-121.73748643143145,MCTNet_400km2_California_North-1.tif,36
38.452430652500325,-121.78069539659761,MCTNet_400km2_California_North-1.tif,36
38.452430652500325,-121.66292626284954,MCTNet_400km2_California_North-1.tif,36
38.45234082097191,-121.70613522801568,MCTNet_400km2_California_North-1.tif,36
38.4522509894435,-121.74934419318183,MCTNet_400km2_California_North-1.tif,36
38.45216115791509,-121.79255315834799,MCTNet_400km2_California_North-1.tif,36
38.45216115791509,-121.67478402459992,MCTNet_400km2_California_North-1.tif,36
38.45207132638668,-121.71799298976606,MCTNet_400km2_California_North-1.tif,36
38.451981494858266,-121.7612019549322,MCTNet_400km2_California_North-1.tif,36
38.45189166332985,-121.80441092009836,MCTNet_400km2_California_North-1.tif,36
38.45189166332985,-121.6866417863503,MCTNet_400km2_California_North-1.tif,36
38.45180183180144,-121.72985075151644,MCTNet_400km2_California_North-1.tif,36
38.451712000273034,-121.77305971668258,MCTNet_400km2_California_North-1.tif,36
38.451712000273034,-121.65529058293451,MCTNet_400km2_California_North-1.tif,36
38.45162216874462,-121.69849954810067,MCTNet_400km2_California_North-1.tif,36
38.45153233721621,-121.74170851326681,MCTNet_400km2_California_North-1.tif,36
38.451442505687794,-121.78491747843296,MCTNet_400km2_California_North-1.tif,36
38.451442505687794,-121.66714834468489,MCTNet_400km2_California_North-1.tif,36
38.45135267415938,-121.71035730985105,MCTNet_400km2_California_North-1.tif,36
38.45126284263097,-121.75356627501719,MCTNet_400km2_California_North-1.tif,36
38.45117301110256,-121.79677524018334,MCTNet_400km2_California_North-1.tif,36
38.45117301110256,-121.67900610643527,MCTNet_400km2_California_North-1.tif,36
38.45108317957415,-121.72221507160143,MCTNet_400km2_California_North-1.tif,36
38.450993348045735,-121.76542403676757,MCTNet_400km2_California_North-1.tif,36
38.45090351651732,-121.80863300193371,MCTNet_400km2_California_North-1.tif,36
38.45090351651732,-121.69086386818566,MCTNet_400km2_California_North-1.tif,36
38.45081368498891,-121.7340728333518,MCTNet_400km2_California_North-1.tif,36
38.4507238534605,-121.77728179851795,MCTNet_400km2_California_North-1.tif,36
38.4507238534605,-121.65951266476988,MCTNet_400km2_California_North-1.tif,36
38.45063402193209,-121.70272162993604,MCTNet_400km2_California_North-1.tif,36
38.450544190403676,-121.74593059510218,MCTNet_400km2_California_North-1.tif,36
38.45045435887526,-121.78913956026832,MCTNet_400km2_California_North-1.tif,36
38.45045435887526,-121.67137042652026,MCTNet_400km2_California_North-1.tif,36
38.45036452734685,-121.71457939168641,MCTNet_400km2_California_North-1.tif,36
38.450274695818436,-121.75778835685256,MCTNet_400km2_California_North-1.tif,36
38.45018486429003,-121.8009973220187,MCTNet_400km2_California_North-1.tif,36
38.45018486429003,-121.68322818827063,MCTNet_400km2_California_North-1.tif,36
38.45009503276162,-121.72643715343679,MCTNet_400km2_California_North-1.tif,36
38.4500052012332,-121.76964611860294,MCTNet_400km2_California_North-1.tif,36
38.44991536970479,-121.81285508376908,MCTNet_400km2_California_North-1.tif,36
38.44991536970479,-121.69508595002101,MCTNet_400km2_California_North-1.tif,36
38.44982553817638,-121.73829491518717,MCTNet_400km2_California_North-1.tif,36
38.44973570664797,-121.78150388035331,MCTNet_400km2_California_North-1.tif,36
38.44973570664797,-121.66373474660524,MCTNet_400km2_California_North-1.tif,36
38.44964587511956,-121.70694371177139,MCTNet_400km2_California_North-1.tif,36
38.449556043591144,-121.75015267693755,MCTNet_400km2_California_North-1.tif,36
38.44946621206273,-121.79336164210369,MCTNet_400km2_California_North-1.tif,36
38.44946621206273,-121.67559250835562,MCTNet_400km2_California_North-1.tif,36
38.44937638053432,-121.71880147352176,MCTNet_400km2_California_North-1.tif,36
38.449286549005905,-121.76201043868792,MCTNet_400km2_California_North-1.tif,36
38.4491967174775,-121.80521940385407,MCTNet_400km2_California_North-1.tif,36
38.4491967174775,-121.687450270106,MCTNet_400km2_California_North-1.tif,36
38.449106885949085,-121.73065923527214,MCTNet_400km2_California_North-1.tif,36
38.44901705442067,-121.7738682004383,MCTNet_400km2_California_North-1.tif,36
38.44901705442067,-121.65609906669023,MCTNet_400km2_California_North-1.tif,36
38.44892722289226,-121.69930803185638,MCTNet_400km2_California_North-1.tif,36
38.448837391363845,-121.74251699702252,MCTNet_400km2_California_North-1.tif,36
38.44874755983544,-121.78572596218868,MCTNet_400km2_California_North-1.tif,36
38.44874755983544,-121.66795682844061,MCTNet_400km2_California_North-1.tif,36
38.448657728307026,-121.71116579360675,MCTNet_400km2_California_North-1.tif,36
38.44856789677861,-121.7543747587729,MCTNet_400km2_California_North-1.tif,36
38.4484780652502,-121.79758372393906,MCTNet_400km2_California_North-1.tif,36
38.4484780652502,-121.67981459019099,MCTNet_400km2_California_North-1.tif,36
38.448388233721786,-121.72302355535713,MCTNet_400km2_California_North-1.tif,36
38.44829840219337,-121.76623252052327,MCTNet_400km2_California_North-1.tif,36
38.44820857066497,-121.80944148568943,MCTNet_400km2_California_North-1.tif,36
38.44820857066497,-121.69167235194136,MCTNet_400km2_California_North-1.tif,36
38.448118739136554,-121.73488131710751,MCTNet_400km2_California_North-1.tif,36
38.44802890760814,-121.77809028227365,MCTNet_400km2_California_North-1.tif,36
38.44802890760814,-121.66032114852558,MCTNet_400km2_California_North-1.tif,36
38.44793907607973,-121.70353011369174,MCTNet_400km2_California_North-1.tif,36
38.447849244551314,-121.74673907885789,MCTNet_400km2_California_North-1.tif,36
38.44775941302291,-121.78994804402403,MCTNet_400km2_California_North-1.tif,36
38.44775941302291,-121.67217891027596,MCTNet_400km2_California_North-1.tif,36
38.447669581494495,-121.71538787544212,MCTNet_400km2_California_North-1.tif,36
38.44757974996608,-121.75859684060826,MCTNet_400km2_California_North-1.tif,36
38.44748991843767,-121.8018058057744,MCTNet_400km2_California_North-1.tif,36
38.44748991843767,-121.68403667202634,MCTNet_400km2_California_North-1.tif,36
38.447400086909255,-121.7272456371925,MCTNet_400km2_California_North-1.tif,36
38.44731025538084,-121.77045460235864,MCTNet_400km2_California_North-1.tif,36
38.447220423852436,-121.81366356752478,MCTNet_400km2_California_North-1.tif,36
38.447220423852436,-121.69589443377672,MCTNet_400km2_California_North-1.tif,36
38.44713059232402,-121.73910339894287,MCTNet_400km2_California_North-1.tif,36
38.44704076079561,-121.78231236410902,MCTNet_400km2_California_North-1.tif,36
38.44704076079561,-121.66454323036095,MCTNet_400km2_California_North-1.tif,36
38.446950929267196,-121.70775219552709,MCTNet_400km2_California_North-1.tif,36
38.44686109773878,-121.75096116069325,MCTNet_400km2_California_North-1.tif,36
38.446771266210376,-121.7941701258594,MCTNet_400km2_California_North-1.tif,36
38.446771266210376,-121.67640099211133,MCTNet_400km2_California_North-1.tif,36
38.44668143468196,-121.71960995727747,MCTNet_400km2_California_North-1.tif,36
38.44659160315355,-121.76281892244363,MCTNet_400km2_California_North-1.tif,36
38.44650177162514,-121.80602788760977,MCTNet_400km2_California_North-1.tif,36
38.44650177162514,-121.6882587538617,MCTNet_400km2_California_North-1.tif,36
38.44641194009672,-121.73146771902785,MCTNet_400km2_California_North-1.tif,36
38.44632210856831,-121.774676684194,MCTNet_400km2_California_North-1.tif,36
38.44632210856831,-121.65690755044594,MCTNet_400km2_California_North-1.tif,36
38.446232277039904,-121.70011651561208,MCTNet_400km2_California_North-1.tif,36
38.44614244551149,-121.74332548077822,MCTNet_400km2_California_North-1.tif,36
38.44605261398308,-121.78653444594438,MCTNet_400km2_California_North-1.tif,36
38.44605261398308,-121.66876531219631,MCTNet_400km2_California_North-1.tif,36
38.445962782454664,-121.71197427736246,MCTNet_400km2_California_North-1.tif,36
38.44587295092625,-121.75518324252862,MCTNet_400km2_California_North-1.tif,36
38.445783119397845,-121.79839220769476,MCTNet_400km2_California_North-1.tif,36
38.445783119397845,-121.68062307394669,MCTNet_400km2_California_North-1.tif,36
38.44569328786943,-121.72383203911284,MCTNet_400km2_California_North-1.tif,36
38.44560345634102,-121.767041004279,MCTNet_400km2_California_North-1.tif,36
38.445513624812605,-121.81024996944514,MCTNet_400km2_California_North-1.tif,36
38.445513624812605,-121.69248083569707,MCTNet_400km2_California_North-1.tif,36
38.44542379328419,-121.73568980086321,MCTNet_400km2_California_North-1.tif,36
38.44533396175578,-121.77889876602937,MCTNet_400km2_California_North-1.tif,36
38.44533396175578,-121.6611296322813,MCTNet_400km2_California_North-1.tif,36
38.44524413022737,-121.70433859744745,MCTNet_400km2_California_North-1.tif,36
38.44515429869896,-121.74754756261359,MCTNet_400km2_California_North-1.tif,36
38.445064467170546,-121.79075652777975,MCTNet_400km2_California_North-1.tif,36
38.445064467170546,-121.67298739403168,MCTNet_400km2_California_North-1.tif,36
38.44497463564213,-121.71619635919782,MCTNet_400km2_California_North-1.tif,36
38.44488480411372,-121.75940532436397,MCTNet_400km2_California_North-1.tif,36
38.44479497258531,-121.80261428953013,MCTNet_400km2_California_North-1.tif,36
38.44479497258531,-121.68484515578206,MCTNet_400km2_California_North-1.tif,36
38.4447051410569,-121.7280541209482,MCTNet_400km2_California_North-1.tif,36
38.44461530952849,-121.77126308611435,MCTNet_400km2_California_North-1.tif,36
38.44461530952849,-121.65349395236628,MCTNet_400km2_California_North-1.tif,36
38.444525478000074,-121.69670291753243,MCTNet_400km2_California_North-1.tif,36
38.44443564647166,-121.73991188269858,MCTNet_400km2_California_North-1.tif,36
38.44434581494325,-121.78312084786472,MCTNet_400km2_California_North-1.tif,36
38.44434581494325,-121.66535171411665,MCTNet_400km2_California_North-1.tif,36
38.44425598341484,-121.70856067928281,MCTNet_400km2_California_North-1.tif,36
38.44416615188643,-121.75176964444896,MCTNet_400km2_California_North-1.tif,36
38.444076320358015,-121.7949786096151,MCTNet_400km2_California_North-1.tif,36
38.444076320358015,-121.67720947586703,MCTNet_400km2_California_North-1.tif,36
38.4439864888296,-121.72041844103319,MCTNet_400km2_California_North-1.tif,36
38.44389665730119,-121.76362740619933,MCTNet_400km2_California_North-1.tif,36
38.44380682577278,-121.80683637136548,MCTNet_400km2_California_North-1.tif,36
38.44380682577278,-121.68906723761741,MCTNet_400km2_California_North-1.tif,36
38.44371699424437,-121.73227620278357,MCTNet_400km2_California_North-1.tif,36
38.443627162715956,-121.77548516794971,MCTNet_400km2_California_North-1.tif,36
38.443627162715956,-121.65771603420164,MCTNet_400km2_California_North-1.tif,36
38.44353733118754,-121.70092499936779,MCTNet_400km2_California_North-1.tif,36
38.44344749965913,-121.74413396453394,MCTNet_400km2_California_North-1.tif,36
38.443357668130716,-121.78734292970009,MCTNet_400km2_California_North-1.tif,36
38.443357668130716,-121.66957379595202,MCTNet_400km2_California_North-1.tif,36
38.44326783660231,-121.71278276111816,MCTNet_400km2_California_North-1.tif,36
38.4431780050739,-121.75599172628432,MCTNet_400km2_California_North-1.tif,36
38.44308817354548,-121.79920069145047,MCTNet_400km2_California_North-1.tif,36
38.44308817354548,-121.6814315577024,MCTNet_400km2_California_North-1.tif,36
38.44299834201707,-121.72464052286854,MCTNet_400km2_California_North-1.tif,36
38.44290851048866,-121.7678494880347,MCTNet_400km2_California_North-1.tif,36
38.44281867896025,-121.81105845320084,MCTNet_400km2_California_North-1.tif,36
38.44281867896025,-121.69328931945277,MCTNet_400km2_California_North-1.tif,36
38.44272884743184,-121.73649828461892,MCTNet_400km2_California_North-1.tif,36
38.442639015903424,-121.77970724978508,MCTNet_400km2_California_North-1.tif,36
38.442639015903424,-121.661938116037,MCTNet_400km2_California_North-1.tif,36
38.44254918437501,-121.70514708120315,MCTNet_400km2_California_North-1.tif,36
38.4424593528466,-121.7483560463693,MCTNet_400km2_California_North-1.tif,36
38.442369521318184,-121.79156501153545,MCTNet_400km2_California_North-1.tif,36
38.442369521318184,-121.67379587778738,MCTNet_400km2_California_North-1.tif,36
38.44227968978978,-121.71700484295353,MCTNet_400km2_California_North-1.tif,36
38.442189858261365,-121.76021380811967,MCTNet_400km2_California_North-1.tif,36
38.44210002673295,-121.80342277328583,MCTNet_400km2_California_North-1.tif,36
38.44210002673295,-121.68565363953776,MCTNet_400km2_California_North-1.tif,36
38.44201019520454,-121.7288626047039,MCTNet_400km2_California_North-1.tif,36
38.441920363676125,-121.77207156987005,MCTNet_400km2_California_North-1.tif,36
38.441920363676125,-121.65430243612198,MCTNet_400km2_California_North-1.tif,36
38.44183053214771,-121.69751140128814,MCTNet_400km2_California_North-1.tif,36
38.441740700619306,-121.74072036645428,MCTNet_400km2_California_North-1.tif,36
38.44165086909089,-121.78392933162043,MCTNet_400km2_California_North-1.tif,36
38.44165086909089,-121.66616019787236,MCTNet_400km2_California_North-1.tif,36
38.44156103756248,-121.70936916303852,MCTNet_400km2_California_North-1.tif,36
38.441471206034066,-121.75257812820466,MCTNet_400km2_California_North-1.tif,36
38.44138137450565,-121.7957870933708,MCTNet_400km2_California_North-1.tif,36
38.44138137450565,-121.67801795962274,MCTNet_400km2_California_North-1.tif,36
38.44129154297725,-121.7212269247889,MCTNet_400km2_California_North-1.tif,36
38.441201711448834,-121.76443588995504,MCTNet_400km2_California_North-1.tif,36
38.44111187992042,-121.80764485512118,MCTNet_400km2_California_North-1.tif,36
38.44111187992042,-121.68987572137313,MCTNet_400km2_California_North-1.tif,36
38.44102204839201,-121.73308468653927,MCTNet_400km2_California_North-1.tif,36
38.440932216863594,-121.77629365170542,MCTNet_400km2_California_North-1.tif,36
38.440932216863594,-121.65852451795735,MCTNet_400km2_California_North-1.tif,36
38.44084238533518,-121.7017334831235,MCTNet_400km2_California_North-1.tif,36
38.440752553806774,-121.74494244828965,MCTNet_400km2_California_North-1.tif,36
38.44066272227836,-121.7881514134558,MCTNet_400km2_California_North-1.tif,36
38.44066272227836,-121.67038227970772,MCTNet_400km2_California_North-1.tif,36
38.44057289074995,-121.71359124487388,MCTNet_400km2_California_North-1.tif,36
38.440483059221535,-121.75680021004003,MCTNet_400km2_California_North-1.tif,36
38.44039322769312,-121.80000917520617,MCTNet_400km2_California_North-1.tif,36
38.44039322769312,-121.6822400414581,MCTNet_400km2_California_North-1.tif,36
38.440303396164715,-121.72544900662426,MCTNet_400km2_California_North-1.tif,36
38.4402135646363,-121.7686579717904,MCTNet_400km2_California_North-1.tif,36
38.44012373310789,-121.81186693695655,MCTNet_400km2_California_North-1.tif,36
38.44012373310789,-121.69409780320848,MCTNet_400km2_California_North-1.tif,36
38.440033901579476,-121.73730676837464,MCTNet_400km2_California_North-1.tif,36
38.43994407005106,-121.78051573354078,MCTNet_400km2_California_North-1.tif,36
38.43994407005106,-121.66274659979271,MCTNet_400km2_California_North-1.tif,36
38.43985423852265,-121.70595556495886,MCTNet_400km2_California_North-1.tif,36
38.43976440699424,-121.74916453012501,MCTNet_400km2_California_North-1.tif,36
38.43967457546583,-121.79237349529116,MCTNet_400km2_California_North-1.tif,36
38.43967457546583,-121.67460436154309,MCTNet_400km2_California_North-1.tif,36
38.43958474393742,-121.71781332670923,MCTNet_400km2_California_North-1.tif,36
38.439494912409,-121.76102229187539,MCTNet_400km2_California_North-1.tif,36
38.43940508088059,-121.80423125704154,MCTNet_400km2_California_North-1.tif,36
38.43940508088059,-121.68646212329347,MCTNet_400km2_California_North-1.tif,36
38.439315249352184,-121.72967108845961,MCTNet_400km2_California_North-1.tif,36
38.43922541782377,-121.77288005362577,MCTNet_400km2_California_North-1.tif,36
38.43922541782377,-121.6551109198777,MCTNet_400km2_California_North-1.tif,36
38.43913558629536,-121.69831988504384,MCTNet_400km2_California_North-1.tif,36
38.439045754766944,-121.74152885020999,MCTNet_400km2_California_North-1.tif,36
38.43895592323853,-121.78473781537615,MCTNet_400km2_California_North-1.tif,36
38.43895592323853,-121.66696868162808,MCTNet_400km2_California_North-1.tif,36
38.43886609171012,-121.71017764679422,MCTNet_400km2_California_North-1.tif,36
38.43877626018171,-121.75338661196037,MCTNet_400km2_California_North-1.tif,36
38.4386864286533,-121.79659557712652,MCTNet_400km2_California_North-1.tif,36
38.4386864286533,-121.67882644337845,MCTNet_400km2_California_North-1.tif,36
38.438596597124885,-121.7220354085446,MCTNet_400km2_California_North-1.tif,36
38.43850676559647,-121.76524437371074,MCTNet_400km2_California_North-1.tif,36
38.43841693406806,-121.8084533388769,MCTNet_400km2_California_North-1.tif,36
38.43841693406806,-121.69068420512883,MCTNet_400km2_California_North-1.tif,36
38.43832710253965,-121.73389317029498,MCTNet_400km2_California_North-1.tif,36
38.43823727101124,-121.77710213546112,MCTNet_400km2_California_North-1.tif,36
38.43823727101124,-121.65933300171305,MCTNet_400km2_California_North-1.tif,36
38.438147439482826,-121.70254196687921,MCTNet_400km2_California_North-1.tif,36
38.43805760795441,-121.74575093204535,MCTNet_400km2_California_North-1.tif,36
38.437967776426,-121.7889598972115,MCTNet_400km2_California_North-1.tif,36
38.437967776426,-121.67119076346343,MCTNet_400km2_California_North-1.tif,36
38.437877944897586,-121.71439972862959,MCTNet_400km2_California_North-1.tif,36
38.43778811336918,-121.75760869379573,MCTNet_400km2_California_North-1.tif,36
38.43769828184077,-121.80081765896188,MCTNet_400km2_California_North-1.tif,36
38.43769828184077,-121.6830485252138,MCTNet_400km2_California_North-1.tif,36
38.437608450312354,-121.72625749037996,MCTNet_400km2_California_North-1.tif,36
38.43751861878394,-121.76946645554611,MCTNet_400km2_California_North-1.tif,36
38.43742878725553,-121.81267542071225,MCTNet_400km2_California_North-1.tif,36
38.43742878725553,-121.69490628696418,MCTNet_400km2_California_North-1.tif,36
38.43733895572712,-121.73811525213034,MCTNet_400km2_California_North-1.tif,36
38.43724912419871,-121.78132421729649,MCTNet_400km2_California_North-1.tif,36
38.43724912419871,-121.66355508354842,MCTNet_400km2_California_North-1.tif,36
38.437159292670295,-121.70676404871456,MCTNet_400km2_California_North-1.tif,36
38.43706946114188,-121.74997301388072,MCTNet_400km2_California_North-1.tif,36
38.43697962961347,-121.79318197904686,MCTNet_400km2_California_North-1.tif,36
38.43697962961347,-121.6754128452988,MCTNet_400km2_California_North-1.tif,36
38.436889798085055,-121.71862181046494,MCTNet_400km2_California_North-1.tif,36
38.43679996655665,-121.7618307756311,MCTNet_400km2_California_North-1.tif,36
38.436710135028235,-121.80503974079724,MCTNet_400km2_California_North-1.tif,36
38.436710135028235,-121.68727060704917,MCTNet_400km2_California_North-1.tif,36
38.43662030349982,-121.73047957221532,MCTNet_400km2_California_North-1.tif,36
38.43653047197141,-121.77368853738147,MCTNet_400km2_California_North-1.tif,36
38.43653047197141,-121.6559194036334,MCTNet_400km2_California_North-1.tif,36
38.436440640442996,-121.69912836879955,MCTNet_400km2_California_North-1.tif,36
38.43635080891459,-121.7423373339657,MCTNet_400km2_California_North-1.tif,36
38.436260977386176,-121.78554629913185,MCTNet_400km2_California_North-1.tif,36
38.436260977386176,-121.66777716538378,MCTNet_400km2_California_North-1.tif,36
38.43617114585776,-121.71098613054993,MCTNet_400km2_California_North-1.tif,36
38.43608131432935,-121.75419509571609,MCTNet_400km2_California_North-1.tif,36
38.43599148280094,-121.79740406088223,MCTNet_400km2_California_North-1.tif,36
38.43599148280094,-121.67963492713416,MCTNet_400km2_California_North-1.tif,36
38.43590165127252,-121.7228438923003,MCTNet_400km2_California_North-1.tif,36
38.43581181974412,-121.76605285746646,MCTNet_400km2_California_North-1.tif,36
38.435721988215704,-121.8092618226326,MCTNet_400km2_California_North-1.tif,36
38.435721988215704,-121.69149268888454,MCTNet_400km2_California_North-1.tif,36
38.43563215668729,-121.73470165405068,MCTNet_400km2_California_North-1.tif,36
38.43554232515888,-121.77791061921684,MCTNet_400km2_California_North-1.tif,36
38.43554232515888,-121.66014148546877,MCTNet_400km2_California_North-1.tif,36
38.435452493630464,-121.70335045063491,MCTNet_400km2_California_North-1.tif,36
38.43536266210206,-121.74655941580106,MCTNet_400km2_California_North-1.tif,36
38.435272830573645,-121.78976838096722,MCTNet_400km2_California_North-1.tif,36
38.435272830573645,-121.67199924721915,MCTNet_400km2_California_North-1.tif,36
38.43518299904523,-121.71520821238529,MCTNet_400km2_California_North-1.tif,36
38.43509316751682,-121.75841717755144,MCTNet_400km2_California_North-1.tif,36
38.435003335988405,-121.8016261427176,MCTNet_400km2_California_North-1.tif,36
38.435003335988405,-121.68385700896953,MCTNet_400km2_California_North-1.tif,36
38.43491350445999,-121.72706597413567,MCTNet_400km2_California_North-1.tif,36
38.434823672931586,-121.77027493930181,MCTNet_400km2_California_North-1.tif,36
38.43473384140317,-121.81348390446797,MCTNet_400km2_California_North-1.tif,36
38.43473384140317,-121.6957147707199,MCTNet_400km2_California_North-1.tif,36
38.43464400987476,-121.73892373588605,MCTNet_400km2_California_North-1.tif,36
38.434554178346346,-121.78213270105219,MCTNet_400km2_California_North-1.tif,36
38.434554178346346,-121.66436356730412,MCTNet_400km2_California_North-1.tif,36
38.43446434681793,-121.70757253247028,MCTNet_400km2_California_North-1.tif,36
38.43437451528953,-121.75078149763642,MCTNet_400km2_California_North-1.tif,36
38.43428468376111,-121.79399046280257,MCTNet_400km2_California_North-1.tif,36
38.43428468376111,-121.6762213290545,MCTNet_400km2_California_North-1.tif,36
38.4341948522327,-121.71943029422066,MCTNet_400km2_California_North-1.tif,36
38.43410502070429,-121.7626392593868,MCTNet_400km2_California_North-1.tif,36
38.434015189175874,-121.80584822455295,MCTNet_400km2_California_North-1.tif,36
38.434015189175874,-121.68807909080488,MCTNet_400km2_California_North-1.tif,36
38.43392535764746,-121.73128805597104,MCTNet_400km2_California_North-1.tif,36
38.433835526119054,-121.77449702113718,MCTNet_400km2_California_North-1.tif,36
38.433835526119054,-121.65672788738911,MCTNet_400km2_California_North-1.tif,36
38.43374569459064,-121.69993685255525,MCTNet_400km2_California_North-1.tif,36
38.43365586306223,-121.74314581772141,MCTNet_400km2_California_North-1.tif,36
38.433566031533815,-121.78635478288756,MCTNet_400km2_California_North-1.tif,36
38.433566031533815,-121.66858564913949,MCTNet_400km2_California_North-1.tif,36
38.4334762000054,-121.71179461430563,MCTNet_400km2_California_North-1.tif,36
38.433386368476995,-121.75500357947179,MCTNet_400km2_California_North-1.tif,36
38.43329653694858,-121.79821254463793,MCTNet_400km2_California_North-1.tif,36
38.43329653694858,-121.68044341088986,MCTNet_400km2_California_North-1.tif,36
38.43320670542017,-121.72365237605601,MCTNet_400km2_California_North-1.tif,36
38.433116873891755,-121.76686134122217,MCTNet_400km2_California_North-1.tif,36
38.43302704236334,-121.81007030638831,MCTNet_400km2_California_North-1.tif,36
38.43302704236334,-121.69230117264024,MCTNet_400km2_California_North-1.tif,36
38.43293721083493,-121.73551013780639,MCTNet_400km2_California_North-1.tif,36
38.43284737930652,-121.77871910297254,MCTNet_400km2_California_North-1.tif,36
38.43284737930652,-121.66094996922448,MCTNet_400km2_California_North-1.tif,36
38.43275754777811,-121.70415893439062,MCTNet_400km2_California_North-1.tif,36
38.432667716249696,-121.74736789955676,MCTNet_400km2_California_North-1.tif,36
38.43257788472128,-121.79057686472292,MCTNet_400km2_California_North-1.tif,36
38.43257788472128,-121.67280773097485,MCTNet_400km2_California_North-1.tif,36
38.43248805319287,-121.716016696141,MCTNet_400km2_California_North-1.tif,36
38.432398221664464,-121.75922566130714,MCTNet_400km2_California_North-1.tif,36
38.43230839013605,-121.8024346264733,MCTNet_400km2_California_North-1.tif,36
38.43230839013605,-121.68466549272523,MCTNet_400km2_California_North-1.tif,36
38.43221855860764,-121.72787445789137,MCTNet_400km2_California_North-1.tif,36
38.432128727079224,-121.77108342305752,MCTNet_400km2_California_North-1.tif,36
38.432128727079224,-121.65331428930945,MCTNet_400km2_California_North-1.tif,36
38.43203889555081,-121.69652325447561,MCTNet_400km2_California_North-1.tif,36
38.4319490640224,-121.73973221964175,MCTNet_400km2_California_North-1.tif,36
38.43185923249399,-121.7829411848079,MCTNet_400km2_California_North-1.tif,36
38.43185923249399,-121.66517205105983,MCTNet_400km2_California_North-1.tif,36
38.43176940096558,-121.70838101622599,MCTNet_400km2_California_North-1.tif,36
38.431679569437165,-121.75158998139213,MCTNet_400km2_California_North-1.tif,36
38.43158973790875,-121.79479894655827,MCTNet_400km2_California_North-1.tif,36
38.43158973790875,-121.6770298128102,MCTNet_400km2_California_North-1.tif,36
38.43149990638034,-121.72023877797636,MCTNet_400km2_California_North-1.tif,36
38.43141007485193,-121.7634477431425,MCTNet_400km2_California_North-1.tif,36
38.43132024332352,-121.80665670830865,MCTNet_400km2_California_North-1.tif,36
38.43132024332352,-121.6888875745606,MCTNet_400km2_California_North-1.tif,36
38.431230411795106,-121.73209653972674,MCTNet_400km2_California_North-1.tif,36
38.43114058026669,-121.77530550489288,MCTNet_400km2_California_North-1.tif,36
38.43114058026669,-121.65753637114481,MCTNet_400km2_California_North-1.tif,36
38.43105074873828,-121.70074533631097,MCTNet_400km2_California_North-1.tif,36
38.430960917209866,-121.74395430147712,MCTNet_400km2_California_North-1.tif,36
38.43087108568146,-121.78716326664326,MCTNet_400km2_California_North-1.tif,36
38.43087108568146,-121.66939413289519,MCTNet_400km2_California_North-1.tif,36
38.43078125415305,-121.71260309806135,MCTNet_400km2_California_North-1.tif,36
38.43069142262463,-121.7558120632275,MCTNet_400km2_California_North-1.tif,36
38.43060159109622,-121.79902102839364,MCTNet_400km2_California_North-1.tif,36
38.43060159109622,-121.68125189464557,MCTNet_400km2_California_North-1.tif,36
38.43051175956781,-121.72446085981173,MCTNet_400km2_California_North-1.tif,36
38.4304219280394,-121.76766982497787,MCTNet_400km2_California_North-1.tif,36
38.43033209651099,-121.81087879014402,MCTNet_400km2_California_North-1.tif,36
38.43033209651099,-121.69310965639595,MCTNet_400km2_California_North-1.tif,36
38.430242264982574,-121.7363186215621,MCTNet_400km2_California_North-1.tif,36
38.43015243345416,-121.77952758672825,MCTNet_400km2_California_North-1.tif,36
38.43015243345416,-121.66175845298018,MCTNet_400km2_California_North-1.tif,36
38.43006260192575,-121.70496741814632,MCTNet_400km2_California_North-1.tif,36
38.429972770397335,-121.74817638331248,MCTNet_400km2_California_North-1.tif,36
38.42988293886893,-121.79138534847863,MCTNet_400km2_California_North-1.tif,36
38.42988293886893,-121.67361621473056,MCTNet_400km2_California_North-1.tif,36
38.429793107340515,-121.7168251798967,MCTNet_400km2_California_North-1.tif,36
38.4297032758121,-121.76003414506286,MCTNet_400km2_California_North-1.tif,36
38.42961344428369,-121.803243110229,MCTNet_400km2_California_North-1.tif,36
38.42961344428369,-121.68547397648094,MCTNet_400km2_California_North-1.tif,36
38.429523612755276,-121.72868294164708,MCTNet_400km2_California_North-1.tif,36
38.42943378122687,-121.77189190681324,MCTNet_400km2_California_North-1.tif,36
38.42943378122687,-121.65412277306517,MCTNet_400km2_California_North-1.tif,36
38.429343949698456,-121.69733173823131,MCTNet_400km2_California_North-1.tif,36
38.42925411817004,-121.74054070339746,MCTNet_400km2_California_North-1.tif,36
38.42916428664163,-121.78374966856362,MCTNet_400km2_California_North-1.tif,36
38.42916428664163,-121.66598053481555,MCTNet_400km2_California_North-1.tif,36
38.429074455113216,-121.70918949998169,MCTNet_400km2_California_North-1.tif,36
38.589962722499024,-121.59142036623362,MCTNet_400km2_California_North-2.tif,36
38.5897830594422,-121.60875785121713,MCTNet_400km2_California_North-2.tif,36
38.58960339638538,-121.62609533620063,MCTNet_400km2_California_North-2.tif,36
38.58942373332855,-121.64343282118415,MCTNet_400km2_California_North-2.tif,36
38.58933390180014,-121.59321699680187,MCTNet_400km2_California_North-2.tif,36
38.58915423874332,-121.61055448178537,MCTNet_400km2_California_North-2.tif,36
38.58897457568649,-121.62789196676887,MCTNet_400km2_California_North-2.tif,36
38.588794912629666,-121.64522945175239,MCTNet_400km2_California_North-2.tif,36
38.58870508110126,-121.59501362737011,MCTNet_400km2_California_North-2.tif,36
38.58852541804443,-121.61235111235361,MCTNet_400km2_California_North-2.tif,36
38.58834575498761,-121.62968859733712,MCTNet_400km2_California_North-2.tif,36
38.58816609193079,-121.64702608232062,MCTNet_400km2_California_North-2.tif,36
38.588076260402374,-121.59681025793834,MCTNet_400km2_California_North-2.tif,36
38.58789659734555,-121.61414774292184,MCTNet_400km2_California_North-2.tif,36
38.58771693428873,-121.63148522790536,MCTNet_400km2_California_North-2.tif,36
38.5875372712319,-121.64882271288886,MCTNet_400km2_California_North-2.tif,36
38.58744743970349,-121.59860688850658,MCTNet_400km2_California_North-2.tif,36
38.58726777664667,-121.6159443734901,MCTNet_400km2_California_North-2.tif,36
38.58708811358984,-121.6332818584736,MCTNet_400km2_California_North-2.tif,36
38.586908450533016,-121.6506193434571,MCTNet_400km2_California_North-2.tif,36
38.5868186190046,-121.60040351907482,MCTNet_400km2_California_North-2.tif,36
38.586638955947784,-121.61774100405833,MCTNet_400km2_California_North-2.tif,36
38.58645929289096,-121.63507848904183,MCTNet_400km2_California_North-2.tif,36
38.58627962983414,-121.65241597402535,MCTNet_400km2_California_North-2.tif,36
38.586189798305725,-121.60220014964305,MCTNet_400km2_California_North-2.tif,36
38.5860101352489,-121.61953763462657,MCTNet_400km2_California_North-2.tif,36
38.58583047219207,-121.63687511961007,MCTNet_400km2_California_North-2.tif,36
38.585740640663666,-121.58665929522779,MCTNet_400km2_California_North-2.tif,36
38.58556097760684,-121.6039967802113,MCTNet_400km2_California_North-2.tif,36
38.58538131455001,-121.6213342651948,MCTNet_400km2_California_North-2.tif,36
38.58520165149319,-121.63867175017832,MCTNet_400km2_California_North-2.tif,36
38.58511181996478,-121.58845592579603,MCTNet_400km2_California_North-2.tif,36
38.58493215690795,-121.60579341077954,MCTNet_400km2_California_North-2.tif,36
38.584752493851134,-121.62313089576304,MCTNet_400km2_California_North-2.tif,36
38.58457283079431,-121.64046838074655,MCTNet_400km2_California_North-2.tif,36
38.584482999265894,-121.59025255636428,MCTNet_400km2_California_North-2.tif,36
38.584303336209075,-121.60759004134778,MCTNet_400km2_California_North-2.tif,36
38.58412367315225,-121.62492752633128,MCTNet_400km2_California_North-2.tif,36
38.58394401009542,-121.64226501131479,MCTNet_400km2_California_North-2.tif,36
38.58385417856701,-121.59204918693251,MCTNet_400km2_California_North-2.tif,36
38.58367451551019,-121.60938667191601,MCTNet_400km2_California_North-2.tif,36
38.58349485245336,-121.62672415689953,MCTNet_400km2_California_North-2.tif,36
38.583315189396544,-121.64406164188303,MCTNet_400km2_California_North-2.tif,36
38.58322535786813,-121.59384581750075,MCTNet_400km2_California_North-2.tif,36
38.583045694811304,-121.61118330248425,MCTNet_400km2_California_North-2.tif,36
38.58286603175448,-121.62852078746776,MCTNet_400km2_California_North-2.tif,36
38.58268636869766,-121.64585827245126,MCTNet_400km2_California_North-2.tif,36
38.582596537169245,-121.59564244806899,MCTNet_400km2_California_North-2.tif,36
38.58241687411242,-121.6129799330525,MCTNet_400km2_California_North-2.tif,36
38.5822372110556,-121.630317418036,MCTNet_400km2_California_North-2.tif,36
38.58205754799877,-121.6476549030195,MCTNet_400km2_California_North-2.tif,36
38.58196771647036,-121.59743907863722,MCTNet_400km2_California_North-2.tif,36
38.58178805341354,-121.61477656362074,MCTNet_400km2_California_North-2.tif,36
38.58160839035671,-121.63211404860424,MCTNet_400km2_California_North-2.tif,36
38.58142872729989,-121.64945153358775,MCTNet_400km2_California_North-2.tif,36
38.58133889577148,-121.59923570920546,MCTNet_400km2_California_North-2.tif,36
38.581159232714654,-121.61657319418897,MCTNet_400km2_California_North-2.tif,36
38.58097956965783,-121.63391067917247,MCTNet_400km2_California_North-2.tif,36
38.58079990660101,-121.65124816415599,MCTNet_400km2_California_North-2.tif,36
38.580710075072595,-121.60103233977371,MCTNet_400km2_California_North-2.tif,36
38.58053041201577,-121.61836982475721,MCTNet_400km2_California_North-2.tif,36
38.58035074895895,-121.63570730974072,MCTNet_400km2_California_North-2.tif,36
38.58017108590212,-121.65304479472422,MCTNet_400km2_California_North-2.tif,36
38.58008125437371,-121.60282897034195,MCTNet_400km2_California_North-2.tif,36
38.57990159131688,-121.62016645532545,MCTNet_400km2_California_North-2.tif,36
38.579721928260064,-121.63750394030896,MCTNet_400km2_California_North-2.tif,36
38.57963209673165,-121.58728811592667,MCTNet_400km2_California_North-2.tif,36
38.579452433674824,-121.60462560091018,MCTNet_400km2_California_North-2.tif,36
38.579272770618005,-121.62196308589368,MCTNet_400km2_California_North-2.tif,36
38.57909310756118,-121.6393005708772,MCTNet_400km2_California_North-2.tif,36
38.579003276032765,-121.58908474649492,MCTNet_400km2_California_North-2.tif,36
38.578823612975945,-121.60642223147842,MCTNet_400km2_California_North-2.tif,36
38.57864394991912,-121.62375971646193,MCTNet_400km2_California_North-2.tif,36
38.57846428686229,-121.64109720144543,MCTNet_400km2_California_North-2.tif,36
38.578374455333886,-121.59088137706316,MCTNet_400km2_California_North-2.tif,36
38.57819479227706,-121.60821886204666,MCTNet_400km2_California_North-2.tif,36
38.57801512922023,-121.62555634703017,MCTNet_400km2_California_North-2.tif,36
38.577835466163414,-121.64289383201367,MCTNet_400km2_California_North-2.tif,36
38.577745634635,-121.59267800763139,MCTNet_400km2_California_North-2.tif,36
38.577565971578174,-121.6100154926149,MCTNet_400km2_California_North-2.tif,36
38.577386308521355,-121.6273529775984,MCTNet_400km2_California_North-2.tif,36
38.57720664546453,-121.6446904625819,MCTNet_400km2_California_North-2.tif,36
38.577116813936115,-121.59447463819963,MCTNet_400km2_California_North-2.tif,36
38.57693715087929,-121.61181212318314,MCTNet_400km2_California_North-2.tif,36
38.57675748782247,-121.62914960816664,MCTNet_400km2_California_North-2.tif,36
38.57657782476564,-121.64648709315016,MCTNet_400km2_California_North-2.tif,36
38.57648799323723,-121.59627126876786,MCTNet_400km2_California_North-2.tif,36
38.57630833018041,-121.61360875375138,MCTNet_400km2_California_North-2.tif,36
38.576128667123584,-121.63094623873488,MCTNet_400km2_California_North-2.tif,36
38.57594900406676,-121.6482837237184,MCTNet_400km2_California_North-2.tif,36
38.57585917253835,-121.59806789933612,MCTNet_400km2_California_North-2.tif,36
38.575679509481525,-121.61540538431962,MCTNet_400km2_California_North-2.tif,36
38.5754998464247,-121.63274286930313,MCTNet_400km2_California_North-2.tif,36
38.57532018336788,-121.65008035428663,MCTNet_400km2_California_North-2.tif,36
38.575230351839465,-121.59986452990435,MCTNet_400km2_California_North-2.tif,36
38.57505068878264,-121.61720201488785,MCTNet_400km2_California_North-2.tif,36
38.57487102572582,-121.63453949987137,MCTNet_400km2_California_North-2.tif,36
38.57469136266899,-121.65187698485487,MCTNet_400km2_California_North-2.tif,36
38.57460153114058,-121.60166116047259,MCTNet_400km2_California_North-2.tif,36
38.57442186808376,-121.61899864545609,MCTNet_400km2_California_North-2.tif,36
38.574242205026934,-121.6363361304396,MCTNet_400km2_California_North-2.tif,36
38.57415237349852,-121.58612030605732,MCTNet_400km2_California_North-2.tif,36
38.573972710441694,-121.60345779104082,MCTNet_400km2_California_North-2.tif,36
38.573793047384875,-121.62079527602434,MCTNet_400km2_California_North-2.tif,36
38.57361338432805,-121.63813276100784,MCTNet_400km2_California_North-2.tif,36
38.573523552799635,-121.58791693662556,MCTNet_400km2_California_North-2.tif,36
38.573343889742816,-121.60525442160906,MCTNet_400km2_California_North-2.tif,36
38.57316422668599,-121.62259190659258,MCTNet_400km2_California_North-2.tif,36
38.57298456362916,-121.63992939157608,MCTNet_400km2_California_North-2.tif,36
38.57289473210076,-121.5897135671938,MCTNet_400km2_California_North-2.tif,36
38.57271506904393,-121.60705105217731,MCTNet_400km2_California_North-2.tif,36
38.572535405987104,-121.62438853716081,MCTNet_400km2_California_North-2.tif,36
38.572355742930284,-121.64172602214431,MCTNet_400km2_California_North-2.tif,36
38.57226591140187,-121.59151019776203,MCTNet_400km2_California_North-2.tif,36
38.572086248345045,-121.60884768274555,MCTNet_400km2_California_North-2.tif,36
38.571906585288225,-121.62618516772905,MCTNet_400km2_California_North-2.tif,36
38.5717269222314,-121.64352265271256,MCTNet_400km2_California_North-2.tif,36
38.571637090702986,-121.59330682833027,MCTNet_400km2_California_North-2.tif,36
38.57145742764616,-121.61064431331378,MCTNet_400km2_California_North-2.tif,36
38.57127776458934,-121.62798179829728,MCTNet_400km2_California_North-2.tif,36
38.57109810153251,-121.6453192832808,MCTNet_400km2_California_North-2.tif,36
38.5710082700041,-121.59510345889852,MCTNet_400km2_California_North-2.tif,36
38.57082860694728,-121.61244094388202,MCTNet_400km2_California_North-2.tif,36
38.570648943890454,-121.62977842886554,MCTNet_400km2_California_North-2.tif,36
38.57046928083363,-121.64711591384903,MCTNet_400km2_California_North-2.tif,36
38.57037944930522,-121.59690008946676,MCTNet_400km2_California_North-2.tif,36
38.570199786248395,-121.61423757445026,MCTNet_400km2_California_North-2.tif,36
38.57002012319157,-121.63157505943377,MCTNet_400km2_California_North-2.tif,36
38.56984046013475,-121.64891254441727,MCTNet_400km2_California_North-2.tif,36
38.569750628606336,-121.598696720035,MCTNet_400km2_California_North-2.tif,36
38.56957096554951,-121.6160342050185,MCTNet_400km2_California_North-2.tif,36
38.56939130249269,-121.63337169000201,MCTNet_400km2_California_North-2.tif,36
38.56921163943586,-121.65070917498551,MCTNet_400km2_California_North-2.tif,36
38.56912180790745,-121.60049335060323,MCTNet_400km2_California_North-2.tif,36
38.56894214485063,-121.61783083558674,MCTNet_400km2_California_North-2.tif,36
38.568762481793804,-121.63516832057024,MCTNet_400km2_California_North-2.tif,36
38.56858281873698,-121.65250580555376,MCTNet_400km2_California_North-2.tif,36
38.568492987208565,-121.60228998117147,MCTNet_400km2_California_North-2.tif,36
38.568313324151745,-121.61962746615498,MCTNet_400km2_California_North-2.tif,36
38.56813366109492,-121.63696495113848,MCTNet_400km2_California_North-2.tif,36
38.568043829566506,-121.5867491267562,MCTNet_400km2_California_North-2.tif,36
38.567864166509686,-121.60408661173972,MCTNet_400km2_California_North-2.tif,36
38.56768450345286,-121.62142409672322,MCTNet_400km2_California_North-2.tif,36
38.56750484039603,-121.63876158170672,MCTNet_400km2_California_North-2.tif,36
38.56741500886763,-121.58854575732444,MCTNet_400km2_California_North-2.tif,36
38.5672353458108,-121.60588324230795,MCTNet_400km2_California_North-2.tif,36
38.567055682753974,-121.62322072729145,MCTNet_400km2_California_North-2.tif,36
38.566876019697155,-121.64055821227497,MCTNet_400km2_California_North-2.tif,36
38.56678618816874,-121.59034238789268,MCTNet_400km2_California_North-2.tif,36
38.566606525111915,-121.60767987287619,MCTNet_400km2_California_North-2.tif,36
38.566426862055096,-121.62501735785969,MCTNet_400km2_California_North-2.tif,36
38.56624719899827,-121.6423548428432,MCTNet_400km2_California_North-2.tif,36
38.566157367469856,-121.59213901846093,MCTNet_400km2_California_North-2.tif,36
38.56597770441304,-121.60947650344443,MCTNet_400km2_California_North-2.tif,36
38.56579804135621,-121.62681398842794,MCTNet_400km2_California_North-2.tif,36
38.56561837829938,-121.64415147341144,MCTNet_400km2_California_North-2.tif,36
38.56552854677097,-121.59393564902916,MCTNet_400km2_California_North-2.tif,36
38.56534888371415,-121.61127313401266,MCTNet_400km2_California_North-2.tif,36
38.565169220657324,-121.62861061899618,MCTNet_400km2_California_North-2.tif,36
38.564989557600505,-121.64594810397968,MCTNet_400km2_California_North-2.tif,36
38.56489972607209,-121.5957322795974,MCTNet_400km2_California_North-2.tif,36
38.564720063015265,-121.6130697645809,MCTNet_400km2_California_North-2.tif,36
38.56454039995844,-121.63040724956441,MCTNet_400km2_California_North-2.tif,36
38.56436073690162,-121.64774473454791,MCTNet_400km2_California_North-2.tif,36
38.564270905373206,-121.59752891016564,MCTNet_400km2_California_North-2.tif,36
38.56409124231638,-121.61486639514915,MCTNet_400km2_California_North-2.tif,36
38.56391157925956,-121.63220388013265,MCTNet_400km2_California_North-2.tif,36
38.563731916202734,-121.64954136511616,MCTNet_400km2_California_North-2.tif,36
38.56364208467432,-121.59932554073387,MCTNet_400km2_California_North-2.tif,36
38.5634624216175,-121.61666302571739,MCTNet_400km2_California_North-2.tif,36
38.563282758560675,-121.63400051070089,MCTNet_400km2_California_North-2.tif,36
38.56310309550385,-121.6513379956844,MCTNet_400km2_California_North-2.tif,36
38.56301326397544,-121.60112217130212,MCTNet_400km2_California_North-2.tif,36
38.562833600918616,-121.61845965628562,MCTNet_400km2_California_North-2.tif,36
38.56265393786179,-121.63579714126912,MCTNet_400km2_California_North-2.tif,36
38.562564106333376,-121.58558131688685,MCTNet_400km2_California_North-2.tif,36
38.56238444327656,-121.60291880187036,MCTNet_400km2_California_North-2.tif,36
38.56220478021973,-121.62025628685386,MCTNet_400km2_California_North-2.tif,36
38.56202511716291,-121.63759377183737,MCTNet_400km2_California_North-2.tif,36
38.5619352856345,-121.58737794745508,MCTNet_400km2_California_North-2.tif,36
38.56175562257767,-121.6047154324386,MCTNet_400km2_California_North-2.tif,36
38.561575959520844,-121.6220529174221,MCTNet_400km2_California_North-2.tif,36
38.561396296464025,-121.63939040240561,MCTNet_400km2_California_North-2.tif,36
38.56130646493561,-121.58917457802333,MCTNet_400km2_California_North-2.tif,36
38.561126801878785,-121.60651206300683,MCTNet_400km2_California_North-2.tif,36
38.560947138821966,-121.62384954799035,MCTNet_400km2_California_North-2.tif,36
38.56076747576514,-121.64118703297385,MCTNet_400km2_California_North-2.tif,36
38.560677644236726,-121.59097120859157,MCTNet_400km2_California_North-2.tif,36
38.56049798117991,-121.60830869357507,MCTNet_400km2_California_North-2.tif,36
38.56031831812308,-121.62564617855858,MCTNet_400km2_California_North-2.tif,36
38.560138655066254,-121.64298366354208,MCTNet_400km2_California_North-2.tif,36
38.56004882353785,-121.5927678391598,MCTNet_400km2_California_North-2.tif,36
38.55986916048102,-121.6101053241433,MCTNet_400km2_California_North-2.tif,36
38.559689497424195,-121.62744280912682,MCTNet_400km2_California_North-2.tif,36
38.559509834367375,-121.64478029411032,MCTNet_400km2_California_North-2.tif,36
38.55942000283896,-121.59456446972804,MCTNet_400km2_California_North-2.tif,36
38.559240339782136,-121.61190195471156,MCTNet_400km2_California_North-2.tif,36
38.559060676725316,-121.62923943969506,MCTNet_400km2_California_North-2.tif,36
38.55888101366849,-121.64657692467857,MCTNet_400km2_California_North-2.tif,36
38.55879118214008,-121.59636110029628,MCTNet_400km2_California_North-2.tif,36
38.55861151908325,-121.61369858527979,MCTNet_400km2_California_North-2.tif,36
38.55843185602643,-121.63103607026329,MCTNet_400km2_California_North-2.tif,36
38.558252192969604,-121.6483735552468,MCTNet_400km2_California_North-2.tif,36
38.55816236144119,-121.59815773086453,MCTNet_400km2_California_North-2.tif,36
38.55798269838437,-121.61549521584803,MCTNet_400km2_California_North-2.tif,36
38.557803035327545,-121.63283270083153,MCTNet_400km2_California_North-2.tif,36
38.55762337227072,-121.65017018581504,MCTNet_400km2_California_North-2.tif,36
38.55753354074231,-121.59995436143276,MCTNet_400km2_California_North-2.tif,36
38.557353877685486,-121.61729184641626,MCTNet_400km2_California_North-2.tif,36
38.55717421462866,-121.63462933139978,MCTNet_400km2_California_North-2.tif,36
38.55699455157184,-121.65196681638328,MCTNet_400km2_California_North-2.tif,36
38.55690472004343,-121.601750992001,MCTNet_400km2_California_North-2.tif,36
38.5567250569866,-121.6190884769845,MCTNet_400km2_California_North-2.tif,36
38.55654539392978,-121.63642596196802,MCTNet_400km2_California_North-2.tif,36
38.55645556240137,-121.58621013758574,MCTNet_400km2_California_North-2.tif,36
38.55627589934454,-121.60354762256924,MCTNet_400km2_California_North-2.tif,36
38.55609623628772,-121.62088510755275,MCTNet_400km2_California_North-2.tif,36
38.555916573230895,-121.63822259253625,MCTNet_400km2_California_North-2.tif,36
38.55582674170248,-121.58800676815397,MCTNet_400km2_California_North-2.tif,36
38.555647078645656,-121.60534425313747,MCTNet_400km2_California_North-2.tif,36
38.555467415588836,-121.62268173812099,MCTNet_400km2_California_North-2.tif,36
38.55528775253201,-121.64001922310449,MCTNet_400km2_California_North-2.tif,36
38.5551979210036,-121.58980339872221,MCTNet_400km2_California_North-2.tif,36
38.55501825794678,-121.60714088370571,MCTNet_400km2_California_North-2.tif,36
38.55483859488995,-121.62447836868922,MCTNet_400km2_California_North-2.tif,36
38.554658931833124,-121.64181585367272,MCTNet_400km2_California_North-2.tif,36
38.55456910030472,-121.59160002929045,MCTNet_400km2_California_North-2.tif,36
38.55438943724789,-121.60893751427396,MCTNet_400km2_California_North-2.tif,36
38.554209774191065,-121.62627499925746,MCTNet_400km2_California_North-2.tif,36
38.554030111134246,-121.64361248424098,MCTNet_400km2_California_North-2.tif,36
38.55394027960583,-121.59339665985868,MCTNet_400km2_California_North-2.tif,36
38.553760616549006,-121.6107341448422,MCTNet_400km2_California_North-2.tif,36
38.55358095349219,-121.6280716298257,MCTNet_400km2_California_North-2.tif,36
38.55340129043536,-121.64540911480921,MCTNet_400km2_California_North-2.tif,36
38.55331145890695,-121.59519329042693,MCTNet_400km2_California_North-2.tif,36
38.55313179585013,-121.61253077541043,MCTNet_400km2_California_North-2.tif,36
38.5529521327933,-121.62986826039393,MCTNet_400km2_California_North-2.tif,36
38.552772469736475,-121.64720574537745,MCTNet_400km2_California_North-2.tif,36
38.55268263820806,-121.59698992099517,MCTNet_400km2_California_North-2.tif,36
38.55250297515124,-121.61432740597867,MCTNet_400km2_California_North-2.tif,36
38.552323312094416,-121.63166489096218,MCTNet_400km2_California_North-2.tif,36
38.552143649037596,-121.64900237594568,MCTNet_400km2_California_North-2.tif,36
38.55205381750918,-121.5987865515634,MCTNet_400km2_California_North-2.tif,36
38.551874154452356,-121.6161240365469,MCTNet_400km2_California_North-2.tif,36
38.55169449139553,-121.63346152153042,MCTNet_400km2_California_North-2.tif,36
38.55151482833871,-121.65079900651392,MCTNet_400km2_California_North-2.tif,36
38.5514249968103,-121.60058318213164,MCTNet_400km2_California_North-2.tif,36
38.55124533375347,-121.61792066711516,MCTNet_400km2_California_North-2.tif,36
38.55106567069665,-121.63525815209866,MCTNet_400km2_California_North-2.tif,36
38.550886007639825,-121.65259563708216,MCTNet_400km2_California_North-2.tif,36
38.55079617611141,-121.60237981269988,MCTNet_400km2_California_North-2.tif,36
38.55061651305459,-121.6197172976834,MCTNet_400km2_California_North-2.tif,36
38.550436849997766,-121.6370547826669,MCTNet_400km2_California_North-2.tif,36
38.55034701846935,-121.58683895828462,MCTNet_400km2_California_North-2.tif,36
38.55016735541253,-121.60417644326812,MCTNet_400km2_California_North-2.tif,36
38.54998769235571,-121.62151392825163,MCTNet_400km2_California_North-2.tif,36
38.54980802929888,-121.63885141323513,MCTNet_400km2_California_North-2.tif,36
38.54971819777047,-121.58863558885285,MCTNet_400km2_California_North-2.tif,36
38.54953853471365,-121.60597307383637,MCTNet_400km2_California_North-2.tif,36
38.54935887165682,-121.62331055881987,MCTNet_400km2_California_North-2.tif,36
38.5491792086,-121.64064804380338,MCTNet_400km2_California_North-2.tif,36
38.54908937707159,-121.59043221942109,MCTNet_400km2_California_North-2.tif,36
38.54890971401476,-121.6077697044046,MCTNet_400km2_California_North-2.tif,36
38.548730050957936,-121.6251071893881,MCTNet_400km2_California_North-2.tif,36
38.548550387901116,-121.64244467437162,MCTNet_400km2_California_North-2.tif,36
38.5484605563727,-121.59222884998934,MCTNet_400km2_California_North-2.tif,36
38.54828089331588,-121.60956633497284,MCTNet_400km2_California_North-2.tif,36
38.54810123025906,-121.62690381995634,MCTNet_400km2_California_North-2.tif,36
38.54792156720223,-121.64424130493985,MCTNet_400km2_California_North-2.tif,36
38.54783173567382,-121.59402548055758,MCTNet_400km2_California_North-2.tif,36
38.547652072617,-121.61136296554108,MCTNet_400km2_California_North-2.tif,36
38.54747240956017,-121.62870045052459,MCTNet_400km2_California_North-2.tif,36
38.547292746503345,-121.64603793550809,MCTNet_400km2_California_North-2.tif,36
38.54720291497494,-121.59582211112581,MCTNet_400km2_California_North-2.tif,36
38.54702325191811,-121.61315959610931,MCTNet_400km2_California_North-2.tif,36
38.546843588861286,-121.63049708109283,MCTNet_400km2_California_North-2.tif,36
38.54666392580447,-121.64783456607633,MCTNet_400km2_California_North-2.tif,36
38.54657409427605,-121.59761874169405,MCTNet_400km2_California_North-2.tif,36
38.54639443121923,-121.61495622667756,MCTNet_400km2_California_North-2.tif,36
38.54621476816241,-121.63229371166106,MCTNet_400km2_California_North-2.tif,36
38.54603510510558,-121.64963119664456,MCTNet_400km2_California_North-2.tif,36
38.54594527357717,-121.59941537226229,MCTNet_400km2_California_North-2.tif,36
38.54576561052034,-121.6167528572458,MCTNet_400km2_California_North-2.tif,36
38.54558594746352,-121.6340903422293,MCTNet_400km2_California_North-2.tif,36
38.545406284406695,-121.65142782721281,MCTNet_400km2_California_North-2.tif,36
38.54531645287828,-121.60121200283052,MCTNet_400km2_California_North-2.tif,36
38.54513678982146,-121.61854948781404,MCTNet_400km2_California_North-2.tif,36
38.544957126764636,-121.63588697279754,MCTNet_400km2_California_North-2.tif,36
38.54486729523622,-121.58567114841526,MCTNet_400km2_California_North-2.tif,36
38.544687632179404,-121.60300863339877,MCTNet_400km2_California_North-2.tif,36
38.54450796912258,-121.62034611838227,MCTNet_400km2_California_North-2.tif,36
38.54432830606575,-121.63768360336579,MCTNet_400km2_California_North-2.tif,36
38.544238474537345,-121.5874677789835,MCTNet_400km2_California_North-2.tif,36
38.54405881148052,-121.60480526396701,MCTNet_400km2_California_North-2.tif,36
38.54387914842369,-121.62214274895051,MCTNet_400km2_California_North-2.tif,36
38.54369948536687,-121.63948023393402,MCTNet_400km2_California_North-2.tif,36
38.54360965383846,-121.58926440955175,MCTNet_400km2_California_North-2.tif,36
38.54342999078163,-121.60660189453525,MCTNet_400km2_California_North-2.tif,36
38.54325032772481,-121.62393937951875,MCTNet_400km2_California_North-2.tif,36
38.54307066466799,-121.64127686450226,MCTNet_400km2_California_North-2.tif,36
38.54298083313957,-121.59106104011998,MCTNet_400km2_California_North-2.tif,36
38.54280117008275,-121.60839852510348,MCTNet_400km2_California_North-2.tif,36
38.54262150702593,-121.625736010087,MCTNet_400km2_California_North-2.tif,36
38.5424418439691,-121.6430734950705,MCTNet_400km2_California_North-2.tif,36
38.54235201244069,-121.59285767068822,MCTNet_400km2_California_North-2.tif,36
38.54217234938387,-121.61019515567172,MCTNet_400km2_California_North-2.tif,36
38.54199268632704,-121.62753264065523,MCTNet_400km2_California_North-2.tif,36
38.541813023270215,-121.64487012563873,MCTNet_400km2_California_North-2.tif,36
38.54172319174181,-121.59465430125645,MCTNet_400km2_California_North-2.tif,36
38.54154352868498,-121.61199178623997,MCTNet_400km2_California_North-2.tif,36
38.541363865628156,-121.62932927122347,MCTNet_400km2_California_North-2.tif,36
38.54118420257134,-121.64666675620697,MCTNet_400km2_California_North-2.tif,36
38.541094371042924,-121.59645093182469,MCTNet_400km2_California_North-2.tif,36
38.5409147079861,-121.6137884168082,MCTNet_400km2_California_North-2.tif,36
38.54073504492928,-121.6311259017917,MCTNet_400km2_California_North-2.tif,36
38.54055538187245,-121.64846338677522,MCTNet_400km2_California_North-2.tif,36
38.54046555034404,-121.59824756239293,MCTNet_400km2_California_North-2.tif,36
38.54028588728721,-121.61558504737644,MCTNet_400km2_California_North-2.tif,36
38.54010622423039,-121.63292253235994,MCTNet_400km2_California_North-2.tif,36
38.539926561173566,-121.65026001734346,MCTNet_400km2_California_North-2.tif,36
38.53983672964515,-121.60004419296118,MCTNet_400km2_California_North-2.tif,36
38.53965706658833,-121.61738167794468,MCTNet_400km2_California_North-2.tif,36
38.53947740353151,-121.63471916292819,MCTNet_400km2_California_North-2.tif,36
38.53929774047468,-121.65205664791169,MCTNet_400km2_California_North-2.tif,36
38.539207908946274,-121.60184082352941,MCTNet_400km2_California_North-2.tif,36
38.53902824588945,-121.61917830851291,MCTNet_400km2_California_North-2.tif,36
38.53884858283262,-121.63651579349643,MCTNet_400km2_California_North-2.tif,36
38.538758751304215,-121.58629996911414,MCTNet_400km2_California_North-2.tif,36
38.53857908824739,-121.60363745409765,MCTNet_400km2_California_North-2.tif,36
38.53839942519056,-121.62097493908115,MCTNet_400km2_California_North-2.tif,36
38.53821976213374,-121.63831242406467,MCTNet_400km2_California_North-2.tif,36
38.53812993060533,-121.58809659968239,MCTNet_400km2_California_North-2.tif,36
38.5379502675485,-121.60543408466589,MCTNet_400km2_California_North-2.tif,36
38.53777060449168,-121.6227715696494,MCTNet_400km2_California_North-2.tif,36
38.53759094143486,-121.6401090546329,MCTNet_400km2_California_North-2.tif,36
38.537501109906444,-121.58989323025062,MCTNet_400km2_California_North-2.tif,36
38.53732144684962,-121.60723071523412,MCTNet_400km2_California_North-2.tif,36
38.5371417837928,-121.62456820021764,MCTNet_400km2_California_North-2.tif,36
38.53696212073597,-121.64190568520114,MCTNet_400km2_California_North-2.tif,36
38.53687228920756,-121.59168986081886,MCTNet_400km2_California_North-2.tif,36
38.53669262615074,-121.60902734580237,MCTNet_400km2_California_North-2.tif,36
38.53651296309391,-121.62636483078587,MCTNet_400km2_California_North-2.tif,36
38.536333300037086,-121.64370231576937,MCTNet_400km2_California_North-2.tif,36
38.53624346850868,-121.5934864913871,MCTNet_400km2_California_North-2.tif,36
38.53606380545185,-121.61082397637061,MCTNet_400km2_California_North-2.tif,36
38.53588414239503,-121.62816146135411,MCTNet_400km2_California_North-2.tif,36
38.53570447933821,-121.64549894633763,MCTNet_400km2_California_North-2.tif,36
38.535614647809794,-121.59528312195533,MCTNet_400km2_California_North-2.tif,36
38.53543498475297,-121.61262060693885,MCTNet_400km2_California_North-2.tif,36
38.53525532169615,-121.62995809192235,MCTNet_400km2_California_North-2.tif,36
38.53507565863932,-121.64729557690586,MCTNet_400km2_California_North-2.tif,36
38.53498582711091,-121.59707975252358,MCTNet_400km2_California_North-2.tif,36
38.53480616405409,-121.61441723750708,MCTNet_400km2_California_North-2.tif,36
38.53462650099726,-121.6317547224906,MCTNet_400km2_California_North-2.tif,36
38.534446837940436,-121.6490922074741,MCTNet_400km2_California_North-2.tif,36
38.53435700641202,-121.59887638309182,MCTNet_400km2_California_North-2.tif,36
38.5341773433552,-121.61621386807532,MCTNet_400km2_California_North-2.tif,36
38.53399768029838,-121.63355135305883,MCTNet_400km2_California_North-2.tif,36
38.53381801724156,-121.65088883804233,MCTNet_400km2_California_North-2.tif,36
38.533728185713144,-121.60067301366006,MCTNet_400km2_California_North-2.tif,36
38.53354852265632,-121.61801049864356,MCTNet_400km2_California_North-2.tif,36
38.53336885959949,-121.63534798362707,MCTNet_400km2_California_North-2.tif,36
38.53318919654267,-121.65268546861057,MCTNet_400km2_California_North-2.tif,36
38.53309936501426,-121.6024696442283,MCTNet_400km2_California_North-2.tif,36
38.53291970195743,-121.61980712921181,MCTNet_400km2_California_North-2.tif,36
38.53274003890061,-121.63714461419531,MCTNet_400km2_California_North-2.tif,36
38.5326502073722,-121.58692878981303,MCTNet_400km2_California_North-2.tif,36
38.53247054431537,-121.60426627479653,MCTNet_400km2_California_North-2.tif,36
38.532290881258554,-121.62160375978004,MCTNet_400km2_California_North-2.tif,36
38.53211121820173,-121.63894124476354,MCTNet_400km2_California_North-2.tif,36
38.532021386673314,-121.58872542038127,MCTNet_400km2_California_North-2.tif,36
38.531841723616495,-121.60606290536478,MCTNet_400km2_California_North-2.tif,36
38.53166206055967,-121.62340039034828,MCTNet_400km2_California_North-2.tif,36
38.53148239750284,-121.64073787533178,MCTNet_400km2_California_North-2.tif,36
38.53139256597443,-121.5905220509495,MCTNet_400km2_California_North-2.tif,36
38.53121290291761,-121.60785953593302,MCTNet_400km2_California_North-2.tif,36
38.53103323986078,-121.62519702091652,MCTNet_400km2_California_North-2.tif,36
38.53085357680396,-121.64253450590003,MCTNet_400km2_California_North-2.tif,36
38.53076374527555,-121.59231868151774,MCTNet_400km2_California_North-2.tif,36
38.53058408221872,-121.60965616650125,MCTNet_400km2_California_North-2.tif,36
38.5304044191619,-121.62699365148475,MCTNet_400km2_California_North-2.tif,36
38.53022475610508,-121.64433113646827,MCTNet_400km2_California_North-2.tif,36
38.530134924576664,-121.59411531208599,MCTNet_400km2_California_North-2.tif,36
38.52995526151984,-121.61145279706949,MCTNet_400km2_California_North-2.tif,36
38.52977559846302,-121.628790282053,MCTNet_400km2_California_North-2.tif,36
38.52959593540619,-121.6461277670365,MCTNet_400km2_California_North-2.tif,36
38.52950610387778,-121.59591194265423,MCTNet_400km2_California_North-2.tif,36
38.52932644082096,-121.61324942763773,MCTNet_400km2_California_North-2.tif,36
38.52914677776413,-121.63058691262124,MCTNet_400km2_California_North-2.tif,36
38.52896711470731,-121.64792439760474,MCTNet_400km2_California_North-2.tif,36
38.5288772831789,-121.59770857322246,MCTNet_400km2_California_North-2.tif,36
38.528697620122074,-121.61504605820596,MCTNet_400km2_California_North-2.tif,36
38.52851795706525,-121.63238354318948,MCTNet_400km2_California_North-2.tif,36
38.52833829400843,-121.64972102817298,MCTNet_400km2_California_North-2.tif,36
38.528248462480015,-121.5995052037907,MCTNet_400km2_California_North-2.tif,36
38.52806879942319,-121.61684268877421,MCTNet_400km2_California_North-2.tif,36
38.52788913636637,-121.63418017375771,MCTNet_400km2_California_North-2.tif,36
38.52770947330954,-121.65151765874123,MCTNet_400km2_California_North-2.tif,36
38.52761964178113,-121.60130183435894,MCTNet_400km2_California_North-2.tif,36
38.5274399787243,-121.61863931934245,MCTNet_400km2_California_North-2.tif,36
38.52726031566748,-121.63597680432595,MCTNet_400km2_California_North-2.tif,36
38.52717048413907,-121.58576097994367,MCTNet_400km2_California_North-2.tif,36
38.526990821082244,-121.60309846492719,MCTNet_400km2_California_North-2.tif,36
38.526811158025424,-121.62043594991069,MCTNet_400km2_California_North-2.tif,36
38.5266314949686,-121.63777343489419,MCTNet_400km2_California_North-2.tif,36
38.526541663440184,-121.58755761051191,MCTNet_400km2_California_North-2.tif,36
38.526362000383365,-121.60489509549542,MCTNet_400km2_California_North-2.tif,36
38.52618233732654,-121.62223258047892,MCTNet_400km2_California_North-2.tif,36
38.52600267426971,-121.63957006546244,MCTNet_400km2_California_North-2.tif,36
38.525912842741306,-121.58935424108014,MCTNet_400km2_California_North-2.tif,36
38.52573317968448,-121.60669172606366,MCTNet_400km2_California_North-2.tif,36
38.52555351662765,-121.62402921104716,MCTNet_400km2_California_North-2.tif,36
38.525373853570834,-121.64136669603067,MCTNet_400km2_California_North-2.tif,36
38.52528402204242,-121.5911508716484,MCTNet_400km2_California_North-2.tif,36
38.525104358985594,-121.6084883566319,MCTNet_400km2_California_North-2.tif,36
38.524924695928775,-121.62582584161541,MCTNet_400km2_California_North-2.tif,36
38.52474503287195,-121.64316332659891,MCTNet_400km2_California_North-2.tif,36
38.524655201343535,-121.59294750221663,MCTNet_400km2_California_North-2.tif,36
38.52447553828671,-121.61028498720013,MCTNet_400km2_California_North-2.tif,36
38.52429587522989,-121.62762247218365,MCTNet_400km2_California_North-2.tif,36
38.52411621217306,-121.64495995716715,MCTNet_400km2_California_North-2.tif,36
38.52402638064465,-121.59474413278487,MCTNet_400km2_California_North-2.tif,36
38.52384671758783,-121.61208161776837,MCTNet_400km2_California_North-2.tif,36
38.523667054531,-121.62941910275188,MCTNet_400km2_California_North-2.tif,36
38.52348739147418,-121.64675658773538,MCTNet_400km2_California_North-2.tif,36
38.52339755994577,-121.5965407633531,MCTNet_400km2_California_North-2.tif,36
38.523217896888944,-121.61387824833662,MCTNet_400km2_California_North-2.tif,36
38.52303823383212,-121.63121573332012,MCTNet_400km2_California_North-2.tif,36
38.5228585707753,-121.64855321830363,MCTNet_400km2_California_North-2.tif,36
38.522768739246885,-121.59833739392134,MCTNet_400km2_California_North-2.tif,36
38.52258907619006,-121.61567487890485,MCTNet_400km2_California_North-2.tif,36
38.52240941313324,-121.63301236388835,MCTNet_400km2_California_North-2.tif,36
38.52222975007641,-121.65034984887187,MCTNet_400km2_California_North-2.tif,36
38.522139918548,-121.60013402448959,MCTNet_400km2_California_North-2.tif,36
38.52196025549118,-121.61747150947309,MCTNet_400km2_California_North-2.tif,36
38.521780592434354,-121.63480899445659,MCTNet_400km2_California_North-2.tif,36
38.52160092937753,-121.6521464794401,MCTNet_400km2_California_North-2.tif,36
38.521511097849114,-121.60193065505783,MCTNet_400km2_California_North-2.tif,36
38.521331434792295,-121.61926814004133,MCTNet_400km2_California_North-2.tif,36
38.52115177173547,-121.63660562502484,MCTNet_400km2_California_North-2.tif,36
38.521061940207055,-121.58638980064255,MCTNet_400km2_California_North-2.tif,36
38.520882277150235,-121.60372728562606,MCTNet_400km2_California_North-2.tif,36
38.52070261409341,-121.62106477060956,MCTNet_400km2_California_North-2.tif,36
38.52052295103658,-121.63840225559308,MCTNet_400km2_California_North-2.tif,36
38.520433119508176,-121.5881864312108,MCTNet_400km2_California_North-2.tif,36
38.52025345645135,-121.6055239161943,MCTNet_400km2_California_North-2.tif,36
38.52007379339452,-121.62286140117781,MCTNet_400km2_California_North-2.tif,36
38.519894130337704,-121.64019888616131,MCTNet_400km2_California_North-2.tif,36
38.51980429880929,-121.58998306177904,MCTNet_400km2_California_North-2.tif,36
38.519624635752464,-121.60732054676254,MCTNet_400km2_California_North-2.tif,36
38.519444972695645,-121.62465803174605,MCTNet_400km2_California_North-2.tif,36
38.51926530963882,-121.64199551672955,MCTNet_400km2_California_North-2.tif,36
38.519175478110405,-121.59177969234727,MCTNet_400km2_California_North-2.tif,36
38.518995815053586,-121.60911717733077,MCTNet_400km2_California_North-2.tif,36
38.51881615199676,-121.62645466231429,MCTNet_400km2_California_North-2.tif,36
38.51863648893993,-121.64379214729779,MCTNet_400km2_California_North-2.tif,36
38.51854665741152,-121.59357632291551,MCTNet_400km2_California_North-2.tif,36
38.5183669943547,-121.61091380789902,MCTNet_400km2_California_North-2.tif,36
38.518187331297874,-121.62825129288252,MCTNet_400km2_California_North-2.tif,36
38.518007668241054,-121.64558877786604,MCTNet_400km2_California_North-2.tif,36
38.51791783671264,-121.59537295348375,MCTNet_400km2_California_North-2.tif,36
38.517738173655815,-121.61271043846726,MCTNet_400km2_California_North-2.tif,36
38.51755851059899,-121.63004792345076,MCTNet_400km2_California_North-2.tif,36
38.51737884754217,-121.64738540843427,MCTNet_400km2_California_North-2.tif,36
38.517289016013756,-121.597169584052,MCTNet_400km2_California_North-2.tif,36
38.51710935295693,-121.6145070690355,MCTNet_400km2_California_North-2.tif,36
38.51692968990011,-121.631844554019,MCTNet_400km2_California_North-2.tif,36
38.51675002684328,-121.64918203900251,MCTNet_400km2_California_North-2.tif,36
38.51666019531487,-121.59896621462023,MCTNet_400km2_California_North-2.tif,36
38.51648053225805,-121.61630369960373,MCTNet_400km2_California_North-2.tif,36
38.516300869201224,-121.63364118458725,MCTNet_400km2_California_North-2.tif,36
38.5161212061444,-121.65097866957075,MCTNet_400km2_California_North-2.tif,36
38.51603137461599,-121.60076284518847,MCTNet_400km2_California_North-2.tif,36
38.515851711559165,-121.61810033017197,MCTNet_400km2_California_North-2.tif,36
38.51567204850234,-121.63543781515548,MCTNet_400km2_California_North-2.tif,36
38.51549238544552,-121.65277530013898,MCTNet_400km2_California_North-2.tif,36
38.515402553917106,-121.6025594757567,MCTNet_400km2_California_North-2.tif,36
38.51522289086028,-121.61989696074022,MCTNet_400km2_California_North-2.tif,36
38.51504322780346,-121.63723444572372,MCTNet_400km2_California_North-2.tif,36
38.51495339627505,-121.58701862134144,MCTNet_400km2_California_North-2.tif,36
38.51477373321822,-121.60435610632494,MCTNet_400km2_California_North-2.tif,36
38.514594070161394,-121.62169359130846,MCTNet_400km2_California_North-2.tif,36
38.514414407104574,-121.63903107629196,MCTNet_400km2_California_North-2.tif,36
38.51432457557616,-121.58881525190968,MCTNet_400km2_California_North-2.tif,36
38.514144912519335,-121.60615273689318,MCTNet_400km2_California_North-2.tif,36
38.513965249462515,-121.6234902218767,MCTNet_400km2_California_North-2.tif,36
38.51378558640569,-121.6408277068602,MCTNet_400km2_California_North-2.tif,36
38.513695754877276,-121.59061188247792,MCTNet_400km2_California_North-2.tif,36
38.513516091820456,-121.60794936746143,MCTNet_400km2_California_North-2.tif,36
38.51333642876363,-121.62528685244493,MCTNet_400km2_California_North-2.tif,36
38.5131567657068,-121.64262433742844,MCTNet_400km2_California_North-2.tif,36
38.5130669341784,-121.59240851304615,MCTNet_400km2_California_North-2.tif,36
38.51288727112157,-121.60974599802967,MCTNet_400km2_California_North-2.tif,36
38.512707608064744,-121.62708348301317,MCTNet_400km2_California_North-2.tif,36
38.512527945007925,-121.64442096799668,MCTNet_400km2_California_North-2.tif,36
38.51243811347951,-121.5942051436144,MCTNet_400km2_California_North-2.tif,36
38.512258450422685,-121.6115426285979,MCTNet_400km2_California_North-2.tif,36
38.512078787365866,-121.6288801135814,MCTNet_400km2_California_North-2.tif,36
38.51189912430904,-121.64621759856492,MCTNet_400km2_California_North-2.tif,36
38.511809292780626,-121.59600177418264,MCTNet_400km2_California_North-2.tif,36
38.5116296297238,-121.61333925916614,MCTNet_400km2_California_North-2.tif,36
38.51144996666698,-121.63067674414965,MCTNet_400km2_California_North-2.tif,36
38.511270303610154,-121.64801422913315,MCTNet_400km2_California_North-2.tif,36
38.51118047208174,-121.59779840475088,MCTNet_400km2_California_North-2.tif,36
38.51100080902492,-121.61513588973438,MCTNet_400km2_California_North-2.tif,36
38.510821145968094,-121.63247337471789,MCTNet_400km2_California_North-2.tif,36
38.51064148291127,-121.64981085970139,MCTNet_400km2_California_North-2.tif,36
38.51055165138286,-121.59959503531911,MCTNet_400km2_California_North-2.tif,36
38.510371988326035,-121.61693252030263,MCTNet_400km2_California_North-2.tif,36
38.51019232526921,-121.63427000528613,MCTNet_400km2_California_North-2.tif,36
38.51001266221239,-121.65160749026963,MCTNet_400km2_California_North-2.tif,36
38.509922830683976,-121.60139166588735,MCTNet_400km2_California_North-2.tif,36
38.50974316762715,-121.61872915087086,MCTNet_400km2_California_North-2.tif,36
38.50956350457033,-121.63606663585436,MCTNet_400km2_California_North-2.tif,36
38.50947367304192,-121.58585081147208,MCTNet_400km2_California_North-2.tif,36
38.50929400998509,-121.60318829645558,MCTNet_400km2_California_North-2.tif,36
38.50911434692827,-121.6205257814391,MCTNet_400km2_California_North-2.tif,36
38.508934683871445,-121.6378632664226,MCTNet_400km2_California_North-2.tif,36
38.50884485234303,-121.58764744204032,MCTNet_400km2_California_North-2.tif,36
38.508665189286205,-121.60498492702384,MCTNet_400km2_California_North-2.tif,36
38.508485526229386,-121.62232241200734,MCTNet_400km2_California_North-2.tif,36
38.50830586317256,-121.63965989699085,MCTNet_400km2_California_North-2.tif,36
38.508216031644146,-121.58944407260856,MCTNet_400km2_California_North-2.tif,36
38.50803636858733,-121.60678155759207,MCTNet_400km2_California_North-2.tif,36
38.5078567055305,-121.62411904257557,MCTNet_400km2_California_North-2.tif,36
38.507677042473674,-121.64145652755909,MCTNet_400km2_California_North-2.tif,36
38.50758721094527,-121.59124070317681,MCTNet_400km2_California_North-2.tif,36
38.50740754788844,-121.60857818816031,MCTNet_400km2_California_North-2.tif,36
38.507227884831615,-121.62591567314381,MCTNet_400km2_California_North-2.tif,36
38.507048221774795,-121.64325315812732,MCTNet_400km2_California_North-2.tif,36
38.50695839024638,-121.59303733374504,MCTNet_400km2_California_North-2.tif,36
38.506778727189555,-121.61037481872854,MCTNet_400km2_California_North-2.tif,36
38.506599064132736,-121.62771230371206,MCTNet_400km2_California_North-2.tif,36
38.50641940107591,-121.64504978869556,MCTNet_400km2_California_North-2.tif,36
38.506329569547496,-121.59483396431328,MCTNet_400km2_California_North-2.tif,36
38.50614990649067,-121.61217144929678,MCTNet_400km2_California_North-2.tif,36
38.50597024343385,-121.6295089342803,MCTNet_400km2_California_North-2.tif,36
38.505790580377024,-121.6468464192638,MCTNet_400km2_California_North-2.tif,36
38.50570074884861,-121.59663059488152,MCTNet_400km2_California_North-2.tif,36
38.50552108579179,-121.61396807986503,MCTNet_400km2_California_North-2.tif,36
38.505341422734965,-121.63130556484853,MCTNet_400km2_California_North-2.tif,36
38.50516175967814,-121.64864304983203,MCTNet_400km2_California_North-2.tif,36
38.50507192814973,-121.59842722544975,MCTNet_400km2_California_North-2.tif,36
38.504892265092906,-121.61576471043327,MCTNet_400km2_California_North-2.tif,36
38.50471260203608,-121.63310219541677,MCTNet_400km2_California_North-2.tif,36
38.50453293897926,-121.65043968040028,MCTNet_400km2_California_North-2.tif,36
38.50444310745085,-121.60022385601799,MCTNet_400km2_California_North-2.tif,36
38.50426344439402,-121.6175613410015,MCTNet_400km2_California_North-2.tif,36
38.5040837813372,-121.634898825985,MCTNet_400km2_California_North-2.tif,36
38.503904118280374,-121.65223631096852,MCTNet_400km2_California_North-2.tif,36
38.50381428675196,-121.60202048658624,MCTNet_400km2_California_North-2.tif,36
38.50363462369514,-121.61935797156974,MCTNet_400km2_California_North-2.tif,36
38.503454960638315,-121.63669545655326,MCTNet_400km2_California_North-2.tif,36
38.5033651291099,-121.58647963217096,MCTNet_400km2_California_North-2.tif,36
38.503185466053075,-121.60381711715448,MCTNet_400km2_California_North-2.tif,36
38.503005802996256,-121.62115460213798,MCTNet_400km2_California_North-2.tif,36
38.50282613993943,-121.63849208712149,MCTNet_400km2_California_North-2.tif,36
38.502736308411016,-121.58827626273921,MCTNet_400km2_California_North-2.tif,36
38.5025566453542,-121.60561374772271,MCTNet_400km2_California_North-2.tif,36
38.50237698229737,-121.62295123270621,MCTNet_400km2_California_North-2.tif,36
38.502197319240544,-121.64028871768973,MCTNet_400km2_California_North-2.tif,36
38.50210748771214,-121.59007289330745,MCTNet_400km2_California_North-2.tif,36
38.50192782465531,-121.60741037829095,MCTNet_400km2_California_North-2.tif,36
38.501748161598485,-121.62474786327446,MCTNet_400km2_California_North-2.tif,36
38.501568498541666,-121.64208534825796,MCTNet_400km2_California_North-2.tif,36
38.50147866701325,-121.59186952387569,MCTNet_400km2_California_North-2.tif,36
38.501299003956426,-121.60920700885919,MCTNet_400km2_California_North-2.tif,36
38.501119340899606,-121.6265444938427,MCTNet_400km2_California_North-2.tif,36
38.50093967784278,-121.6438819788262,MCTNet_400km2_California_North-2.tif,36
38.50084984631437,-121.59366615444392,MCTNet_400km2_California_North-2.tif,36
38.50067018325755,-121.61100363942744,MCTNet_400km2_California_North-2.tif,36
38.50049052020072,-121.62834112441094,MCTNet_400km2_California_North-2.tif,36
38.500310857143894,-121.64567860939444,MCTNet_400km2_California_North-2.tif,36
38.50022102561548,-121.59546278501216,MCTNet_400km2_California_North-2.tif,36
38.50004136255866,-121.61280026999567,MCTNet_400km2_California_North-2.tif,36
38.499861699501835,-121.63013775497917,MCTNet_400km2_California_North-2.tif,36
38.499682036445016,-121.64747523996269,MCTNet_400km2_California_North-2.tif,36
38.4995922049166,-121.5972594155804,MCTNet_400km2_California_North-2.tif,36
38.499412541859776,-121.61459690056391,MCTNet_400km2_California_North-2.tif,36
38.49923287880295,-121.63193438554741,MCTNet_400km2_California_North-2.tif,36
38.49905321574613,-121.64927187053092,MCTNet_400km2_California_North-2.tif,36
38.49896338421772,-121.59905604614865,MCTNet_400km2_California_North-2.tif,36
38.49878372116089,-121.61639353113215,MCTNet_400km2_California_North-2.tif,36
38.49860405810407,-121.63373101611566,MCTNet_400km2_California_North-2.tif,36
38.498424395047245,-121.65106850109916,MCTNet_400km2_California_North-2.tif,36
38.49833456351883,-121.60085267671688,MCTNet_400km2_California_North-2.tif,36
38.49815490046201,-121.61819016170038,MCTNet_400km2_California_North-2.tif,36
38.497975237405186,-121.6355276466839,MCTNet_400km2_California_North-2.tif,36
38.49779557434836,-121.6528651316674,MCTNet_400km2_California_North-2.tif,36
38.49770574281995,-121.60264930728512,MCTNet_400km2_California_North-2.tif,36
38.49752607976313,-121.61998679226862,MCTNet_400km2_California_North-2.tif,36
38.4973464167063,-121.63732427725213,MCTNet_400km2_California_North-2.tif,36
38.49725658517789,-121.58710845286986,MCTNet_400km2_California_North-2.tif,36
38.49707692212107,-121.60444593785336,MCTNet_400km2_California_North-2.tif,36
38.49689725906424,-121.62178342283687,MCTNet_400km2_California_North-2.tif,36
38.49671759600742,-121.63912090782037,MCTNet_400km2_California_North-2.tif,36
38.49662776447901,-121.58890508343809,MCTNet_400km2_California_North-2.tif,36
38.49644810142218,-121.60624256842159,MCTNet_400km2_California_North-2.tif,36
38.496268438365355,-121.6235800534051,MCTNet_400km2_California_North-2.tif,36
38.496088775308536,-121.6409175383886,MCTNet_400km2_California_North-2.tif,36
38.49599894378012,-121.59070171400633,MCTNet_400km2_California_North-2.tif,36
38.495819280723296,-121.60803919898984,MCTNet_400km2_California_North-2.tif,36
38.49563961766648,-121.62537668397334,MCTNet_400km2_California_North-2.tif,36
38.49545995460965,-121.64271416895684,MCTNet_400km2_California_North-2.tif,36
38.49537012308124,-121.59249834457457,MCTNet_400km2_California_North-2.tif,36
38.49519046002442,-121.60983582955808,MCTNet_400km2_California_North-2.tif,36
38.49501079696759,-121.62717331454158,MCTNet_400km2_California_North-2.tif,36
38.494831133910765,-121.6445107995251,MCTNet_400km2_California_North-2.tif,36
38.49474130238236,-121.5942949751428,MCTNet_400km2_California_North-2.tif,36
38.49456163932553,-121.61163246012632,MCTNet_400km2_California_North-2.tif,36
38.494381976268706,-121.62896994510982,MCTNet_400km2_California_North-2.tif,36
38.494202313211886,-121.64630743009333,MCTNet_400km2_California_North-2.tif,36
38.49411248168347,-121.59609160571105,MCTNet_400km2_California_North-2.tif,36
38.49393281862665,-121.61342909069455,MCTNet_400km2_California_North-2.tif,36
38.49375315556983,-121.63076657567807,MCTNet_400km2_California_North-2.tif,36
38.493573492513,-121.64810406066157,MCTNet_400km2_California_North-2.tif,36
38.49348366098459,-121.59788823627929,MCTNet_400km2_California_North-2.tif,36
38.49330399792776,-121.61522572126279,MCTNet_400km2_California_North-2.tif,36
38.49312433487094,-121.6325632062463,MCTNet_400km2_California_North-2.tif,36
38.492944671814115,-121.6499006912298,MCTNet_400km2_California_North-2.tif,36
38.4928548402857,-121.59968486684753,MCTNet_400km2_California_North-2.tif,36
38.49267517722888,-121.61702235183103,MCTNet_400km2_California_North-2.tif,36
38.492495514172056,-121.63435983681454,MCTNet_400km2_California_North-2.tif,36
38.49231585111523,-121.65169732179804,MCTNet_400km2_California_North-2.tif,36
38.49222601958682,-121.60148149741576,MCTNet_400km2_California_North-2.tif,36
38.49204635653,-121.61881898239928,MCTNet_400km2_California_North-2.tif,36
38.49186669347317,-121.63615646738278,MCTNet_400km2_California_North-2.tif,36
38.491776861944764,-121.5859406430005,MCTNet_400km2_California_North-2.tif,36
38.49159719888794,-121.603278127984,MCTNet_400km2_California_North-2.tif,36
38.49141753583111,-121.62061561296751,MCTNet_400km2_California_North-2.tif,36
38.49123787277429,-121.63795309795101,MCTNet_400km2_California_North-2.tif,36
38.49114804124588,-121.58773727356873,MCTNet_400km2_California_North-2.tif,36
38.49096837818905,-121.60507475855225,MCTNet_400km2_California_North-2.tif,36
38.49078871513223,-121.62241224353575,MCTNet_400km2_California_North-2.tif,36
38.490609052075406,-121.63974972851925,MCTNet_400km2_California_North-2.tif,36
38.49051922054699,-121.58953390413697,MCTNet_400km2_California_North-2.tif,36
38.49033955749017,-121.60687138912049,MCTNet_400km2_California_North-2.tif,36
38.49015989443335,-121.62420887410399,MCTNet_400km2_California_North-2.tif,36
38.48998023137652,-121.6415463590875,MCTNet_400km2_California_North-2.tif,36
38.48989039984811,-121.59133053470521,MCTNet_400km2_California_North-2.tif,36
38.48971073679129,-121.60866801968872,MCTNet_400km2_California_North-2.tif,36
38.48953107373446,-121.62600550467222,MCTNet_400km2_California_North-2.tif,36
38.489351410677635,-121.64334298965574,MCTNet_400km2_California_North-2.tif,36
38.48926157914923,-121.59312716527346,MCTNet_400km2_California_North-2.tif,36
38.4890819160924,-121.61046465025696,MCTNet_400km2_California_North-2.tif,36
38.488902253035576,-121.62780213524047,MCTNet_400km2_California_North-2.tif,36
38.48872258997876,-121.64513962022397,MCTNet_400km2_California_North-2.tif,36
38.48863275845034,-121.5949237958417,MCTNet_400km2_California_North-2.tif,36
38.48845309539352,-121.6122612808252,MCTNet_400km2_California_North-2.tif,36
38.4882734323367,-121.62959876580871,MCTNet_400km2_California_North-2.tif,36
38.48809376927987,-121.64693625079221,MCTNet_400km2_California_North-2.tif,36
38.48800393775146,-121.59672042640993,MCTNet_400km2_California_North-2.tif,36
38.48782427469464,-121.61405791139343,MCTNet_400km2_California_North-2.tif,36
38.48764461163781,-121.63139539637694,MCTNet_400km2_California_North-2.tif,36
38.487464948580985,-121.64873288136044,MCTNet_400km2_California_North-2.tif,36
38.48737511705257,-121.59851705697817,MCTNet_400km2_California_North-2.tif,36
38.48719545399575,-121.61585454196168,MCTNet_400km2_California_North-2.tif,36
38.487015790938926,-121.63319202694518,MCTNet_400km2_California_North-2.tif,36
38.48683612788211,-121.6505295119287,MCTNet_400km2_California_North-2.tif,36
38.486746296353694,-121.6003136875464,MCTNet_400km2_California_North-2.tif,36
38.48656663329687,-121.61765117252992,MCTNet_400km2_California_North-2.tif,36
38.48638697024004,-121.63498865751342,MCTNet_400km2_California_North-2.tif,36
38.48620730718322,-121.65232614249693,MCTNet_400km2_California_North-2.tif,36
38.48611747565481,-121.60211031811465,MCTNet_400km2_California_North-2.tif,36
38.48593781259798,-121.61944780309815,MCTNet_400km2_California_North-2.tif,36
38.48575814954116,-121.63678528808165,MCTNet_400km2_California_North-2.tif,36
38.48566831801275,-121.58656946369938,MCTNet_400km2_California_North-2.tif,36
38.48548865495592,-121.60390694868289,MCTNet_400km2_California_North-2.tif,36
38.4853089918991,-121.62124443366639,MCTNet_400km2_California_North-2.tif,36
38.48512932884228,-121.6385819186499,MCTNet_400km2_California_North-2.tif,36
38.48503949731386,-121.58836609426761,MCTNet_400km2_California_North-2.tif,36
38.484859834257044,-121.60570357925113,MCTNet_400km2_California_North-2.tif,36
38.48468017120022,-121.62304106423463,MCTNet_400km2_California_North-2.tif,36
38.48450050814339,-121.64037854921814,MCTNet_400km2_California_North-2.tif,36
38.48441067661498,-121.59016272483586,MCTNet_400km2_California_North-2.tif,36
38.48423101355816,-121.60750020981936,MCTNet_400km2_California_North-2.tif,36
38.48405135050133,-121.62483769480288,MCTNet_400km2_California_North-2.tif,36
38.48387168744451,-121.64217517978638,MCTNet_400km2_California_North-2.tif,36
38.4837818559161,-121.5919593554041,MCTNet_400km2_California_North-2.tif,36
38.48360219285927,-121.6092968403876,MCTNet_400km2_California_North-2.tif,36
38.483422529802446,-121.62663432537111,MCTNet_400km2_California_North-2.tif,36
38.48324286674563,-121.64397181035461,MCTNet_400km2_California_North-2.tif,36
38.483153035217214,-121.59375598597234,MCTNet_400km2_California_North-2.tif,36
38.48297337216039,-121.61109347095584,MCTNet_400km2_California_North-2.tif,36
38.48279370910357,-121.62843095593935,MCTNet_400km2_California_North-2.tif,36
38.48261404604674,-121.64576844092285,MCTNet_400km2_California_North-2.tif,36
38.48252421451833,-121.59555261654057,MCTNet_400km2_California_North-2.tif,36
38.48234455146151,-121.61289010152409,MCTNet_400km2_California_North-2.tif,36
38.48216488840468,-121.63022758650759,MCTNet_400km2_California_North-2.tif,36
38.481985225347856,-121.6475650714911,MCTNet_400km2_California_North-2.tif,36
38.48189539381945,-121.59734924710881,MCTNet_400km2_California_North-2.tif,36
38.48171573076262,-121.61468673209232,MCTNet_400km2_California_North-2.tif,36
38.4815360677058,-121.63202421707582,MCTNet_400km2_California_North-2.tif,36
38.48135640464898,-121.64936170205934,MCTNet_400km2_California_North-2.tif,36
38.481266573120564,-121.59914587767706,MCTNet_400km2_California_North-2.tif,36
38.48108691006374,-121.61648336266056,MCTNet_400km2_California_North-2.tif,36
38.48090724700692,-121.63382084764406,MCTNet_400km2_California_North-2.tif,36
38.48072758395009,-121.65115833262757,MCTNet_400km2_California_North-2.tif,36
38.48063775242168,-121.6009425082453,MCTNet_400km2_California_North-2.tif,36
38.48045808936485,-121.6182799932288,MCTNet_400km2_California_North-2.tif,36
38.48027842630803,-121.63561747821231,MCTNet_400km2_California_North-2.tif,36
38.480098763251206,-121.65295496319581,MCTNet_400km2_California_North-2.tif,36
38.48000893172279,-121.60273913881353,MCTNet_400km2_California_North-2.tif,36
38.47982926866597,-121.62007662379703,MCTNet_400km2_California_North-2.tif,36
38.47964960560915,-121.63741410878055,MCTNet_400km2_California_North-2.tif,36
38.479559774080734,-121.58719828439827,MCTNet_400km2_California_North-2.tif,36
38.479380111023914,-121.60453576938177,MCTNet_400km2_California_North-2.tif,36
38.47920044796709,-121.62187325436528,MCTNet_400km2_California_North-2.tif,36
38.47902078491026,-121.63921073934878,MCTNet_400km2_California_North-2.tif,36
38.478930953381855,-121.5889949149665,MCTNet_400km2_California_North-2.tif,36
38.47875129032503,-121.60633239995,MCTNet_400km2_California_North-2.tif,36
38.4785716272682,-121.62366988493352,MCTNet_400km2_California_North-2.tif,36
38.47839196421138,-121.64100736991702,MCTNet_400km2_California_North-2.tif,36
38.47830213268297,-121.59079154553474,MCTNet_400km2_California_North-2.tif,36
38.47812246962614,-121.60812903051824,MCTNet_400km2_California_North-2.tif,36
38.477942806569324,-121.62546651550176,MCTNet_400km2_California_North-2.tif,36
38.4777631435125,-121.64280400048526,MCTNet_400km2_California_North-2.tif,36
38.477673311984084,-121.59258817610298,MCTNet_400km2_California_North-2.tif,36
38.47749364892726,-121.60992566108649,MCTNet_400km2_California_North-2.tif,36
38.47731398587044,-121.62726314606999,MCTNet_400km2_California_North-2.tif,36
38.47713432281361,-121.6446006310535,MCTNet_400km2_California_North-2.tif,36
38.4770444912852,-121.59438480667121,MCTNet_400km2_California_North-2.tif,36
38.47686482822838,-121.61172229165473,MCTNet_400km2_California_North-2.tif,36
38.47668516517155,-121.62905977663823,MCTNet_400km2_California_North-2.tif,36
38.476505502114726,-121.64639726162174,MCTNet_400km2_California_North-2.tif,36
38.47641567058632,-121.59618143723947,MCTNet_400km2_California_North-2.tif,36
38.476236007529494,-121.61351892222297,MCTNet_400km2_California_North-2.tif,36
38.47605634447267,-121.63085640720647,MCTNet_400km2_California_North-2.tif,36
38.47587668141585,-121.64819389218998,MCTNet_400km2_California_North-2.tif,36
38.475786849887434,-121.5979780678077,MCTNet_400km2_California_North-2.tif,36
38.47560718683061,-121.6153155527912,MCTNet_400km2_California_North-2.tif,36
38.47542752377379,-121.63265303777472,MCTNet_400km2_California_North-2.tif,36
38.47524786071696,-121.64999052275822,MCTNet_400km2_California_North-2.tif,36
38.47515802918855,-121.59977469837594,MCTNet_400km2_California_North-2.tif,36
38.47497836613172,-121.61711218335944,MCTNet_400km2_California_North-2.tif,36
38.4747987030749,-121.63444966834295,MCTNet_400km2_California_North-2.tif,36
38.47461904001808,-121.65178715332645,MCTNet_400km2_California_North-2.tif,36
38.47452920848966,-121.60157132894417,MCTNet_400km2_California_North-2.tif,36
38.474349545432844,-121.61890881392769,MCTNet_400km2_California_North-2.tif,36
38.47416988237602,-121.63624629891119,MCTNet_400km2_California_North-2.tif,36
38.474080050847604,-121.58603047452891,MCTNet_400km2_California_North-2.tif,36
38.473900387790785,-121.60336795951241,MCTNet_400km2_California_North-2.tif,36
38.47372072473396,-121.62070544449593,MCTNet_400km2_California_North-2.tif,36
38.47354106167713,-121.63804292947943,MCTNet_400km2_California_North-2.tif,36
38.473451230148726,-121.58782710509715,MCTNet_400km2_California_North-2.tif,36
38.4732715670919,-121.60516459008065,MCTNet_400km2_California_North-2.tif,36
38.47309190403507,-121.62250207506416,MCTNet_400km2_California_North-2.tif,36
38.47291224097825,-121.63983956004766,MCTNet_400km2_California_North-2.tif,36
38.47282240944984,-121.58962373566538,MCTNet_400km2_California_North-2.tif,36
38.472642746393014,-121.6069612206489,MCTNet_400km2_California_North-2.tif,36
38.472463083336194,-121.6242987056324,MCTNet_400km2_California_North-2.tif,36
38.47228342027937,-121.64163619061591,MCTNet_400km2_California_North-2.tif,36
38.472193588750955,-121.59142036623362,MCTNet_400km2_California_North-2.tif,36
38.47201392569413,-121.60875785121713,MCTNet_400km2_California_North-2.tif,36
38.47183426263731,-121.62609533620063,MCTNet_400km2_California_North-2.tif,36
38.47165459958048,-121.64343282118415,MCTNet_400km2_California_North-2.tif,36
38.47156476805207,-121.59321699680187,MCTNet_400km2_California_North-2.tif,36
38.47138510499525,-121.61055448178537,MCTNet_400km2_California_North-2.tif,36
38.47120544193842,-121.62789196676887,MCTNet_400km2_California_North-2.tif,36
38.4710257788816,-121.64522945175239,MCTNet_400km2_California_North-2.tif,36
38.47093594735319,-121.59501362737011,MCTNet_400km2_California_North-2.tif,36
38.470756284296364,-121.61235111235361,MCTNet_400km2_California_North-2.tif,36
38.47057662123954,-121.62968859733712,MCTNet_400km2_California_North-2.tif,36
38.47039695818272,-121.64702608232062,MCTNet_400km2_California_North-2.tif,36
38.470307126654305,-121.59681025793834,MCTNet_400km2_California_North-2.tif,36
38.47012746359748,-121.61414774292184,MCTNet_400km2_California_North-2.tif,36
38.46994780054066,-121.63148522790536,MCTNet_400km2_California_North-2.tif,36
38.46976813748383,-121.64882271288886,MCTNet_400km2_California_North-2.tif,36
38.46967830595542,-121.59860688850658,MCTNet_400km2_California_North-2.tif,36
38.4694986428986,-121.6159443734901,MCTNet_400km2_California_North-2.tif,36
38.46931897984177,-121.6332818584736,MCTNet_400km2_California_North-2.tif,36
38.46913931678495,-121.6506193434571,MCTNet_400km2_California_North-2.tif,36
38.469049485256534,-121.60040351907482,MCTNet_400km2_California_North-2.tif,36
38.468869822199714,-121.61774100405833,MCTNet_400km2_California_North-2.tif,36
38.46869015914289,-121.63507848904183,MCTNet_400km2_California_North-2.tif,36
38.46851049608607,-121.65241597402535,MCTNet_400km2_California_North-2.tif,36
38.468420664557655,-121.60220014964305,MCTNet_400km2_California_North-2.tif,36
38.46824100150083,-121.61953763462657,MCTNet_400km2_California_North-2.tif,36
38.468061338444,-121.63687511961007,MCTNet_400km2_California_North-2.tif,36
38.467971506915596,-121.58665929522779,MCTNet_400km2_California_North-2.tif,36
38.46779184385877,-121.6039967802113,MCTNet_400km2_California_North-2.tif,36
38.46761218080194,-121.6213342651948,MCTNet_400km2_California_North-2.tif,36
38.467432517745124,-121.63867175017832,MCTNet_400km2_California_North-2.tif,36
38.46734268621671,-121.58845592579603,MCTNet_400km2_California_North-2.tif,36
38.467163023159884,-121.60579341077954,MCTNet_400km2_California_North-2.tif,36
38.466983360103065,-121.62313089576304,MCTNet_400km2_California_North-2.tif,36
38.46680369704624,-121.64046838074655,MCTNet_400km2_California_North-2.tif,36
38.466713865517825,-121.59025255636428,MCTNet_400km2_California_North-2.tif,36
38.466534202461006,-121.60759004134778,MCTNet_400km2_California_North-2.tif,36
38.46635453940418,-121.62492752633128,MCTNet_400km2_California_North-2.tif,36
38.46617487634735,-121.64226501131479,MCTNet_400km2_California_North-2.tif,36
38.46608504481894,-121.59204918693251,MCTNet_400km2_California_North-2.tif,36
38.46590538176212,-121.60938667191601,MCTNet_400km2_California_North-2.tif,36
38.46572571870529,-121.62672415689953,MCTNet_400km2_California_North-2.tif,36
38.465546055648474,-121.64406164188303,MCTNet_400km2_California_North-2.tif,36
38.46545622412006,-121.59384581750075,MCTNet_400km2_California_North-2.tif,36
38.465276561063234,-121.61118330248425,MCTNet_400km2_California_North-2.tif,36
38.46509689800641,-121.62852078746776,MCTNet_400km2_California_North-2.tif,36
38.46491723494959,-121.64585827245126,MCTNet_400km2_California_North-2.tif,36
38.464827403421175,-121.59564244806899,MCTNet_400km2_California_North-2.tif,36
38.46464774036435,-121.6129799330525,MCTNet_400km2_California_North-2.tif,36
38.46446807730753,-121.630317418036,MCTNet_400km2_California_North-2.tif,36
38.4642884142507,-121.6476549030195,MCTNet_400km2_California_North-2.tif,36
38.46419858272229,-121.59743907863722,MCTNet_400km2_California_North-2.tif,36
38.46401891966547,-121.61477656362074,MCTNet_400km2_California_North-2.tif,36
38.463839256608644,-121.63211404860424,MCTNet_400km2_California_North-2.tif,36
38.46365959355182,-121.64945153358775,MCTNet_400km2_California_North-2.tif,36
38.46356976202341,-121.59923570920546,MCTNet_400km2_California_North-2.tif,36
38.463390098966585,-121.61657319418897,MCTNet_400km2_California_North-2.tif,36
38.46321043590976,-121.63391067917247,MCTNet_400km2_California_North-2.tif,36
38.46303077285294,-121.65124816415599,MCTNet_400km2_California_North-2.tif,36
38.462940941324526,-121.60103233977371,MCTNet_400km2_California_North-2.tif,36
38.4627612782677,-121.61836982475721,MCTNet_400km2_California_North-2.tif,36
38.46258161521088,-121.63570730974072,MCTNet_400km2_California_North-2.tif,36
38.46240195215405,-121.65304479472422,MCTNet_400km2_California_North-2.tif,36
38.46231212062564,-121.60282897034195,MCTNet_400km2_California_North-2.tif,36
38.46213245756881,-121.62016645532545,MCTNet_400km2_California_North-2.tif,36
38.461952794511994,-121.63750394030896,MCTNet_400km2_California_North-2.tif,36
38.46186296298358,-121.58728811592667,MCTNet_400km2_California_North-2.tif,36
38.461683299926754,-121.60462560091018,MCTNet_400km2_California_North-2.tif,36
38.461503636869935,-121.62196308589368,MCTNet_400km2_California_North-2.tif,36
38.46132397381311,-121.6393005708772,MCTNet_400km2_California_North-2.tif,36
38.461234142284695,-121.58908474649492,MCTNet_400km2_California_North-2.tif,36
38.461054479227876,-121.60642223147842,MCTNet_400km2_California_North-2.tif,36
38.46087481617105,-121.62375971646193,MCTNet_400km2_California_North-2.tif,36
38.46069515311422,-121.64109720144543,MCTNet_400km2_California_North-2.tif,36
38.46060532158582,-121.59088137706316,MCTNet_400km2_California_North-2.tif,36
38.46042565852899,-121.60821886204666,MCTNet_400km2_California_North-2.tif,36
38.460245995472164,-121.62555634703017,MCTNet_400km2_California_North-2.tif,36
38.460066332415344,-121.64289383201367,MCTNet_400km2_California_North-2.tif,36
38.45997650088693,-121.59267800763139,MCTNet_400km2_California_North-2.tif,36
38.459796837830105,-121.6100154926149,MCTNet_400km2_California_North-2.tif,36
38.459617174773285,-121.6273529775984,MCTNet_400km2_California_North-2.tif,36
38.45943751171646,-121.6446904625819,MCTNet_400km2_California_North-2.tif,36
38.459347680188046,-121.59447463819963,MCTNet_400km2_California_North-2.tif,36
38.45916801713122,-121.61181212318314,MCTNet_400km2_California_North-2.tif,36
38.4589883540744,-121.62914960816664,MCTNet_400km2_California_North-2.tif,36
38.45880869101757,-121.64648709315016,MCTNet_400km2_California_North-2.tif,36
38.45871885948916,-121.59627126876786,MCTNet_400km2_California_North-2.tif,36
38.45853919643234,-121.61360875375138,MCTNet_400km2_California_North-2.tif,36
38.458359533375514,-121.63094623873488,MCTNet_400km2_California_North-2.tif,36
38.45817987031869,-121.6482837237184,MCTNet_400km2_California_North-2.tif,36
38.45809003879028,-121.59806789933612,MCTNet_400km2_California_North-2.tif,36
38.457910375733455,-121.61540538431962,MCTNet_400km2_California_North-2.tif,36
38.45773071267663,-121.63274286930313,MCTNet_400km2_California_North-2.tif,36
38.45755104961981,-121.65008035428663,MCTNet_400km2_California_North-2.tif,36
38.457461218091396,-121.59986452990435,MCTNet_400km2_California_North-2.tif,36
38.45728155503457,-121.61720201488785,MCTNet_400km2_California_North-2.tif,36
38.45710189197775,-121.63453949987137,MCTNet_400km2_California_North-2.tif,36
38.456922228920924,-121.65187698485487,MCTNet_400km2_California_North-2.tif,36
38.45683239739251,-121.60166116047259,MCTNet_400km2_California_North-2.tif,36
38.45665273433569,-121.61899864545609,MCTNet_400km2_California_North-2.tif,36
38.456473071278864,-121.6363361304396,MCTNet_400km2_California_North-2.tif,36
38.45638323975045,-121.58612030605732,MCTNet_400km2_California_North-2.tif,36
38.456203576693625,-121.60345779104082,MCTNet_400km2_California_North-2.tif,36
38.456023913636805,-121.62079527602434,MCTNet_400km2_California_North-2.tif,36
38.45584425057998,-121.63813276100784,MCTNet_400km2_California_North-2.tif,36
38.455754419051566,-121.58791693662556,MCTNet_400km2_California_North-2.tif,36
38.455574755994746,-121.60525442160906,MCTNet_400km2_California_North-2.tif,36
38.45539509293792,-121.62259190659258,MCTNet_400km2_California_North-2.tif,36
38.45521542988109,-121.63992939157608,MCTNet_400km2_California_North-2.tif,36
38.45512559835269,-121.5897135671938,MCTNet_400km2_California_North-2.tif,36
38.45494593529586,-121.60705105217731,MCTNet_400km2_California_North-2.tif,36
38.454766272239034,-121.62438853716081,MCTNet_400km2_California_North-2.tif,36
38.454586609182215,-121.64172602214431,MCTNet_400km2_California_North-2.tif,36
38.4544967776538,-121.59151019776203,MCTNet_400km2_California_North-2.tif,36
38.454317114596975,-121.60884768274555,MCTNet_400km2_California_North-2.tif,36
38.454137451540156,-121.62618516772905,MCTNet_400km2_California_North-2.tif,36
38.45395778848333,-121.64352265271256,MCTNet_400km2_California_North-2.tif,36
38.453867956954916,-121.59330682833027,MCTNet_400km2_California_North-2.tif,36
38.4536882938981,-121.61064431331378,MCTNet_400km2_California_North-2.tif,36
38.45350863084127,-121.62798179829728,MCTNet_400km2_California_North-2.tif,36
38.453328967784444,-121.6453192832808,MCTNet_400km2_California_North-2.tif,36
38.45323913625603,-121.59510345889852,MCTNet_400km2_California_North-2.tif,36
38.45305947319921,-121.61244094388202,MCTNet_400km2_California_North-2.tif,36
38.452879810142385,-121.62977842886554,MCTNet_400km2_California_North-2.tif,36
38.452700147085565,-121.64711591384903,MCTNet_400km2_California_North-2.tif,36
38.45261031555715,-121.59690008946676,MCTNet_400km2_California_North-2.tif,36
38.452430652500325,-121.61423757445026,MCTNet_400km2_California_North-2.tif,36
38.4522509894435,-121.63157505943377,MCTNet_400km2_California_North-2.tif,36
38.45207132638668,-121.64891254441727,MCTNet_400km2_California_North-2.tif,36
38.451981494858266,-121.598696720035,MCTNet_400km2_California_North-2.tif,36
38.45180183180144,-121.6160342050185,MCTNet_400km2_California_North-2.tif,36
38.45162216874462,-121.63337169000201,MCTNet_400km2_California_North-2.tif,36
38.451442505687794,-121.65070917498551,MCTNet_400km2_California_North-2.tif,36
38.45135267415938,-121.60049335060323,MCTNet_400km2_California_North-2.tif,36
38.45117301110256,-121.61783083558674,MCTNet_400km2_California_North-2.tif,36
38.450993348045735,-121.63516832057024,MCTNet_400km2_California_North-2.tif,36
38.45081368498891,-121.65250580555376,MCTNet_400km2_California_North-2.tif,36
38.4507238534605,-121.60228998117147,MCTNet_400km2_California_North-2.tif,36
38.450544190403676,-121.61962746615498,MCTNet_400km2_California_North-2.tif,36
38.45036452734685,-121.63696495113848,MCTNet_400km2_California_North-2.tif,36
38.450274695818436,-121.5867491267562,MCTNet_400km2_California_North-2.tif,36
38.45009503276162,-121.60408661173972,MCTNet_400km2_California_North-2.tif,36
38.44991536970479,-121.62142409672322,MCTNet_400km2_California_North-2.tif,36
38.44973570664797,-121.63876158170672,MCTNet_400km2_California_North-2.tif,36
38.44964587511956,-121.58854575732444,MCTNet_400km2_California_North-2.tif,36
38.44946621206273,-121.60588324230795,MCTNet_400km2_California_North-2.tif,36
38.449286549005905,-121.62322072729145,MCTNet_400km2_California_North-2.tif,36
38.449106885949085,-121.64055821227497,MCTNet_400km2_California_North-2.tif,36
38.44901705442067,-121.59034238789268,MCTNet_400km2_California_North-2.tif,36
38.448837391363845,-121.60767987287619,MCTNet_400km2_California_North-2.tif,36
38.448657728307026,-121.62501735785969,MCTNet_400km2_California_North-2.tif,36
38.4484780652502,-121.6423548428432,MCTNet_400km2_California_North-2.tif,36
38.448388233721786,-121.59213901846093,MCTNet_400km2_California_North-2.tif,36
38.44820857066497,-121.60947650344443,MCTNet_400km2_California_North-2.tif,36
38.44802890760814,-121.62681398842794,MCTNet_400km2_California_North-2.tif,36
38.447849244551314,-121.64415147341144,MCTNet_400km2_California_North-2.tif,36
38.44775941302291,-121.59393564902916,MCTNet_400km2_California_North-2.tif,36
38.44757974996608,-121.61127313401266,MCTNet_400km2_California_North-2.tif,36
38.447400086909255,-121.62861061899618,MCTNet_400km2_California_North-2.tif,36
38.447220423852436,-121.64594810397968,MCTNet_400km2_California_North-2.tif,36
38.44713059232402,-121.5957322795974,MCTNet_400km2_California_North-2.tif,36
38.446950929267196,-121.6130697645809,MCTNet_400km2_California_North-2.tif,36
38.446771266210376,-121.63040724956441,MCTNet_400km2_California_North-2.tif,36
38.44659160315355,-121.64774473454791,MCTNet_400km2_California_North-2.tif,36
38.44650177162514,-121.59752891016564,MCTNet_400km2_California_North-2.tif,36
38.44632210856831,-121.61486639514915,MCTNet_400km2_California_North-2.tif,36
38.44614244551149,-121.63220388013265,MCTNet_400km2_California_North-2.tif,36
38.445962782454664,-121.64954136511616,MCTNet_400km2_California_North-2.tif,36
38.44587295092625,-121.59932554073387,MCTNet_400km2_California_North-2.tif,36
38.44569328786943,-121.61666302571739,MCTNet_400km2_California_North-2.tif,36
38.445513624812605,-121.63400051070089,MCTNet_400km2_California_North-2.tif,36
38.44533396175578,-121.6513379956844,MCTNet_400km2_California_North-2.tif,36
38.44524413022737,-121.60112217130212,MCTNet_400km2_California_North-2.tif,36
38.445064467170546,-121.61845965628562,MCTNet_400km2_California_North-2.tif,36
38.44488480411372,-121.63579714126912,MCTNet_400km2_California_North-2.tif,36
38.44479497258531,-121.58558131688685,MCTNet_400km2_California_North-2.tif,36
38.44461530952849,-121.60291880187036,MCTNet_400km2_California_North-2.tif,36
38.44443564647166,-121.62025628685386,MCTNet_400km2_California_North-2.tif,36
38.44425598341484,-121.63759377183737,MCTNet_400km2_California_North-2.tif,36
38.44416615188643,-121.58737794745508,MCTNet_400km2_California_North-2.tif,36
38.4439864888296,-121.6047154324386,MCTNet_400km2_California_North-2.tif,36
38.44380682577278,-121.6220529174221,MCTNet_400km2_California_North-2.tif,36
38.443627162715956,-121.63939040240561,MCTNet_400km2_California_North-2.tif,36
38.44353733118754,-121.58917457802333,MCTNet_400km2_California_North-2.tif,36
38.443357668130716,-121.60651206300683,MCTNet_400km2_California_North-2.tif,36
38.4431780050739,-121.62384954799035,MCTNet_400km2_California_North-2.tif,36
38.44299834201707,-121.64118703297385,MCTNet_400km2_California_North-2.tif,36
38.44290851048866,-121.59097120859157,MCTNet_400km2_California_North-2.tif,36
38.44272884743184,-121.60830869357507,MCTNet_400km2_California_North-2.tif,36
38.44254918437501,-121.62564617855858,MCTNet_400km2_California_North-2.tif,36
38.442369521318184,-121.64298366354208,MCTNet_400km2_California_North-2.tif,36
38.44227968978978,-121.5927678391598,MCTNet_400km2_California_North-2.tif,36
38.44210002673295,-121.6101053241433,MCTNet_400km2_California_North-2.tif,36
38.441920363676125,-121.62744280912682,MCTNet_400km2_California_North-2.tif,36
38.441740700619306,-121.64478029411032,MCTNet_400km2_California_North-2.tif,36
38.44165086909089,-121.59456446972804,MCTNet_400km2_California_North-2.tif,36
38.441471206034066,-121.61190195471156,MCTNet_400km2_California_North-2.tif,36
38.44129154297725,-121.62923943969506,MCTNet_400km2_California_North-2.tif,36
38.44111187992042,-121.64657692467857,MCTNet_400km2_California_North-2.tif,36
38.44102204839201,-121.59636110029628,MCTNet_400km2_California_North-2.tif,36
38.44084238533518,-121.61369858527979,MCTNet_400km2_California_North-2.tif,36
38.44066272227836,-121.63103607026329,MCTNet_400km2_California_North-2.tif,36
38.440483059221535,-121.6483735552468,MCTNet_400km2_California_North-2.tif,36
38.44039322769312,-121.59815773086453,MCTNet_400km2_California_North-2.tif,36
38.4402135646363,-121.61549521584803,MCTNet_400km2_California_North-2.tif,36
38.440033901579476,-121.63283270083153,MCTNet_400km2_California_North-2.tif,36
38.43985423852265,-121.65017018581504,MCTNet_400km2_California_North-2.tif,36
38.43976440699424,-121.59995436143276,MCTNet_400km2_California_North-2.tif,36
38.43958474393742,-121.61729184641626,MCTNet_400km2_California_North-2.tif,36
38.43940508088059,-121.63462933139978,MCTNet_400km2_California_North-2.tif,36
38.43922541782377,-121.65196681638328,MCTNet_400km2_California_North-2.tif,36
38.43913558629536,-121.601750992001,MCTNet_400km2_California_North-2.tif,36
38.43895592323853,-121.6190884769845,MCTNet_400km2_California_North-2.tif,36
38.43877626018171,-121.63642596196802,MCTNet_400km2_California_North-2.tif,36
38.4386864286533,-121.58621013758574,MCTNet_400km2_California_North-2.tif,36
38.43850676559647,-121.60354762256924,MCTNet_400km2_California_North-2.tif,36
38.43832710253965,-121.62088510755275,MCTNet_400km2_California_North-2.tif,36
38.438147439482826,-121.63822259253625,MCTNet_400km2_California_North-2.tif,36
38.43805760795441,-121.58800676815397,MCTNet_400km2_California_North-2.tif,36
38.437877944897586,-121.60534425313747,MCTNet_400km2_California_North-2.tif,36
38.43769828184077,-121.62268173812099,MCTNet_400km2_California_North-2.tif,36
38.43751861878394,-121.64001922310449,MCTNet_400km2_California_North-2.tif,36
38.43742878725553,-121.58980339872221,MCTNet_400km2_California_North-2.tif,36
38.43724912419871,-121.60714088370571,MCTNet_400km2_California_North-2.tif,36
38.43706946114188,-121.62447836868922,MCTNet_400km2_California_North-2.tif,36
38.436889798085055,-121.64181585367272,MCTNet_400km2_California_North-2.tif,36
38.43679996655665,-121.59160002929045,MCTNet_400km2_California_North-2.tif,36
38.43662030349982,-121.60893751427396,MCTNet_400km2_California_North-2.tif,36
38.436440640442996,-121.62627499925746,MCTNet_400km2_California_North-2.tif,36
38.436260977386176,-121.64361248424098,MCTNet_400km2_California_North-2.tif,36
38.43617114585776,-121.59339665985868,MCTNet_400km2_California_North-2.tif,36
38.43599148280094,-121.6107341448422,MCTNet_400km2_California_North-2.tif,36
38.43581181974412,-121.6280716298257,MCTNet_400km2_California_North-2.tif,36
38.43563215668729,-121.64540911480921,MCTNet_400km2_California_North-2.tif,36
38.43554232515888,-121.59519329042693,MCTNet_400km2_California_North-2.tif,36
38.43536266210206,-121.61253077541043,MCTNet_400km2_California_North-2.tif,36
38.43518299904523,-121.62986826039393,MCTNet_400km2_California_North-2.tif,36
38.435003335988405,-121.64720574537745,MCTNet_400km2_California_North-2.tif,36
38.43491350445999,-121.59698992099517,MCTNet_400km2_California_North-2.tif,36
38.43473384140317,-121.61432740597867,MCTNet_400km2_California_North-2.tif,36
38.434554178346346,-121.63166489096218,MCTNet_400km2_California_North-2.tif,36
38.43437451528953,-121.64900237594568,MCTNet_400km2_California_North-2.tif,36
38.43428468376111,-121.5987865515634,MCTNet_400km2_California_North-2.tif,36
38.43410502070429,-121.6161240365469,MCTNet_400km2_California_North-2.tif,36
38.43392535764746,-121.63346152153042,MCTNet_400km2_California_North-2.tif,36
38.43374569459064,-121.65079900651392,MCTNet_400km2_California_North-2.tif,36
38.43365586306223,-121.60058318213164,MCTNet_400km2_California_North-2.tif,36
38.4334762000054,-121.61792066711516,MCTNet_400km2_California_North-2.tif,36
38.43329653694858,-121.63525815209866,MCTNet_400km2_California_North-2.tif,36
38.433116873891755,-121.65259563708216,MCTNet_400km2_California_North-2.tif,36
38.43302704236334,-121.60237981269988,MCTNet_400km2_California_North-2.tif,36
38.43284737930652,-121.6197172976834,MCTNet_400km2_California_North-2.tif,36
38.432667716249696,-121.6370547826669,MCTNet_400km2_California_North-2.tif,36
38.43257788472128,-121.58683895828462,MCTNet_400km2_California_North-2.tif,36
38.432398221664464,-121.60417644326812,MCTNet_400km2_California_North-2.tif,36
38.43221855860764,-121.62151392825163,MCTNet_400km2_California_North-2.tif,36
38.43203889555081,-121.63885141323513,MCTNet_400km2_California_North-2.tif,36
38.4319490640224,-121.58863558885285,MCTNet_400km2_California_North-2.tif,36
38.43176940096558,-121.60597307383637,MCTNet_400km2_California_North-2.tif,36
38.43158973790875,-121.62331055881987,MCTNet_400km2_California_North-2.tif,36
38.43141007485193,-121.64064804380338,MCTNet_400km2_California_North-2.tif,36
38.43132024332352,-121.59043221942109,MCTNet_400km2_California_North-2.tif,36
38.43114058026669,-121.6077697044046,MCTNet_400km2_California_North-2.tif,36
38.430960917209866,-121.6251071893881,MCTNet_400km2_California_North-2.tif,36
38.43078125415305,-121.64244467437162,MCTNet_400km2_California_North-2.tif,36
38.43069142262463,-121.59222884998934,MCTNet_400km2_California_North-2.tif,36
38.43051175956781,-121.60956633497284,MCTNet_400km2_California_North-2.tif,36
38.43033209651099,-121.62690381995634,MCTNet_400km2_California_North-2.tif,36
38.43015243345416,-121.64424130493985,MCTNet_400km2_California_North-2.tif,36
38.43006260192575,-121.59402548055758,MCTNet_400km2_California_North-2.tif,36
38.42988293886893,-121.61136296554108,MCTNet_400km2_California_North-2.tif,36
38.4297032758121,-121.62870045052459,MCTNet_400km2_California_North-2.tif,36
38.429523612755276,-121.64603793550809,MCTNet_400km2_California_North-2.tif,36
38.42943378122687,-121.59582211112581,MCTNet_400km2_California_North-2.tif,36
38.42925411817004,-121.61315959610931,MCTNet_400km2_California_North-2.tif,36
38.429074455113216,-121.63049708109283,MCTNet_400km2_California_North-2.tif,36
38.4289846235848,-121.74125935562476,MCTNet_400km2_California_North-3.tif,36
38.42889479205639,-121.78446832079091,MCTNet_400km2_California_North-3.tif,36
38.42889479205639,-121.66669918704284,MCTNet_400km2_California_North-3.tif,36
38.42880496052798,-121.70990815220898,MCTNet_400km2_California_North-3.tif,36
38.42871512899957,-121.75311711737514,MCTNet_400km2_California_North-3.tif,36
38.42862529747116,-121.79632608254128,MCTNet_400km2_California_North-3.tif,36
38.42862529747116,-121.67855694879322,MCTNet_400km2_California_North-3.tif,36
38.428535465942744,-121.72176591395936,MCTNet_400km2_California_North-3.tif,36
38.42844563441433,-121.76497487912552,MCTNet_400km2_California_North-3.tif,36
38.42835580288592,-121.80818384429166,MCTNet_400km2_California_North-3.tif,36
38.42835580288592,-121.69041471054359,MCTNet_400km2_California_North-3.tif,36
38.42826597135751,-121.73362367570974,MCTNet_400km2_California_North-3.tif,36
38.4281761398291,-121.7768326408759,MCTNet_400km2_California_North-3.tif,36
38.4281761398291,-121.65906350712783,MCTNet_400km2_California_North-3.tif,36
38.428086308300685,-121.70227247229397,MCTNet_400km2_California_North-3.tif,36
38.42799647677227,-121.74548143746011,MCTNet_400km2_California_North-3.tif,36
38.42790664524386,-121.78869040262627,MCTNet_400km2_California_North-3.tif,36
38.42790664524386,-121.6709212688782,MCTNet_400km2_California_North-3.tif,36
38.427816813715445,-121.71413023404435,MCTNet_400km2_California_North-3.tif,36
38.42772698218704,-121.75733919921049,MCTNet_400km2_California_North-3.tif,36
38.427637150658626,-121.80054816437665,MCTNet_400km2_California_North-3.tif,36
38.427637150658626,-121.68277903062858,MCTNet_400km2_California_North-3.tif,36
38.42754731913021,-121.72598799579472,MCTNet_400km2_California_North-3.tif,36
38.4274574876018,-121.76919696096087,MCTNet_400km2_California_North-3.tif,36
38.427367656073386,-121.81240592612703,MCTNet_400km2_California_North-3.tif,36
38.427367656073386,-121.69463679237896,MCTNet_400km2_California_North-3.tif,36
38.42727782454498,-121.7378457575451,MCTNet_400km2_California_North-3.tif,36
38.42718799301657,-121.78105472271125,MCTNet_400km2_California_North-3.tif,36
38.42718799301657,-121.66328558896318,MCTNet_400km2_California_North-3.tif,36
38.42709816148815,-121.70649455412934,MCTNet_400km2_California_North-3.tif,36
38.42700832995974,-121.74970351929548,MCTNet_400km2_California_North-3.tif,36
38.42691849843133,-121.79291248446162,MCTNet_400km2_California_North-3.tif,36
38.42691849843133,-121.67514335071355,MCTNet_400km2_California_North-3.tif,36
38.426828666902914,-121.71835231587971,MCTNet_400km2_California_North-3.tif,36
38.42673883537451,-121.76156128104586,MCTNet_400km2_California_North-3.tif,36
38.426649003846094,-121.804770246212,MCTNet_400km2_California_North-3.tif,36
38.426649003846094,-121.68700111246393,MCTNet_400km2_California_North-3.tif,36
38.42655917231768,-121.73021007763009,MCTNet_400km2_California_North-3.tif,36
38.42646934078927,-121.77341904279623,MCTNet_400km2_California_North-3.tif,36
38.42646934078927,-121.65564990904817,MCTNet_400km2_California_North-3.tif,36
38.426379509260855,-121.69885887421431,MCTNet_400km2_California_North-3.tif,36
38.42628967773245,-121.74206783938047,MCTNet_400km2_California_North-3.tif,36
38.426199846204035,-121.78527680454661,MCTNet_400km2_California_North-3.tif,36
38.426199846204035,-121.66750767079854,MCTNet_400km2_California_North-3.tif,36
38.42611001467562,-121.71071663596469,MCTNet_400km2_California_North-3.tif,36
38.42602018314721,-121.75392560113085,MCTNet_400km2_California_North-3.tif,36
38.425930351618796,-121.79713456629699,MCTNet_400km2_California_North-3.tif,36
38.425930351618796,-121.67936543254892,MCTNet_400km2_California_North-3.tif,36
38.42584052009038,-121.72257439771506,MCTNet_400km2_California_North-3.tif,36
38.425750688561976,-121.76578336288122,MCTNet_400km2_California_North-3.tif,36
38.42566085703356,-121.80899232804737,MCTNet_400km2_California_North-3.tif,36
38.42566085703356,-121.6912231942993,MCTNet_400km2_California_North-3.tif,36
38.42557102550515,-121.73443215946544,MCTNet_400km2_California_North-3.tif,36
38.42548119397674,-121.7776411246316,MCTNet_400km2_California_North-3.tif,36
38.42548119397674,-121.65987199088353,MCTNet_400km2_California_North-3.tif,36
38.42539136244832,-121.70308095604967,MCTNet_400km2_California_North-3.tif,36
38.42530153091992,-121.74628992121582,MCTNet_400km2_California_North-3.tif,36
38.425211699391504,-121.78949888638198,MCTNet_400km2_California_North-3.tif,36
38.425211699391504,-121.67172975263391,MCTNet_400km2_California_North-3.tif,36
38.42512186786309,-121.71493871780005,MCTNet_400km2_California_North-3.tif,36
38.42503203633468,-121.75814768296621,MCTNet_400km2_California_North-3.tif,36
38.424942204806264,-121.80135664813236,MCTNet_400km2_California_North-3.tif,36
38.424942204806264,-121.68358751438429,MCTNet_400km2_California_North-3.tif,36
38.42485237327785,-121.72679647955043,MCTNet_400km2_California_North-3.tif,36
38.424762541749445,-121.77000544471659,MCTNet_400km2_California_North-3.tif,36
38.42467271022103,-121.81321440988273,MCTNet_400km2_California_North-3.tif,36
38.42467271022103,-121.69544527613466,MCTNet_400km2_California_North-3.tif,36
38.42458287869262,-121.73865424130081,MCTNet_400km2_California_North-3.tif,36
38.424493047164205,-121.78186320646697,MCTNet_400km2_California_North-3.tif,36
38.424493047164205,-121.6640940727189,MCTNet_400km2_California_North-3.tif,36
38.42440321563579,-121.70730303788504,MCTNet_400km2_California_North-3.tif,36
38.424313384107386,-121.75051200305118,MCTNet_400km2_California_North-3.tif,36
38.42422355257897,-121.79372096821734,MCTNet_400km2_California_North-3.tif,36
38.42422355257897,-121.67595183446927,MCTNet_400km2_California_North-3.tif,36
38.42413372105056,-121.71916079963542,MCTNet_400km2_California_North-3.tif,36
38.424043889522146,-121.76236976480156,MCTNet_400km2_California_North-3.tif,36
38.42395405799373,-121.80557872996772,MCTNet_400km2_California_North-3.tif,36
38.42395405799373,-121.68780959621965,MCTNet_400km2_California_North-3.tif,36
38.42386422646532,-121.7310185613858,MCTNet_400km2_California_North-3.tif,36
38.42377439493691,-121.77422752655194,MCTNet_400km2_California_North-3.tif,36
38.42377439493691,-121.65645839280387,MCTNet_400km2_California_North-3.tif,36
38.4236845634085,-121.69966735797003,MCTNet_400km2_California_North-3.tif,36
38.42359473188009,-121.74287632313617,MCTNet_400km2_California_North-3.tif,36
38.42350490035167,-121.78608528830232,MCTNet_400km2_California_North-3.tif,36
38.42350490035167,-121.66831615455425,MCTNet_400km2_California_North-3.tif,36
38.42341506882326,-121.7115251197204,MCTNet_400km2_California_North-3.tif,36
38.423325237294854,-121.75473408488655,MCTNet_400km2_California_North-3.tif,36
38.42323540576644,-121.7979430500527,MCTNet_400km2_California_North-3.tif,36
38.42323540576644,-121.68017391630462,MCTNet_400km2_California_North-3.tif,36
38.42314557423803,-121.72338288147078,MCTNet_400km2_California_North-3.tif,36
38.423055742709614,-121.76659184663693,MCTNet_400km2_California_North-3.tif,36
38.4229659111812,-121.80980081180307,MCTNet_400km2_California_North-3.tif,36
38.4229659111812,-121.692031678055,MCTNet_400km2_California_North-3.tif,36
38.42287607965279,-121.73524064322116,MCTNet_400km2_California_North-3.tif,36
38.42278624812438,-121.7784496083873,MCTNet_400km2_California_North-3.tif,36
38.42278624812438,-121.66068047463924,MCTNet_400km2_California_North-3.tif,36
38.42269641659597,-121.70388943980538,MCTNet_400km2_California_North-3.tif,36
38.422606585067555,-121.74709840497154,MCTNet_400km2_California_North-3.tif,36
38.42251675353914,-121.79030737013768,MCTNet_400km2_California_North-3.tif,36
38.42251675353914,-121.67253823638961,MCTNet_400km2_California_North-3.tif,36
38.42242692201073,-121.71574720155576,MCTNet_400km2_California_North-3.tif,36
38.42233709048232,-121.75895616672192,MCTNet_400km2_California_North-3.tif,36
38.42224725895391,-121.80216513188806,MCTNet_400km2_California_North-3.tif,36
38.42224725895391,-121.68439599813999,MCTNet_400km2_California_North-3.tif,36
38.422157427425496,-121.72760496330613,MCTNet_400km2_California_North-3.tif,36
38.42206759589708,-121.7708139284723,MCTNet_400km2_California_North-3.tif,36
38.42197776436867,-121.81402289363844,MCTNet_400km2_California_North-3.tif,36
38.42197776436867,-121.69625375989037,MCTNet_400km2_California_North-3.tif,36
38.42188793284026,-121.73946272505651,MCTNet_400km2_California_North-3.tif,36
38.42179810131185,-121.78267169022267,MCTNet_400km2_California_North-3.tif,36
38.42179810131185,-121.6649025564746,MCTNet_400km2_California_North-3.tif,36
38.42170826978344,-121.70811152164075,MCTNet_400km2_California_North-3.tif,36
38.421618438255024,-121.75132048680689,MCTNet_400km2_California_North-3.tif,36
38.42152860672661,-121.79452945197305,MCTNet_400km2_California_North-3.tif,36
38.42152860672661,-121.67676031822498,MCTNet_400km2_California_North-3.tif,36
38.4214387751982,-121.71996928339112,MCTNet_400km2_California_North-3.tif,36
38.42134894366979,-121.76317824855727,MCTNet_400km2_California_North-3.tif,36
38.42125911214138,-121.80638721372343,MCTNet_400km2_California_North-3.tif,36
38.42125911214138,-121.68861807997536,MCTNet_400km2_California_North-3.tif,36
38.421169280612965,-121.7318270451415,MCTNet_400km2_California_North-3.tif,36
38.42107944908455,-121.77503601030764,MCTNet_400km2_California_North-3.tif,36
38.42107944908455,-121.65726687655958,MCTNet_400km2_California_North-3.tif,36
38.42098961755614,-121.70047584172573,MCTNet_400km2_California_North-3.tif,36
38.420899786027725,-121.74368480689188,MCTNet_400km2_California_North-3.tif,36
38.42080995449932,-121.78689377205802,MCTNet_400km2_California_North-3.tif,36
38.42080995449932,-121.66912463830995,MCTNet_400km2_California_North-3.tif,36
38.420720122970906,-121.71233360347611,MCTNet_400km2_California_North-3.tif,36
38.42063029144249,-121.75554256864226,MCTNet_400km2_California_North-3.tif,36
38.42054045991408,-121.7987515338084,MCTNet_400km2_California_North-3.tif,36
38.42054045991408,-121.68098240006033,MCTNet_400km2_California_North-3.tif,36
38.420450628385666,-121.72419136522649,MCTNet_400km2_California_North-3.tif,36
38.42036079685726,-121.76740033039263,MCTNet_400km2_California_North-3.tif,36
38.42027096532885,-121.81060929555878,MCTNet_400km2_California_North-3.tif,36
38.42027096532885,-121.69284016181072,MCTNet_400km2_California_North-3.tif,36
38.42018113380043,-121.73604912697687,MCTNet_400km2_California_North-3.tif,36
38.42009130227202,-121.77925809214301,MCTNet_400km2_California_North-3.tif,36
38.42009130227202,-121.66148895839494,MCTNet_400km2_California_North-3.tif,36
38.42000147074361,-121.7046979235611,MCTNet_400km2_California_North-3.tif,36
38.419911639215194,-121.74790688872724,MCTNet_400km2_California_North-3.tif,36
38.41982180768679,-121.79111585389339,MCTNet_400km2_California_North-3.tif,36
38.41982180768679,-121.67334672014532,MCTNet_400km2_California_North-3.tif,36
38.419731976158374,-121.71655568531148,MCTNet_400km2_California_North-3.tif,36
38.41964214462996,-121.75976465047762,MCTNet_400km2_California_North-3.tif,36
38.41955231310155,-121.80297361564377,MCTNet_400km2_California_North-3.tif,36
38.41955231310155,-121.6852044818957,MCTNet_400km2_California_North-3.tif,36
38.419462481573134,-121.72841344706185,MCTNet_400km2_California_North-3.tif,36
38.41937265004473,-121.771622412228,MCTNet_400km2_California_North-3.tif,36
38.41937265004473,-121.65385327847993,MCTNet_400km2_California_North-3.tif,36
38.419282818516315,-121.69706224364607,MCTNet_400km2_California_North-3.tif,36
38.4191929869879,-121.74027120881223,MCTNet_400km2_California_North-3.tif,36
38.41910315545949,-121.78348017397838,MCTNet_400km2_California_North-3.tif,36
38.41910315545949,-121.6657110402303,MCTNet_400km2_California_North-3.tif,36
38.419013323931075,-121.70892000539645,MCTNet_400km2_California_North-3.tif,36
38.41892349240266,-121.75212897056261,MCTNet_400km2_California_North-3.tif,36
38.418833660874256,-121.79533793572875,MCTNet_400km2_California_North-3.tif,36
38.418833660874256,-121.67756880198068,MCTNet_400km2_California_North-3.tif,36
38.41874382934584,-121.72077776714683,MCTNet_400km2_California_North-3.tif,36
38.41865399781743,-121.76398673231299,MCTNet_400km2_California_North-3.tif,36
38.418564166289016,-121.80719569747913,MCTNet_400km2_California_North-3.tif,36
38.418564166289016,-121.68942656373106,MCTNet_400km2_California_North-3.tif,36
38.4184743347606,-121.7326355288972,MCTNet_400km2_California_North-3.tif,36
38.4183845032322,-121.77584449406336,MCTNet_400km2_California_North-3.tif,36
38.4183845032322,-121.6580753603153,MCTNet_400km2_California_North-3.tif,36
38.418294671703784,-121.70128432548144,MCTNet_400km2_California_North-3.tif,36
38.41820484017537,-121.74449329064758,MCTNet_400km2_California_North-3.tif,36
38.41811500864696,-121.78770225581374,MCTNet_400km2_California_North-3.tif,36
38.41811500864696,-121.66993312206567,MCTNet_400km2_California_North-3.tif,36
38.418025177118544,-121.71314208723182,MCTNet_400km2_California_North-3.tif,36
38.41793534559013,-121.75635105239796,MCTNet_400km2_California_North-3.tif,36
38.417845514061725,-121.79956001756412,MCTNet_400km2_California_North-3.tif,36
38.417845514061725,-121.68179088381605,MCTNet_400km2_California_North-3.tif,36
38.41775568253331,-121.7249998489822,MCTNet_400km2_California_North-3.tif,36
38.4176658510049,-121.76820881414834,MCTNet_400km2_California_North-3.tif,36
38.417576019476485,-121.8114177793145,MCTNet_400km2_California_North-3.tif,36
38.417576019476485,-121.69364864556643,MCTNet_400km2_California_North-3.tif,36
38.41748618794807,-121.73685761073257,MCTNet_400km2_California_North-3.tif,36
38.417396356419665,-121.78006657589872,MCTNet_400km2_California_North-3.tif,36
38.417396356419665,-121.66229744215065,MCTNet_400km2_California_North-3.tif,36
38.41730652489125,-121.7055064073168,MCTNet_400km2_California_North-3.tif,36
38.41721669336284,-121.74871537248295,MCTNet_400km2_California_North-3.tif,36
38.417126861834426,-121.79192433764909,MCTNet_400km2_California_North-3.tif,36
38.417126861834426,-121.67415520390102,MCTNet_400km2_California_North-3.tif,36
38.41703703030601,-121.71736416906718,MCTNet_400km2_California_North-3.tif,36
38.4169471987776,-121.76057313423333,MCTNet_400km2_California_North-3.tif,36
38.41685736724919,-121.80378209939947,MCTNet_400km2_California_North-3.tif,36
38.41685736724919,-121.6860129656514,MCTNet_400km2_California_North-3.tif,36
38.41676753572078,-121.72922193081756,MCTNet_400km2_California_North-3.tif,36
38.41667770419237,-121.7724308959837,MCTNet_400km2_California_North-3.tif,36
38.41667770419237,-121.65466176223563,MCTNet_400km2_California_North-3.tif,36
38.41658787266395,-121.69787072740178,MCTNet_400km2_California_North-3.tif,36
38.41649804113554,-121.74107969256794,MCTNet_400km2_California_North-3.tif,36
38.416408209607134,-121.78428865773408,MCTNet_400km2_California_North-3.tif,36
38.416408209607134,-121.66651952398601,MCTNet_400km2_California_North-3.tif,36
38.41631837807872,-121.70972848915216,MCTNet_400km2_California_North-3.tif,36
38.41622854655031,-121.75293745431831,MCTNet_400km2_California_North-3.tif,36
38.416138715021894,-121.79614641948446,MCTNet_400km2_California_North-3.tif,36
38.416138715021894,-121.67837728573639,MCTNet_400km2_California_North-3.tif,36
38.41604888349348,-121.72158625090253,MCTNet_400km2_California_North-3.tif,36
38.41595905196507,-121.76479521606869,MCTNet_400km2_California_North-3.tif,36
38.41586922043666,-121.80800418123484,MCTNet_400km2_California_North-3.tif,36
38.41586922043666,-121.69023504748677,MCTNet_400km2_California_North-3.tif,36
38.41577938890825,-121.73344401265291,MCTNet_400km2_California_North-3.tif,36
38.415689557379835,-121.77665297781907,MCTNet_400km2_California_North-3.tif,36
38.415689557379835,-121.658883844071,MCTNet_400km2_California_North-3.tif,36
38.41559972585142,-121.70209280923714,MCTNet_400km2_California_North-3.tif,36
38.41550989432301,-121.74530177440329,MCTNet_400km2_California_North-3.tif,36
38.4154200627946,-121.78851073956945,MCTNet_400km2_California_North-3.tif,36
38.4154200627946,-121.67074160582138,MCTNet_400km2_California_North-3.tif,36
38.41533023126619,-121.71395057098752,MCTNet_400km2_California_North-3.tif,36
38.415240399737776,-121.75715953615368,MCTNet_400km2_California_North-3.tif,36
38.41515056820936,-121.80036850131982,MCTNet_400km2_California_North-3.tif,36
38.41515056820936,-121.68259936757175,MCTNet_400km2_California_North-3.tif,36
38.41506073668095,-121.7258083327379,MCTNet_400km2_California_North-3.tif,36
38.414970905152536,-121.76901729790406,MCTNet_400km2_California_North-3.tif,36
38.41488107362413,-121.8122262630702,MCTNet_400km2_California_North-3.tif,36
38.41488107362413,-121.69445712932213,MCTNet_400km2_California_North-3.tif,36
38.41479124209572,-121.73766609448828,MCTNet_400km2_California_North-3.tif,36
38.414701410567304,-121.78087505965443,MCTNet_400km2_California_North-3.tif,36
38.414701410567304,-121.66310592590636,MCTNet_400km2_California_North-3.tif,36
38.41461157903889,-121.70631489107251,MCTNet_400km2_California_North-3.tif,36
38.41452174751048,-121.74952385623865,MCTNet_400km2_California_North-3.tif,36
38.41443191598207,-121.79273282140481,MCTNet_400km2_California_North-3.tif,36
38.41443191598207,-121.67496368765674,MCTNet_400km2_California_North-3.tif,36
38.41434208445366,-121.71817265282289,MCTNet_400km2_California_North-3.tif,36
38.414252252925245,-121.76138161798903,MCTNet_400km2_California_North-3.tif,36
38.41416242139683,-121.80459058315519,MCTNet_400km2_California_North-3.tif,36
38.41416242139683,-121.68682144940712,MCTNet_400km2_California_North-3.tif,36
38.41407258986842,-121.73003041457326,MCTNet_400km2_California_North-3.tif,36
38.413982758340005,-121.77323937973941,MCTNet_400km2_California_North-3.tif,36
38.413982758340005,-121.65547024599134,MCTNet_400km2_California_North-3.tif,36
38.4138929268116,-121.6986792111575,MCTNet_400km2_California_North-3.tif,36
38.413803095283185,-121.74188817632364,MCTNet_400km2_California_North-3.tif,36
38.41371326375477,-121.78509714148979,MCTNet_400km2_California_North-3.tif,36
38.41371326375477,-121.66732800774172,MCTNet_400km2_California_North-3.tif,36
38.41362343222636,-121.71053697290787,MCTNet_400km2_California_North-3.tif,36
38.413533600697946,-121.75374593807402,MCTNet_400km2_California_North-3.tif,36
38.41344376916954,-121.79695490324016,MCTNet_400km2_California_North-3.tif,36
38.41344376916954,-121.6791857694921,MCTNet_400km2_California_North-3.tif,36
38.413353937641126,-121.72239473465825,MCTNet_400km2_California_North-3.tif,36
38.41326410611271,-121.7656036998244,MCTNet_400km2_California_North-3.tif,36
38.4131742745843,-121.80881266499054,MCTNet_400km2_California_North-3.tif,36
38.4131742745843,-121.69104353124247,MCTNet_400km2_California_North-3.tif,36
38.41308444305589,-121.73425249640863,MCTNet_400km2_California_North-3.tif,36
38.41299461152747,-121.77746146157477,MCTNet_400km2_California_North-3.tif,36
38.41299461152747,-121.6596923278267,MCTNet_400km2_California_North-3.tif,36
38.41290477999907,-121.70290129299285,MCTNet_400km2_California_North-3.tif,36
38.412814948470654,-121.746110258159,MCTNet_400km2_California_North-3.tif,36
38.41272511694224,-121.78931922332515,MCTNet_400km2_California_North-3.tif,36
38.41272511694224,-121.67155008957708,MCTNet_400km2_California_North-3.tif,36
38.41263528541383,-121.71475905474323,MCTNet_400km2_California_North-3.tif,36
38.412545453885414,-121.75796801990938,MCTNet_400km2_California_North-3.tif,36
38.412455622357,-121.80117698507553,MCTNet_400km2_California_North-3.tif,36
38.412455622357,-121.68340785132746,MCTNet_400km2_California_North-3.tif,36
38.412365790828595,-121.7266168164936,MCTNet_400km2_California_North-3.tif,36
38.41227595930018,-121.76982578165976,MCTNet_400km2_California_North-3.tif,36
38.41218612777177,-121.8130347468259,MCTNet_400km2_California_North-3.tif,36
38.41218612777177,-121.69526561307784,MCTNet_400km2_California_North-3.tif,36
38.412096296243355,-121.73847457824398,MCTNet_400km2_California_North-3.tif,36
38.41200646471494,-121.78168354341014,MCTNet_400km2_California_North-3.tif,36
38.41200646471494,-121.66391440966207,MCTNet_400km2_California_North-3.tif,36
38.411916633186536,-121.70712337482821,MCTNet_400km2_California_North-3.tif,36
38.41182680165812,-121.75033233999436,MCTNet_400km2_California_North-3.tif,36
38.41173697012971,-121.79354130516052,MCTNet_400km2_California_North-3.tif,36
38.41173697012971,-121.67577217141245,MCTNet_400km2_California_North-3.tif,36
38.411647138601296,-121.71898113657859,MCTNet_400km2_California_North-3.tif,36
38.41155730707288,-121.76219010174474,MCTNet_400km2_California_North-3.tif,36
38.41146747554447,-121.8053990669109,MCTNet_400km2_California_North-3.tif,36
38.41146747554447,-121.68762993316282,MCTNet_400km2_California_North-3.tif,36
38.41137764401606,-121.73083889832897,MCTNet_400km2_California_North-3.tif,36
38.41128781248765,-121.77404786349511,MCTNet_400km2_California_North-3.tif,36
38.41128781248765,-121.65627872974704,MCTNet_400km2_California_North-3.tif,36
38.41119798095924,-121.6994876949132,MCTNet_400km2_California_North-3.tif,36
38.411108149430824,-121.74269666007935,MCTNet_400km2_California_North-3.tif,36
38.41101831790241,-121.78590562524549,MCTNet_400km2_California_North-3.tif,36
38.41101831790241,-121.66813649149742,MCTNet_400km2_California_North-3.tif,36
38.410928486374004,-121.71134545666358,MCTNet_400km2_California_North-3.tif,36
38.41083865484559,-121.75455442182972,MCTNet_400km2_California_North-3.tif,36
38.41074882331718,-121.79776338699587,MCTNet_400km2_California_North-3.tif,36
38.41074882331718,-121.6799942532478,MCTNet_400km2_California_North-3.tif,36
38.410658991788765,-121.72320321841396,MCTNet_400km2_California_North-3.tif,36
38.41056916026035,-121.7664121835801,MCTNet_400km2_California_North-3.tif,36
38.41047932873194,-121.80962114874625,MCTNet_400km2_California_North-3.tif,36
38.41047932873194,-121.69185201499819,MCTNet_400km2_California_North-3.tif,36
38.41038949720353,-121.73506098016433,MCTNet_400km2_California_North-3.tif,36
38.41029966567512,-121.77826994533048,MCTNet_400km2_California_North-3.tif,36
38.41029966567512,-121.66050081158241,MCTNet_400km2_California_North-3.tif,36
38.410209834146706,-121.70370977674857,MCTNet_400km2_California_North-3.tif,36
38.41012000261829,-121.74691874191471,MCTNet_400km2_California_North-3.tif,36
38.41003017108988,-121.79012770708086,MCTNet_400km2_California_North-3.tif,36
38.41003017108988,-121.67235857333279,MCTNet_400km2_California_North-3.tif,36
38.42889479205639,-121.62214274895051,MCTNet_400km2_California_North-4.tif,36
38.42871512899957,-121.63948023393402,MCTNet_400km2_California_North-4.tif,36
38.42862529747116,-121.58926440955175,MCTNet_400km2_California_North-4.tif,36
38.42844563441433,-121.60660189453525,MCTNet_400km2_California_North-4.tif,36
38.42826597135751,-121.62393937951875,MCTNet_400km2_California_North-4.tif,36
38.428086308300685,-121.64127686450226,MCTNet_400km2_California_North-4.tif,36
38.42799647677227,-121.59106104011998,MCTNet_400km2_California_North-4.tif,36
38.427816813715445,-121.60839852510348,MCTNet_400km2_California_North-4.tif,36
38.427637150658626,-121.625736010087,MCTNet_400km2_California_North-4.tif,36
38.4274574876018,-121.6430734950705,MCTNet_400km2_California_North-4.tif,36
38.427367656073386,-121.59285767068822,MCTNet_400km2_California_North-4.tif,36
38.42718799301657,-121.61019515567172,MCTNet_400km2_California_North-4.tif,36
38.42700832995974,-121.62753264065523,MCTNet_400km2_California_North-4.tif,36
38.426828666902914,-121.64487012563873,MCTNet_400km2_California_North-4.tif,36
38.42673883537451,-121.59465430125645,MCTNet_400km2_California_North-4.tif,36
38.42655917231768,-121.61199178623997,MCTNet_400km2_California_North-4.tif,36
38.426379509260855,-121.62932927122347,MCTNet_400km2_California_North-4.tif,36
38.426199846204035,-121.64666675620697,MCTNet_400km2_California_North-4.tif,36
38.42611001467562,-121.59645093182469,MCTNet_400km2_California_North-4.tif,36
38.425930351618796,-121.6137884168082,MCTNet_400km2_California_North-4.tif,36
38.425750688561976,-121.6311259017917,MCTNet_400km2_California_North-4.tif,36
38.42557102550515,-121.64846338677522,MCTNet_400km2_California_North-4.tif,36
38.42548119397674,-121.59824756239293,MCTNet_400km2_California_North-4.tif,36
38.42530153091992,-121.61558504737644,MCTNet_400km2_California_North-4.tif,36
38.42512186786309,-121.63292253235994,MCTNet_400km2_California_North-4.tif,36
38.424942204806264,-121.65026001734346,MCTNet_400km2_California_North-4.tif,36
38.42485237327785,-121.60004419296118,MCTNet_400km2_California_North-4.tif,36
38.42467271022103,-121.61738167794468,MCTNet_400km2_California_North-4.tif,36
38.424493047164205,-121.63471916292819,MCTNet_400km2_California_North-4.tif,36
38.424313384107386,-121.65205664791169,MCTNet_400km2_California_North-4.tif,36
38.42422355257897,-121.60184082352941,MCTNet_400km2_California_North-4.tif,36
38.424043889522146,-121.61917830851291,MCTNet_400km2_California_North-4.tif,36
38.42386422646532,-121.63651579349643,MCTNet_400km2_California_North-4.tif,36
38.42377439493691,-121.58629996911414,MCTNet_400km2_California_North-4.tif,36
38.42359473188009,-121.60363745409765,MCTNet_400km2_California_North-4.tif,36
38.42341506882326,-121.62097493908115,MCTNet_400km2_California_North-4.tif,36
38.42323540576644,-121.63831242406467,MCTNet_400km2_California_North-4.tif,36
38.42314557423803,-121.58809659968239,MCTNet_400km2_California_North-4.tif,36
38.4229659111812,-121.60543408466589,MCTNet_400km2_California_North-4.tif,36
38.42278624812438,-121.6227715696494,MCTNet_400km2_California_North-4.tif,36
38.422606585067555,-121.6401090546329,MCTNet_400km2_California_North-4.tif,36
38.42251675353914,-121.58989323025062,MCTNet_400km2_California_North-4.tif,36
38.42233709048232,-121.60723071523412,MCTNet_400km2_California_North-4.tif,36
38.422157427425496,-121.62456820021764,MCTNet_400km2_California_North-4.tif,36
38.42197776436867,-121.64190568520114,MCTNet_400km2_California_North-4.tif,36
38.42188793284026,-121.59168986081886,MCTNet_400km2_California_North-4.tif,36
38.42170826978344,-121.60902734580237,MCTNet_400km2_California_North-4.tif,36
38.42152860672661,-121.62636483078587,MCTNet_400km2_California_North-4.tif,36
38.42134894366979,-121.64370231576937,MCTNet_400km2_California_North-4.tif,36
38.42125911214138,-121.5934864913871,MCTNet_400km2_California_North-4.tif,36
38.42107944908455,-121.61082397637061,MCTNet_400km2_California_North-4.tif,36
38.420899786027725,-121.62816146135411,MCTNet_400km2_California_North-4.tif,36
38.420720122970906,-121.64549894633763,MCTNet_400km2_California_North-4.tif,36
38.42063029144249,-121.59528312195533,MCTNet_400km2_California_North-4.tif,36
38.420450628385666,-121.61262060693885,MCTNet_400km2_California_North-4.tif,36
38.42027096532885,-121.62995809192235,MCTNet_400km2_California_North-4.tif,36
38.42009130227202,-121.64729557690586,MCTNet_400km2_California_North-4.tif,36
38.42000147074361,-121.59707975252358,MCTNet_400km2_California_North-4.tif,36
38.41982180768679,-121.61441723750708,MCTNet_400km2_California_North-4.tif,36
38.41964214462996,-121.6317547224906,MCTNet_400km2_California_North-4.tif,36
38.419462481573134,-121.6490922074741,MCTNet_400km2_California_North-4.tif,36
38.41937265004473,-121.59887638309182,MCTNet_400km2_California_North-4.tif,36
38.4191929869879,-121.61621386807532,MCTNet_400km2_California_North-4.tif,36
38.419013323931075,-121.63355135305883,MCTNet_400km2_California_North-4.tif,36
38.418833660874256,-121.65088883804233,MCTNet_400km2_California_North-4.tif,36
38.41874382934584,-121.60067301366006,MCTNet_400km2_California_North-4.tif,36
38.418564166289016,-121.61801049864356,MCTNet_400km2_California_North-4.tif,36
38.4183845032322,-121.63534798362707,MCTNet_400km2_California_North-4.tif,36
38.41820484017537,-121.65268546861057,MCTNet_400km2_California_North-4.tif,36
38.41811500864696,-121.6024696442283,MCTNet_400km2_California_North-4.tif,36
38.41793534559013,-121.61980712921181,MCTNet_400km2_California_North-4.tif,36
38.41775568253331,-121.63714461419531,MCTNet_400km2_California_North-4.tif,36
38.4176658510049,-121.58692878981303,MCTNet_400km2_California_North-4.tif,36
38.41748618794807,-121.60426627479653,MCTNet_400km2_California_North-4.tif,36
38.41730652489125,-121.62160375978004,MCTNet_400km2_California_North-4.tif,36
38.417126861834426,-121.63894124476354,MCTNet_400km2_California_North-4.tif,36
38.41703703030601,-121.58872542038127,MCTNet_400km2_California_North-4.tif,36
38.41685736724919,-121.60606290536478,MCTNet_400km2_California_North-4.tif,36
38.41667770419237,-121.62340039034828,MCTNet_400km2_California_North-4.tif,36
38.41649804113554,-121.64073787533178,MCTNet_400km2_California_North-4.tif,36
38.416408209607134,-121.5905220509495,MCTNet_400km2_California_North-4.tif,36
38.41622854655031,-121.60785953593302,MCTNet_400km2_California_North-4.tif,36
38.41604888349348,-121.62519702091652,MCTNet_400km2_California_North-4.tif,36
38.41586922043666,-121.64253450590003,MCTNet_400km2_California_North-4.tif,36
38.41577938890825,-121.59231868151774,MCTNet_400km2_California_North-4.tif,36
38.41559972585142,-121.60965616650125,MCTNet_400km2_California_North-4.tif,36
38.4154200627946,-121.62699365148475,MCTNet_400km2_California_North-4.tif,36
38.415240399737776,-121.64433113646827,MCTNet_400km2_California_North-4.tif,36
38.41515056820936,-121.59411531208599,MCTNet_400km2_California_North-4.tif,36
38.414970905152536,-121.61145279706949,MCTNet_400km2_California_North-4.tif,36
38.41479124209572,-121.628790282053,MCTNet_400km2_California_North-4.tif,36
38.41461157903889,-121.6461277670365,MCTNet_400km2_California_North-4.tif,36
38.41452174751048,-121.59591194265423,MCTNet_400km2_California_North-4.tif,36
38.41434208445366,-121.61324942763773,MCTNet_400km2_California_North-4.tif,36
38.41416242139683,-121.63058691262124,MCTNet_400km2_California_North-4.tif,36
38.413982758340005,-121.64792439760474,MCTNet_400km2_California_North-4.tif,36
38.4138929268116,-121.59770857322246,MCTNet_400km2_California_North-4.tif,36
38.41371326375477,-121.61504605820596,MCTNet_400km2_California_North-4.tif,36
38.413533600697946,-121.63238354318948,MCTNet_400km2_California_North-4.tif,36
38.413353937641126,-121.64972102817298,MCTNet_400km2_California_North-4.tif,36
38.41326410611271,-121.5995052037907,MCTNet_400km2_California_North-4.tif,36
38.41308444305589,-121.61684268877421,MCTNet_400km2_California_North-4.tif,36
38.41290477999907,-121.63418017375771,MCTNet_400km2_California_North-4.tif,36
38.41272511694224,-121.65151765874123,MCTNet_400km2_California_North-4.tif,36
38.41263528541383,-121.60130183435894,MCTNet_400km2_California_North-4.tif,36
38.412455622357,-121.61863931934245,MCTNet_400km2_California_North-4.tif,36
38.41227595930018,-121.63597680432595,MCTNet_400km2_California_North-4.tif,36
38.41218612777177,-121.58576097994367,MCTNet_400km2_California_North-4.tif,36
38.41200646471494,-121.60309846492719,MCTNet_400km2_California_North-4.tif,36
38.41182680165812,-121.62043594991069,MCTNet_400km2_California_North-4.tif,36
38.411647138601296,-121.63777343489419,MCTNet_400km2_California_North-4.tif,36
38.41155730707288,-121.58755761051191,MCTNet_400km2_California_North-4.tif,36
38.41137764401606,-121.60489509549542,MCTNet_400km2_California_North-4.tif,36
38.41119798095924,-121.62223258047892,MCTNet_400km2_California_North-4.tif,36
38.41101831790241,-121.63957006546244,MCTNet_400km2_California_North-4.tif,36
38.410928486374004,-121.58935424108014,MCTNet_400km2_California_North-4.tif,36
38.41074882331718,-121.60669172606366,MCTNet_400km2_California_North-4.tif,36
38.41056916026035,-121.62402921104716,MCTNet_400km2_California_North-4.tif,36
38.41038949720353,-121.64136669603067,MCTNet_400km2_California_North-4.tif,36
38.41029966567512,-121.5911508716484,MCTNet_400km2_California_North-4.tif,36
38.41012000261829,-121.6084883566319,MCTNet_400km2_California_North-4.tif,36
36.79000838770874,-119.88408233723607,MCTNet_400km2_California_South-1.tif,36
36.79000838770874,-119.766313203488,MCTNet_400km2_California_South-1.tif,36
36.789918556180325,-119.80952216865414,MCTNet_400km2_California_South-1.tif,36
36.78982872465191,-119.85273113382028,MCTNet_400km2_California_South-1.tif,36
36.789738893123506,-119.89594009898644,MCTNet_400km2_California_South-1.tif,36
36.789738893123506,-119.77817096523837,MCTNet_400km2_California_South-1.tif,36
36.78964906159509,-119.82137993040452,MCTNet_400km2_California_South-1.tif,36
36.78955923006668,-119.86458889557066,MCTNet_400km2_California_South-1.tif,36
36.789469398538266,-119.90779786073682,MCTNet_400km2_California_South-1.tif,36
36.789469398538266,-119.79002872698875,MCTNet_400km2_California_South-1.tif,36
36.78937956700985,-119.8332376921549,MCTNet_400km2_California_South-1.tif,36
36.78928973548145,-119.87644665732104,MCTNet_400km2_California_South-1.tif,36
36.78928973548145,-119.75867752357297,MCTNet_400km2_California_South-1.tif,36
36.78919990395303,-119.80188648873913,MCTNet_400km2_California_South-1.tif,36
36.78911007242462,-119.84509545390527,MCTNet_400km2_California_South-1.tif,36
36.78902024089621,-119.88830441907142,MCTNet_400km2_California_South-1.tif,36
36.78902024089621,-119.77053528532335,MCTNet_400km2_California_South-1.tif,36
36.788930409367794,-119.8137442504895,MCTNet_400km2_California_South-1.tif,36
36.78884057783938,-119.85695321565565,MCTNet_400km2_California_South-1.tif,36
36.788750746310974,-119.9001621808218,MCTNet_400km2_California_South-1.tif,36
36.788750746310974,-119.78239304707373,MCTNet_400km2_California_South-1.tif,36
36.78866091478256,-119.82560201223988,MCTNet_400km2_California_South-1.tif,36
36.78857108325415,-119.86881097740603,MCTNet_400km2_California_South-1.tif,36
36.78857108325415,-119.75104184365796,MCTNet_400km2_California_South-1.tif,36
36.788481251725734,-119.7942508088241,MCTNet_400km2_California_South-1.tif,36
36.78839142019732,-119.83745977399026,MCTNet_400km2_California_South-1.tif,36
36.788301588668915,-119.8806687391564,MCTNet_400km2_California_South-1.tif,36
36.788301588668915,-119.76289960540834,MCTNet_400km2_California_South-1.tif,36
36.7882117571405,-119.80610857057448,MCTNet_400km2_California_South-1.tif,36
36.78812192561209,-119.84931753574064,MCTNet_400km2_California_South-1.tif,36
36.788032094083675,-119.89252650090678,MCTNet_400km2_California_South-1.tif,36
36.788032094083675,-119.77475736715871,MCTNet_400km2_California_South-1.tif,36
36.78794226255526,-119.81796633232486,MCTNet_400km2_California_South-1.tif,36
36.78785243102685,-119.86117529749102,MCTNet_400km2_California_South-1.tif,36
36.78776259949844,-119.90438426265716,MCTNet_400km2_California_South-1.tif,36
36.78776259949844,-119.78661512890909,MCTNet_400km2_California_South-1.tif,36
36.78767276797003,-119.82982409407524,MCTNet_400km2_California_South-1.tif,36
36.787582936441616,-119.8730330592414,MCTNet_400km2_California_South-1.tif,36
36.787582936441616,-119.75526392549332,MCTNet_400km2_California_South-1.tif,36
36.7874931049132,-119.79847289065947,MCTNet_400km2_California_South-1.tif,36
36.78740327338479,-119.84168185582561,MCTNet_400km2_California_South-1.tif,36
36.787313441856384,-119.88489082099177,MCTNet_400km2_California_South-1.tif,36
36.787313441856384,-119.7671216872437,MCTNet_400km2_California_South-1.tif,36
36.78722361032797,-119.81033065240985,MCTNet_400km2_California_South-1.tif,36
36.78713377879956,-119.85353961757599,MCTNet_400km2_California_South-1.tif,36
36.787043947271144,-119.89674858274215,MCTNet_400km2_California_South-1.tif,36
36.787043947271144,-119.77897944899408,MCTNet_400km2_California_South-1.tif,36
36.78695411574273,-119.82218841416022,MCTNet_400km2_California_South-1.tif,36
36.78686428421432,-119.86539737932637,MCTNet_400km2_California_South-1.tif,36
36.78677445268591,-119.90860634449253,MCTNet_400km2_California_South-1.tif,36
36.78677445268591,-119.79083721074446,MCTNet_400km2_California_South-1.tif,36
36.7866846211575,-119.8340461759106,MCTNet_400km2_California_South-1.tif,36
36.786594789629085,-119.87725514107674,MCTNet_400km2_California_South-1.tif,36
36.786594789629085,-119.75948600732868,MCTNet_400km2_California_South-1.tif,36
36.78650495810067,-119.80269497249483,MCTNet_400km2_California_South-1.tif,36
36.78641512657226,-119.84590393766098,MCTNet_400km2_California_South-1.tif,36
36.78632529504385,-119.88911290282712,MCTNet_400km2_California_South-1.tif,36
36.78632529504385,-119.77134376907905,MCTNet_400km2_California_South-1.tif,36
36.78623546351544,-119.81455273424521,MCTNet_400km2_California_South-1.tif,36
36.786145631987026,-119.85776169941136,MCTNet_400km2_California_South-1.tif,36
36.78605580045861,-119.9009706645775,MCTNet_400km2_California_South-1.tif,36
36.78605580045861,-119.78320153082944,MCTNet_400km2_California_South-1.tif,36
36.7859659689302,-119.82641049599559,MCTNet_400km2_California_South-1.tif,36
36.785876137401786,-119.86961946116173,MCTNet_400km2_California_South-1.tif,36
36.785876137401786,-119.75185032741366,MCTNet_400km2_California_South-1.tif,36
36.78578630587338,-119.79505929257982,MCTNet_400km2_California_South-1.tif,36
36.78569647434497,-119.83826825774597,MCTNet_400km2_California_South-1.tif,36
36.78560664281655,-119.88147722291211,MCTNet_400km2_California_South-1.tif,36
36.78560664281655,-119.76370808916404,MCTNet_400km2_California_South-1.tif,36
36.78551681128814,-119.8069170543302,MCTNet_400km2_California_South-1.tif,36
36.78542697975973,-119.85012601949634,MCTNet_400km2_California_South-1.tif,36
36.78533714823132,-119.89333498466249,MCTNet_400km2_California_South-1.tif,36
36.78533714823132,-119.77556585091442,MCTNet_400km2_California_South-1.tif,36
36.78524731670291,-119.81877481608058,MCTNet_400km2_California_South-1.tif,36
36.785157485174494,-119.86198378124672,MCTNet_400km2_California_South-1.tif,36
36.78506765364608,-119.90519274641287,MCTNet_400km2_California_South-1.tif,36
36.78506765364608,-119.7874236126648,MCTNet_400km2_California_South-1.tif,36
36.78497782211767,-119.83063257783095,MCTNet_400km2_California_South-1.tif,36
36.784887990589255,-119.8738415429971,MCTNet_400km2_California_South-1.tif,36
36.784887990589255,-119.75607240924903,MCTNet_400km2_California_South-1.tif,36
36.78479815906085,-119.79928137441517,MCTNet_400km2_California_South-1.tif,36
36.784708327532435,-119.84249033958133,MCTNet_400km2_California_South-1.tif,36
36.78461849600402,-119.88569930474748,MCTNet_400km2_California_South-1.tif,36
36.78461849600402,-119.7679301709994,MCTNet_400km2_California_South-1.tif,36
36.78452866447561,-119.81113913616555,MCTNet_400km2_California_South-1.tif,36
36.784438832947195,-119.85434810133171,MCTNet_400km2_California_South-1.tif,36
36.78434900141879,-119.89755706649785,MCTNet_400km2_California_South-1.tif,36
36.78434900141879,-119.77978793274978,MCTNet_400km2_California_South-1.tif,36
36.784259169890376,-119.82299689791593,MCTNet_400km2_California_South-1.tif,36
36.78416933836196,-119.86620586308209,MCTNet_400km2_California_South-1.tif,36
36.78407950683355,-119.90941482824823,MCTNet_400km2_California_South-1.tif,36
36.78407950683355,-119.79164569450016,MCTNet_400km2_California_South-1.tif,36
36.783989675305136,-119.8348546596663,MCTNet_400km2_California_South-1.tif,36
36.78389984377672,-119.87806362483246,MCTNet_400km2_California_South-1.tif,36
36.78389984377672,-119.7602944910844,MCTNet_400km2_California_South-1.tif,36
36.78381001224832,-119.80350345625054,MCTNet_400km2_California_South-1.tif,36
36.783720180719904,-119.84671242141668,MCTNet_400km2_California_South-1.tif,36
36.78363034919149,-119.88992138658284,MCTNet_400km2_California_South-1.tif,36
36.78363034919149,-119.77215225283477,MCTNet_400km2_California_South-1.tif,36
36.78354051766308,-119.81536121800092,MCTNet_400km2_California_South-1.tif,36
36.783450686134664,-119.85857018316706,MCTNet_400km2_California_South-1.tif,36
36.78336085460626,-119.90177914833322,MCTNet_400km2_California_South-1.tif,36
36.78336085460626,-119.78401001458515,MCTNet_400km2_California_South-1.tif,36
36.783271023077845,-119.8272189797513,MCTNet_400km2_California_South-1.tif,36
36.78318119154943,-119.87042794491744,MCTNet_400km2_California_South-1.tif,36
36.78318119154943,-119.75265881116937,MCTNet_400km2_California_South-1.tif,36
36.78309136002102,-119.79586777633553,MCTNet_400km2_California_South-1.tif,36
36.783001528492605,-119.83907674150167,MCTNet_400km2_California_South-1.tif,36
36.78291169696419,-119.88228570666782,MCTNet_400km2_California_South-1.tif,36
36.78291169696419,-119.76451657291975,MCTNet_400km2_California_South-1.tif,36
36.782821865435785,-119.8077255380859,MCTNet_400km2_California_South-1.tif,36
36.78273203390737,-119.85093450325205,MCTNet_400km2_California_South-1.tif,57
36.78264220237896,-119.89414346841819,MCTNet_400km2_California_South-1.tif,57
36.78264220237896,-119.77637433467012,MCTNet_400km2_California_South-1.tif,57
36.782552370850546,-119.81958329983628,MCTNet_400km2_California_South-1.tif,57
36.78246253932213,-119.86279226500243,MCTNet_400km2_California_South-1.tif,57
36.782372707793726,-119.90600123016857,MCTNet_400km2_California_South-1.tif,57
36.782372707793726,-119.7882320964205,MCTNet_400km2_California_South-1.tif,57
36.78228287626531,-119.83144106158666,MCTNet_400km2_California_South-1.tif,57
36.7821930447369,-119.8746500267528,MCTNet_400km2_California_South-1.tif,57
36.7821930447369,-119.75688089300473,MCTNet_400km2_California_South-1.tif,57
36.78210321320849,-119.80008985817088,MCTNet_400km2_California_South-1.tif,57
36.78201338168007,-119.84329882333704,MCTNet_400km2_California_South-1.tif,57
36.78192355015166,-119.88650778850318,MCTNet_400km2_California_South-1.tif,57
36.78192355015166,-119.76873865475511,MCTNet_400km2_California_South-1.tif,57
36.781833718623254,-119.81194761992126,MCTNet_400km2_California_South-1.tif,57
36.78174388709484,-119.85515658508741,MCTNet_400km2_California_South-1.tif,57
36.78165405556643,-119.89836555025356,MCTNet_400km2_California_South-1.tif,57
36.78165405556643,-119.78059641650549,MCTNet_400km2_California_South-1.tif,57
36.781564224038014,-119.82380538167163,MCTNet_400km2_California_South-1.tif,57
36.7814743925096,-119.86701434683779,MCTNet_400km2_California_South-1.tif,57
36.781384560981195,-119.91022331200394,MCTNet_400km2_California_South-1.tif,57
36.781384560981195,-119.79245417825587,MCTNet_400km2_California_South-1.tif,57
36.78129472945278,-119.83566314342201,MCTNet_400km2_California_South-1.tif,57
36.78120489792437,-119.87887210858817,MCTNet_400km2_California_South-1.tif,57
36.78120489792437,-119.7611029748401,MCTNet_400km2_California_South-1.tif,57
36.781115066395955,-119.80431194000624,MCTNet_400km2_California_South-1.tif,57
36.78102523486754,-119.8475209051724,MCTNet_400km2_California_South-1.tif,57
36.78093540333913,-119.89072987033855,MCTNet_400km2_California_South-1.tif,57
36.78093540333913,-119.77296073659048,MCTNet_400km2_California_South-1.tif,57
36.78084557181072,-119.81616970175662,MCTNet_400km2_California_South-1.tif,57
36.78075574028231,-119.85937866692278,MCTNet_400km2_California_South-1.tif,57
36.780665908753896,-119.90258763208892,MCTNet_400km2_California_South-1.tif,57
36.780665908753896,-119.78481849834085,MCTNet_400km2_California_South-1.tif,57
36.78057607722548,-119.828027463507,MCTNet_400km2_California_South-1.tif,57
36.78048624569707,-119.87123642867316,MCTNet_400km2_California_South-1.tif,57
36.78048624569707,-119.75346729492509,MCTNet_400km2_California_South-1.tif,57
36.78039641416866,-119.79667626009123,MCTNet_400km2_California_South-1.tif,57
36.78030658264025,-119.83988522525738,MCTNet_400km2_California_South-1.tif,57
36.78021675111184,-119.88309419042353,MCTNet_400km2_California_South-1.tif,57
36.78021675111184,-119.76532505667547,MCTNet_400km2_California_South-1.tif,57
36.780126919583424,-119.80853402184161,MCTNet_400km2_California_South-1.tif,57
36.78003708805501,-119.85174298700775,MCTNet_400km2_California_South-1.tif,57
36.7799472565266,-119.89495195217391,MCTNet_400km2_California_South-1.tif,57
36.7799472565266,-119.77718281842584,MCTNet_400km2_California_South-1.tif,57
36.77985742499819,-119.82039178359199,MCTNet_400km2_California_South-1.tif,57
36.77976759346978,-119.86360074875813,MCTNet_400km2_California_South-1.tif,57
36.779677761941365,-119.90680971392429,MCTNet_400km2_California_South-1.tif,57
36.779677761941365,-119.78904058017622,MCTNet_400km2_California_South-1.tif,57
36.77958793041295,-119.83224954534236,MCTNet_400km2_California_South-1.tif,57
36.77949809888454,-119.87545851050851,MCTNet_400km2_California_South-1.tif,57
36.77949809888454,-119.75768937676044,MCTNet_400km2_California_South-1.tif,57
36.77940826735613,-119.8008983419266,MCTNet_400km2_California_South-1.tif,57
36.77931843582772,-119.84410730709274,MCTNet_400km2_California_South-1.tif,57
36.779228604299306,-119.88731627225889,MCTNet_400km2_California_South-1.tif,57
36.779228604299306,-119.76954713851082,MCTNet_400km2_California_South-1.tif,57
36.77913877277089,-119.81275610367697,MCTNet_400km2_California_South-1.tif,57
36.77904894124248,-119.85596506884312,MCTNet_400km2_California_South-1.tif,57
36.778959109714066,-119.89917403400926,MCTNet_400km2_California_South-1.tif,57
36.778959109714066,-119.7814049002612,MCTNet_400km2_California_South-1.tif,57
36.77886927818566,-119.82461386542735,MCTNet_400km2_California_South-1.tif,57
36.778779446657246,-119.8678228305935,MCTNet_400km2_California_South-1.tif,57
36.77868961512883,-119.91103179575964,MCTNet_400km2_California_South-1.tif,57
36.77868961512883,-119.79326266201157,MCTNet_400km2_California_South-1.tif,57
36.77859978360042,-119.83647162717773,MCTNet_400km2_California_South-1.tif,57
36.77850995207201,-119.87968059234387,MCTNet_400km2_California_South-1.tif,57
36.77850995207201,-119.7619114585958,MCTNet_400km2_California_South-1.tif,57
36.7784201205436,-119.80512042376195,MCTNet_400km2_California_South-1.tif,57
36.77833028901519,-119.84832938892811,MCTNet_400km2_California_South-1.tif,57
36.778240457486774,-119.89153835409425,MCTNet_400km2_California_South-1.tif,57
36.778240457486774,-119.77376922034618,MCTNet_400km2_California_South-1.tif,57
36.77815062595836,-119.81697818551233,MCTNet_400km2_California_South-1.tif,57
36.77806079442995,-119.86018715067848,MCTNet_400km2_California_South-1.tif,57
36.777970962901534,-119.90339611584463,MCTNet_400km2_California_South-1.tif,57
36.777970962901534,-119.78562698209656,MCTNet_400km2_California_South-1.tif,57
36.77788113137313,-119.8288359472627,MCTNet_400km2_California_South-1.tif,57
36.777791299844715,-119.87204491242886,MCTNet_400km2_California_South-1.tif,57
36.777791299844715,-119.75427577868079,MCTNet_400km2_California_South-1.tif,57
36.7777014683163,-119.79748474384694,MCTNet_400km2_California_South-1.tif,57
36.77761163678789,-119.84069370901308,MCTNet_400km2_California_South-1.tif,57
36.777521805259475,-119.88390267417924,MCTNet_400km2_California_South-1.tif,57
36.777521805259475,-119.76613354043117,MCTNet_400km2_California_South-1.tif,57
36.77743197373107,-119.80934250559731,MCTNet_400km2_California_South-1.tif,57
36.777342142202656,-119.85255147076346,MCTNet_400km2_California_South-1.tif,57
36.77725231067424,-119.89576043592962,MCTNet_400km2_California_South-1.tif,57
36.77725231067424,-119.77799130218155,MCTNet_400km2_California_South-1.tif,57
36.77716247914583,-119.82120026734769,MCTNet_400km2_California_South-1.tif,57
36.777072647617416,-119.86440923251384,MCTNet_400km2_California_South-1.tif,57
36.776982816089,-119.90761819768,MCTNet_400km2_California_South-1.tif,57
36.776982816089,-119.78984906393192,MCTNet_400km2_California_South-1.tif,57
36.7768929845606,-119.83305802909807,MCTNet_400km2_California_South-1.tif,57
36.77680315303218,-119.87626699426421,MCTNet_400km2_California_South-1.tif,57
36.77680315303218,-119.75849786051614,MCTNet_400km2_California_South-1.tif,57
36.77671332150377,-119.8017068256823,MCTNet_400km2_California_South-1.tif,57
36.77662348997536,-119.84491579084845,MCTNet_400km2_California_South-1.tif,57
36.776533658446944,-119.88812475601459,MCTNet_400km2_California_South-1.tif,57
36.776533658446944,-119.77035562226652,MCTNet_400km2_California_South-1.tif,57
36.77644382691854,-119.81356458743268,MCTNet_400km2_California_South-1.tif,57
36.776353995390124,-119.85677355259882,MCTNet_400km2_California_South-1.tif,57
36.77626416386171,-119.89998251776497,MCTNet_400km2_California_South-1.tif,57
36.77626416386171,-119.78221338401691,MCTNet_400km2_California_South-1.tif,57
36.7761743323333,-119.82542234918306,MCTNet_400km2_California_South-1.tif,57
36.776084500804885,-119.8686313143492,MCTNet_400km2_California_South-1.tif,57
36.776084500804885,-119.75086218060113,MCTNet_400km2_California_South-1.tif,57
36.77599466927647,-119.79407114576729,MCTNet_400km2_California_South-1.tif,57
36.775904837748065,-119.83728011093343,MCTNet_400km2_California_South-1.tif,57
36.77581500621965,-119.88048907609958,MCTNet_400km2_California_South-1.tif,57
36.77581500621965,-119.76271994235151,MCTNet_400km2_California_South-1.tif,57
36.77572517469124,-119.80592890751767,MCTNet_400km2_California_South-1.tif,57
36.775635343162826,-119.84913787268381,MCTNet_400km2_California_South-1.tif,57
36.77554551163441,-119.89234683784996,MCTNet_400km2_California_South-1.tif,57
36.77554551163441,-119.77457770410189,MCTNet_400km2_California_South-1.tif,57
36.775455680106006,-119.81778666926805,MCTNet_400km2_California_South-1.tif,57
36.77536584857759,-119.86099563443419,MCTNet_400km2_California_South-1.tif,69
36.77527601704918,-119.90420459960033,MCTNet_400km2_California_South-1.tif,69
36.77527601704918,-119.78643546585226,MCTNet_400km2_California_South-1.tif,69
36.77518618552077,-119.82964443101842,MCTNet_400km2_California_South-1.tif,69
36.77509635399235,-119.87285339618457,MCTNet_400km2_California_South-1.tif,69
36.77509635399235,-119.7550842624365,MCTNet_400km2_California_South-1.tif,69
36.77500652246394,-119.79829322760264,MCTNet_400km2_California_South-1.tif,69
36.774916690935534,-119.8415021927688,MCTNet_400km2_California_South-1.tif,69
36.77482685940712,-119.88471115793494,MCTNet_400km2_California_South-1.tif,69
36.77482685940712,-119.76694202418687,MCTNet_400km2_California_South-1.tif,69
36.77473702787871,-119.81015098935302,MCTNet_400km2_California_South-1.tif,69
36.774647196350294,-119.85335995451918,MCTNet_400km2_California_South-1.tif,69
36.77455736482188,-119.89656891968532,MCTNet_400km2_California_South-1.tif,69
36.77455736482188,-119.77879978593725,MCTNet_400km2_California_South-1.tif,69
36.774467533293475,-119.8220087511034,MCTNet_400km2_California_South-1.tif,69
36.77437770176506,-119.86521771626956,MCTNet_400km2_California_South-1.tif,69
36.77428787023665,-119.9084266814357,MCTNet_400km2_California_South-1.tif,69
36.77428787023665,-119.79065754768763,MCTNet_400km2_California_South-1.tif,69
36.774198038708235,-119.83386651285377,MCTNet_400km2_California_South-1.tif,69
36.77410820717982,-119.87707547801993,MCTNet_400km2_California_South-1.tif,69
36.77410820717982,-119.75930634427186,MCTNet_400km2_California_South-1.tif,69
36.77401837565141,-119.80251530943801,MCTNet_400km2_California_South-1.tif,69
36.773928544123,-119.84572427460415,MCTNet_400km2_California_South-1.tif,69
36.77383871259459,-119.88893323977031,MCTNet_400km2_California_South-1.tif,69
36.77383871259459,-119.77116410602224,MCTNet_400km2_California_South-1.tif,69
36.773748881066176,-119.81437307118838,MCTNet_400km2_California_South-1.tif,69
36.77365904953776,-119.85758203635453,MCTNet_400km2_California_South-1.tif,69
36.77356921800935,-119.90079100152069,MCTNet_400km2_California_South-1.tif,69
36.77356921800935,-119.78302186777262,MCTNet_400km2_California_South-1.tif,69
36.773479386480936,-119.82623083293876,MCTNet_400km2_California_South-1.tif,69
36.77338955495253,-119.8694397981049,MCTNet_400km2_California_South-1.tif,69
36.77338955495253,-119.75167066435684,MCTNet_400km2_California_South-1.tif,69
36.77329972342412,-119.794879629523,MCTNet_400km2_California_South-1.tif,69
36.7732098918957,-119.83808859468914,MCTNet_400km2_California_South-1.tif,69
36.77312006036729,-119.88129755985528,MCTNet_400km2_California_South-1.tif,69
36.77312006036729,-119.76352842610721,MCTNet_400km2_California_South-1.tif,69
36.77303022883888,-119.80673739127337,MCTNet_400km2_California_South-1.tif,69
36.77294039731047,-119.84994635643952,MCTNet_400km2_California_South-1.tif,69
36.77285056578206,-119.89315532160566,MCTNet_400km2_California_South-1.tif,69
36.77285056578206,-119.77538618785759,MCTNet_400km2_California_South-1.tif,69
36.772760734253644,-119.81859515302375,MCTNet_400km2_California_South-1.tif,69
36.77267090272523,-119.8618041181899,MCTNet_400km2_California_South-1.tif,69
36.77258107119682,-119.90501308335604,MCTNet_400km2_California_South-1.tif,69
36.77258107119682,-119.78724394960797,MCTNet_400km2_California_South-1.tif,69
36.772491239668405,-119.83045291477413,MCTNet_400km2_California_South-1.tif,69
36.77240140814,-119.87366187994027,MCTNet_400km2_California_South-1.tif,69
36.77240140814,-119.7558927461922,MCTNet_400km2_California_South-1.tif,69
36.772311576611585,-119.79910171135835,MCTNet_400km2_California_South-1.tif,69
36.77222174508317,-119.8423106765245,MCTNet_400km2_California_South-1.tif,69
36.77213191355476,-119.88551964169065,MCTNet_400km2_California_South-1.tif,69
36.77213191355476,-119.76775050794258,MCTNet_400km2_California_South-1.tif,69
36.772042082026346,-119.81095947310872,MCTNet_400km2_California_South-1.tif,69
36.77195225049794,-119.85416843827488,MCTNet_400km2_California_South-1.tif,69
36.771862418969526,-119.89737740344103,MCTNet_400km2_California_South-1.tif,69
36.771862418969526,-119.77960826969296,MCTNet_400km2_California_South-1.tif,69
36.77177258744111,-119.8228172348591,MCTNet_400km2_California_South-1.tif,69
36.7716827559127,-119.86602620002526,MCTNet_400km2_California_South-1.tif,69
36.77159292438429,-119.9092351651914,MCTNet_400km2_California_South-1.tif,69
36.77159292438429,-119.79146603144333,MCTNet_400km2_California_South-1.tif,69
36.77150309285587,-119.83467499660948,MCTNet_400km2_California_South-1.tif,69
36.77141326132747,-119.87788396177564,MCTNet_400km2_California_South-1.tif,69
36.77141326132747,-119.76011482802757,MCTNet_400km2_California_South-1.tif,69
36.771323429799054,-119.80332379319371,MCTNet_400km2_California_South-1.tif,69
36.77123359827064,-119.84653275835987,MCTNet_400km2_California_South-1.tif,69
36.77114376674223,-119.88974172352601,MCTNet_400km2_California_South-1.tif,69
36.77114376674223,-119.77197258977795,MCTNet_400km2_California_South-1.tif,69
36.771053935213814,-119.81518155494409,MCTNet_400km2_California_South-1.tif,69
36.77096410368541,-119.85839052011025,MCTNet_400km2_California_South-1.tif,69
36.770874272156995,-119.90159948527639,MCTNet_400km2_California_South-1.tif,69
36.770874272156995,-119.78383035152832,MCTNet_400km2_California_South-1.tif,69
36.77078444062858,-119.82703931669447,MCTNet_400km2_California_South-1.tif,69
36.77069460910017,-119.87024828186063,MCTNet_400km2_California_South-1.tif,69
36.77069460910017,-119.75247914811256,MCTNet_400km2_California_South-1.tif,69
36.770604777571755,-119.7956881132787,MCTNet_400km2_California_South-1.tif,69
36.77051494604334,-119.83889707844484,MCTNet_400km2_California_South-1.tif,69
36.770425114514936,-119.882106043611,MCTNet_400km2_California_South-1.tif,69
36.770425114514936,-119.76433690986293,MCTNet_400km2_California_South-1.tif,69
36.77033528298652,-119.80754587502908,MCTNet_400km2_California_South-1.tif,69
36.77024545145811,-119.85075484019522,MCTNet_400km2_California_South-1.tif,69
36.770155619929696,-119.89396380536138,MCTNet_400km2_California_South-1.tif,69
36.770155619929696,-119.77619467161331,MCTNet_400km2_California_South-1.tif,69
36.77006578840128,-119.81940363677946,MCTNet_400km2_California_South-1.tif,69
36.76997595687288,-119.8626126019456,MCTNet_400km2_California_South-1.tif,69
36.76988612534446,-119.90582156711176,MCTNet_400km2_California_South-1.tif,69
36.76988612534446,-119.78805243336369,MCTNet_400km2_California_South-1.tif,69
36.76979629381605,-119.83126139852983,MCTNet_400km2_California_South-1.tif,69
36.76970646228764,-119.87447036369598,MCTNet_400km2_California_South-1.tif,69
36.76970646228764,-119.75670122994791,MCTNet_400km2_California_South-1.tif,69
36.769616630759224,-119.79991019511407,MCTNet_400km2_California_South-1.tif,69
36.76952679923081,-119.84311916028021,MCTNet_400km2_California_South-1.tif,69
36.769436967702404,-119.88632812544635,MCTNet_400km2_California_South-1.tif,69
36.769436967702404,-119.76855899169828,MCTNet_400km2_California_South-1.tif,69
36.76934713617399,-119.81176795686444,MCTNet_400km2_California_South-1.tif,69
36.76925730464558,-119.85497692203059,MCTNet_400km2_California_South-1.tif,69
36.769167473117164,-119.89818588719673,MCTNet_400km2_California_South-1.tif,69
36.769167473117164,-119.78041675344866,MCTNet_400km2_California_South-1.tif,69
36.76907764158875,-119.82362571861482,MCTNet_400km2_California_South-1.tif,69
36.768987810060345,-119.86683468378097,MCTNet_400km2_California_South-1.tif,69
36.76889797853193,-119.91004364894711,MCTNet_400km2_California_South-1.tif,69
36.76889797853193,-119.79227451519904,MCTNet_400km2_California_South-1.tif,69
36.76880814700352,-119.8354834803652,MCTNet_400km2_California_South-1.tif,69
36.768718315475105,-119.87869244553134,MCTNet_400km2_California_South-1.tif,69
36.768718315475105,-119.76092331178327,MCTNet_400km2_California_South-1.tif,69
36.76862848394669,-119.80413227694942,MCTNet_400km2_California_South-1.tif,69
36.76853865241828,-119.84734124211558,MCTNet_400km2_California_South-1.tif,69
36.76844882088987,-119.89055020728172,MCTNet_400km2_California_South-1.tif,69
36.76844882088987,-119.77278107353365,MCTNet_400km2_California_South-1.tif,69
36.76835898936146,-119.8159900386998,MCTNet_400km2_California_South-1.tif,69
36.768269157833046,-119.85919900386595,MCTNet_400km2_California_South-1.tif,69
36.76817932630463,-119.9024079690321,MCTNet_400km2_California_South-1.tif,69
36.76817932630463,-119.78463883528403,MCTNet_400km2_California_South-1.tif,69
36.76808949477622,-119.82784780045017,MCTNet_400km2_California_South-1.tif,69
36.767999663247814,-119.87105676561633,MCTNet_400km2_California_South-1.tif,69
36.767999663247814,-119.75328763186826,MCTNet_400km2_California_South-1.tif,69
36.7679098317194,-119.7964965970344,MCTNet_400km2_California_South-1.tif,69
36.76782000019099,-119.83970556220055,MCTNet_400km2_California_South-1.tif,69
36.767730168662574,-119.88291452736671,MCTNet_400km2_California_South-1.tif,69
36.767730168662574,-119.76514539361864,MCTNet_400km2_California_South-1.tif,69
36.76764033713416,-119.80835435878478,MCTNet_400km2_California_South-1.tif,69
36.76755050560575,-119.85156332395093,MCTNet_400km2_California_South-1.tif,69
36.76746067407734,-119.89477228911709,MCTNet_400km2_California_South-1.tif,69
36.76746067407734,-119.77700315536902,MCTNet_400km2_California_South-1.tif,69
36.76737084254893,-119.82021212053516,MCTNet_400km2_California_South-1.tif,69
36.767281011020515,-119.8634210857013,MCTNet_400km2_California_South-1.tif,69
36.7671911794921,-119.90663005086746,MCTNet_400km2_California_South-1.tif,69
36.7671911794921,-119.7888609171194,MCTNet_400km2_California_South-1.tif,69
36.76710134796369,-119.83206988228554,MCTNet_400km2_California_South-1.tif,69
36.76701151643528,-119.87527884745168,MCTNet_400km2_California_South-1.tif,69
36.76701151643528,-119.75750971370361,MCTNet_400km2_California_South-1.tif,69
36.76692168490687,-119.80071867886977,MCTNet_400km2_California_South-1.tif,69
36.766831853378456,-119.84392764403592,MCTNet_400km2_California_South-1.tif,69
36.76674202185004,-119.88713660920206,MCTNet_400km2_California_South-1.tif,69
36.76674202185004,-119.76936747545399,MCTNet_400km2_California_South-1.tif,69
36.76665219032163,-119.81257644062015,MCTNet_400km2_California_South-1.tif,69
36.766562358793216,-119.85578540578629,MCTNet_400km2_California_South-1.tif,69
36.76647252726481,-119.89899437095244,MCTNet_400km2_California_South-1.tif,69
36.76647252726481,-119.78122523720438,MCTNet_400km2_California_South-1.tif,69
36.7663826957364,-119.82443420237053,MCTNet_400km2_California_South-1.tif,69
36.76629286420798,-119.86764316753667,MCTNet_400km2_California_South-1.tif,69
36.76620303267957,-119.91085213270281,MCTNet_400km2_California_South-1.tif,69
36.76620303267957,-119.79308299895476,MCTNet_400km2_California_South-1.tif,69
36.76611320115116,-119.8362919641209,MCTNet_400km2_California_South-1.tif,69
36.76602336962275,-119.87950092928705,MCTNet_400km2_California_South-1.tif,69
36.76602336962275,-119.76173179553898,MCTNet_400km2_California_South-1.tif,69
36.76593353809434,-119.80494076070514,MCTNet_400km2_California_South-1.tif,69
36.765843706565924,-119.84814972587128,MCTNet_400km2_California_South-1.tif,69
36.76575387503751,-119.89135869103742,MCTNet_400km2_California_South-1.tif,69
36.76575387503751,-119.77358955728936,MCTNet_400km2_California_South-1.tif,69
36.7656640435091,-119.81679852245551,MCTNet_400km2_California_South-1.tif,69
36.765574211980685,-119.86000748762166,MCTNet_400km2_California_South-1.tif,69
36.76548438045228,-119.9032164527878,MCTNet_400km2_California_South-1.tif,69
36.76548438045228,-119.78544731903973,MCTNet_400km2_California_South-1.tif,69
36.765394548923865,-119.82865628420589,MCTNet_400km2_California_South-1.tif,69
36.76530471739545,-119.87186524937204,MCTNet_400km2_California_South-1.tif,69
36.76530471739545,-119.75409611562397,MCTNet_400km2_California_South-1.tif,69
36.76521488586704,-119.79730508079011,MCTNet_400km2_California_South-1.tif,69
36.765125054338625,-119.84051404595627,MCTNet_400km2_California_South-1.tif,69
36.76503522281022,-119.88372301112241,MCTNet_400km2_California_South-1.tif,69
36.76503522281022,-119.76595387737434,MCTNet_400km2_California_South-1.tif,69
36.764945391281806,-119.80916284254049,MCTNet_400km2_California_South-1.tif,69
36.76485555975339,-119.85237180770665,MCTNet_400km2_California_South-1.tif,69
36.76476572822498,-119.89558077287279,MCTNet_400km2_California_South-1.tif,69
36.76476572822498,-119.77781163912472,MCTNet_400km2_California_South-1.tif,69
36.764675896696566,-119.82102060429087,MCTNet_400km2_California_South-1.tif,69
36.76458606516815,-119.86422956945702,MCTNet_400km2_California_South-1.tif,69
36.76449623363975,-119.90743853462317,MCTNet_400km2_California_South-1.tif,69
36.76449623363975,-119.7896694008751,MCTNet_400km2_California_South-1.tif,69
36.764406402111334,-119.83287836604124,MCTNet_400km2_California_South-1.tif,69
36.76431657058292,-119.8760873312074,MCTNet_400km2_California_South-1.tif,69
36.76431657058292,-119.75831819745933,MCTNet_400km2_California_South-1.tif,69
36.76422673905451,-119.80152716262548,MCTNet_400km2_California_South-1.tif,69
36.764136907526094,-119.84473612779162,MCTNet_400km2_California_South-1.tif,69
36.76404707599769,-119.88794509295778,MCTNet_400km2_California_South-1.tif,69
36.76404707599769,-119.77017595920971,MCTNet_400km2_California_South-1.tif,69
36.763957244469275,-119.81338492437585,MCTNet_400km2_California_South-1.tif,69
36.76386741294086,-119.856593889542,MCTNet_400km2_California_South-1.tif,69
36.76377758141245,-119.89980285470816,MCTNet_400km2_California_South-1.tif,69
36.76377758141245,-119.78203372096009,MCTNet_400km2_California_South-1.tif,69
36.763687749884035,-119.82524268612623,MCTNet_400km2_California_South-1.tif,69
36.76359791835562,-119.86845165129238,MCTNet_400km2_California_South-1.tif,69
36.76359791835562,-119.7506825175443,MCTNet_400km2_California_South-1.tif,69
36.763508086827215,-119.79389148271046,MCTNet_400km2_California_South-1.tif,69
36.7634182552988,-119.83710044787661,MCTNet_400km2_California_South-1.tif,69
36.76332842377039,-119.88030941304275,MCTNet_400km2_California_South-1.tif,69
36.76332842377039,-119.76254027929468,MCTNet_400km2_California_South-1.tif,69
36.763238592241976,-119.80574924446084,MCTNet_400km2_California_South-1.tif,69
36.76314876071356,-119.84895820962699,MCTNet_400km2_California_South-1.tif,69
36.763058929185156,-119.89216717479313,MCTNet_400km2_California_South-1.tif,69
36.763058929185156,-119.77439804104506,MCTNet_400km2_California_South-1.tif,69
36.76296909765674,-119.81760700621122,MCTNet_400km2_California_South-1.tif,69
36.76287926612833,-119.86081597137736,MCTNet_400km2_California_South-1.tif,69
36.76278943459992,-119.90402493654351,MCTNet_400km2_California_South-1.tif,69
36.76278943459992,-119.78625580279544,MCTNet_400km2_California_South-1.tif,69
36.7626996030715,-119.8294647679616,MCTNet_400km2_California_South-1.tif,69
36.76260977154309,-119.87267373312774,MCTNet_400km2_California_South-1.tif,69
36.76260977154309,-119.75490459937967,MCTNet_400km2_California_South-1.tif,69
36.762519940014684,-119.79811356454582,MCTNet_400km2_California_South-1.tif,69
36.76243010848627,-119.84132252971197,MCTNet_400km2_California_South-1.tif,69
36.76234027695786,-119.88453149487812,MCTNet_400km2_California_South-1.tif,69
36.76234027695786,-119.76676236113005,MCTNet_400km2_California_South-1.tif,69
36.762250445429444,-119.80997132629619,MCTNet_400km2_California_South-1.tif,69
36.76216061390103,-119.85318029146235,MCTNet_400km2_California_South-1.tif,69
36.762070782372625,-119.8963892566285,MCTNet_400km2_California_South-1.tif,69
36.762070782372625,-119.77862012288043,MCTNet_400km2_California_South-1.tif,69
36.76198095084421,-119.82182908804657,MCTNet_400km2_California_South-1.tif,69
36.7618911193158,-119.86503805321273,MCTNet_400km2_California_South-1.tif,69
36.761801287787385,-119.90824701837887,MCTNet_400km2_California_South-1.tif,69
36.761801287787385,-119.7904778846308,MCTNet_400km2_California_South-1.tif,69
36.76171145625897,-119.83368684979695,MCTNet_400km2_California_South-1.tif,69
36.76162162473056,-119.8768958149631,MCTNet_400km2_California_South-1.tif,69
36.76162162473056,-119.75912668121504,MCTNet_400km2_California_South-1.tif,69
36.76153179320215,-119.80233564638118,MCTNet_400km2_California_South-1.tif,69
36.76144196167374,-119.84554461154733,MCTNet_400km2_California_South-1.tif,69
36.761352130145326,-119.88875357671348,MCTNet_400km2_California_South-1.tif,69
36.761352130145326,-119.77098444296541,MCTNet_400km2_California_South-1.tif,69
36.76126229861691,-119.81419340813156,MCTNet_400km2_California_South-1.tif,69
36.7611724670885,-119.85740237329772,MCTNet_400km2_California_South-1.tif,69
36.76108263556009,-119.90061133846386,MCTNet_400km2_California_South-1.tif,69
36.76108263556009,-119.78284220471579,MCTNet_400km2_California_South-1.tif,69
36.76099280403168,-119.82605116988194,MCTNet_400km2_California_South-1.tif,69
36.76090297250327,-119.8692601350481,MCTNet_400km2_California_South-1.tif,69
36.76090297250327,-119.75149100130002,MCTNet_400km2_California_South-1.tif,69
36.760813140974854,-119.79469996646617,MCTNet_400km2_California_South-1.tif,69
36.76072330944644,-119.83790893163231,MCTNet_400km2_California_South-1.tif,69
36.76063347791803,-119.88111789679847,MCTNet_400km2_California_South-1.tif,69
36.76063347791803,-119.7633487630504,MCTNet_400km2_California_South-1.tif,69
36.76054364638962,-119.80655772821655,MCTNet_400km2_California_South-1.tif,69
36.76045381486121,-119.84976669338269,MCTNet_400km2_California_South-1.tif,69
36.760363983332795,-119.89297565854885,MCTNet_400km2_California_South-1.tif,69
36.760363983332795,-119.77520652480078,MCTNet_400km2_California_South-1.tif,69
36.76027415180438,-119.81841548996692,MCTNet_400km2_California_South-1.tif,69
36.76018432027597,-119.86162445513307,MCTNet_400km2_California_South-1.tif,69
36.76009448874756,-119.90483342029923,MCTNet_400km2_California_South-1.tif,69
36.76009448874756,-119.78706428655116,MCTNet_400km2_California_South-1.tif,69
36.76000465721915,-119.8302732517173,MCTNet_400km2_California_South-1.tif,69
36.759914825690736,-119.87348221688345,MCTNet_400km2_California_South-1.tif,69
36.759914825690736,-119.75571308313538,MCTNet_400km2_California_South-1.tif,69
36.75982499416232,-119.79892204830153,MCTNet_400km2_California_South-1.tif,69
36.75973516263391,-119.84213101346768,MCTNet_400km2_California_South-1.tif,69
36.759645331105496,-119.88533997863382,MCTNet_400km2_California_South-1.tif,69
36.759645331105496,-119.76757084488575,MCTNet_400km2_California_South-1.tif,69
36.75955549957709,-119.81077981005191,MCTNet_400km2_California_South-1.tif,69
36.759465668048676,-119.85398877521806,MCTNet_400km2_California_South-1.tif,69
36.75937583652026,-119.8971977403842,MCTNet_400km2_California_South-1.tif,69
36.75937583652026,-119.77942860663613,MCTNet_400km2_California_South-1.tif,69
36.75928600499185,-119.82263757180229,MCTNet_400km2_California_South-1.tif,69
36.75919617346344,-119.86584653696843,MCTNet_400km2_California_South-1.tif,69
36.75910634193503,-119.90905550213458,MCTNet_400km2_California_South-1.tif,69
36.75910634193503,-119.79128636838651,MCTNet_400km2_California_South-1.tif,69
36.75901651040662,-119.83449533355267,MCTNet_400km2_California_South-1.tif,69
36.758926678878204,-119.87770429871881,MCTNet_400km2_California_South-1.tif,69
36.758926678878204,-119.75993516497074,MCTNet_400km2_California_South-1.tif,69
36.75883684734979,-119.80314413013689,MCTNet_400km2_California_South-1.tif,69
36.75874701582138,-119.84635309530304,MCTNet_400km2_California_South-1.tif,69
36.758657184292964,-119.88956206046919,MCTNet_400km2_California_South-1.tif,69
36.758657184292964,-119.77179292672112,MCTNet_400km2_California_South-1.tif,69
36.75856735276456,-119.81500189188726,MCTNet_400km2_California_South-1.tif,69
36.758477521236145,-119.85821085705342,MCTNet_400km2_California_South-1.tif,69
36.75838768970773,-119.90141982221957,MCTNet_400km2_California_South-1.tif,69
36.75838768970773,-119.7836506884715,MCTNet_400km2_California_South-1.tif,69
36.75829785817932,-119.82685965363764,MCTNet_400km2_California_South-1.tif,69
36.758208026650905,-119.8700686188038,MCTNet_400km2_California_South-1.tif,69
36.758208026650905,-119.75229948505573,MCTNet_400km2_California_South-1.tif,69
36.7581181951225,-119.79550845022187,MCTNet_400km2_California_South-1.tif,69
36.758028363594086,-119.83871741538802,MCTNet_400km2_California_South-1.tif,69
36.75793853206567,-119.88192638055418,MCTNet_400km2_California_South-1.tif,69
36.75793853206567,-119.7641572468061,MCTNet_400km2_California_South-1.tif,69
36.75784870053726,-119.80736621197225,MCTNet_400km2_California_South-1.tif,69
36.757758869008846,-119.8505751771384,MCTNet_400km2_California_South-1.tif,69
36.75766903748043,-119.89378414230455,MCTNet_400km2_California_South-1.tif,69
36.75766903748043,-119.77601500855648,MCTNet_400km2_California_South-1.tif,69
36.75757920595203,-119.81922397372263,MCTNet_400km2_California_South-1.tif,69
36.75748937442361,-119.86243293888877,MCTNet_400km2_California_South-1.tif,69
36.7573995428952,-119.90564190405493,MCTNet_400km2_California_South-1.tif,69
36.7573995428952,-119.78787277030686,MCTNet_400km2_California_South-1.tif,69
36.75730971136679,-119.831081735473,MCTNet_400km2_California_South-1.tif,69
36.757219879838374,-119.87429070063915,MCTNet_400km2_California_South-1.tif,69
36.757219879838374,-119.75652156689108,MCTNet_400km2_California_South-1.tif,69
36.75713004830997,-119.79973053205724,MCTNet_400km2_California_South-1.tif,69
36.757040216781554,-119.84293949722338,MCTNet_400km2_California_South-1.tif,69
36.75695038525314,-119.88614846238953,MCTNet_400km2_California_South-1.tif,69
36.75695038525314,-119.76837932864146,MCTNet_400km2_California_South-1.tif,69
36.75686055372473,-119.81158829380762,MCTNet_400km2_California_South-1.tif,69
36.756770722196315,-119.85479725897376,MCTNet_400km2_California_South-1.tif,69
36.7566808906679,-119.8980062241399,MCTNet_400km2_California_South-1.tif,69
36.7566808906679,-119.78023709039184,MCTNet_400km2_California_South-1.tif,69
36.756591059139495,-119.823446055558,MCTNet_400km2_California_South-1.tif,69
36.75650122761108,-119.86665502072414,MCTNet_400km2_California_South-1.tif,69
36.75641139608267,-119.90986398589028,MCTNet_400km2_California_South-1.tif,69
36.75641139608267,-119.79209485214223,MCTNet_400km2_California_South-1.tif,69
36.756321564554256,-119.83530381730837,MCTNet_400km2_California_South-1.tif,69
36.75623173302584,-119.87851278247452,MCTNet_400km2_California_South-1.tif,69
36.75623173302584,-119.76074364872645,MCTNet_400km2_California_South-1.tif,69
36.756141901497436,-119.8039526138926,MCTNet_400km2_California_South-1.tif,69
36.75605206996902,-119.84716157905875,MCTNet_400km2_California_South-1.tif,69
36.75596223844061,-119.8903705442249,MCTNet_400km2_California_South-1.tif,69
36.75596223844061,-119.77260141047682,MCTNet_400km2_California_South-1.tif,69
36.7558724069122,-119.81581037564298,MCTNet_400km2_California_South-1.tif,69
36.75578257538378,-119.85901934080913,MCTNet_400km2_California_South-1.tif,69
36.75569274385537,-119.90222830597527,MCTNet_400km2_California_South-1.tif,69
36.75569274385537,-119.7844591722272,MCTNet_400km2_California_South-1.tif,69
36.755602912326964,-119.82766813739336,MCTNet_400km2_California_South-1.tif,69
36.75551308079855,-119.8708771025595,MCTNet_400km2_California_South-1.tif,69
36.75551308079855,-119.75310796881143,MCTNet_400km2_California_South-1.tif,69
36.75542324927014,-119.79631693397758,MCTNet_400km2_California_South-1.tif,69
36.755333417741724,-119.83952589914374,MCTNet_400km2_California_South-1.tif,69
36.75524358621331,-119.88273486430988,MCTNet_400km2_California_South-1.tif,69
36.75524358621331,-119.76496573056181,MCTNet_400km2_California_South-1.tif,69
36.755153754684905,-119.80817469572796,MCTNet_400km2_California_South-1.tif,69
36.75506392315649,-119.85138366089411,MCTNet_400km2_California_South-1.tif,69
36.75497409162808,-119.89459262606026,MCTNet_400km2_California_South-1.tif,69
36.75497409162808,-119.77682349231219,MCTNet_400km2_California_South-1.tif,69
36.754884260099665,-119.82003245747833,MCTNet_400km2_California_South-1.tif,69
36.75479442857125,-119.86324142264449,MCTNet_400km2_California_South-1.tif,69
36.75470459704284,-119.90645038781064,MCTNet_400km2_California_South-1.tif,69
36.75470459704284,-119.78868125406257,MCTNet_400km2_California_South-1.tif,69
36.75461476551443,-119.83189021922871,MCTNet_400km2_California_South-1.tif,69
36.75452493398602,-119.87509918439487,MCTNet_400km2_California_South-1.tif,69
36.75452493398602,-119.7573300506468,MCTNet_400km2_California_South-1.tif,69
36.754435102457606,-119.80053901581294,MCTNet_400km2_California_South-1.tif,69
36.75434527092919,-119.84374798097909,MCTNet_400km2_California_South-1.tif,69
36.75425543940078,-119.88695694614525,MCTNet_400km2_California_South-1.tif,69
36.75425543940078,-119.76918781239718,MCTNet_400km2_California_South-1.tif,69
36.75416560787237,-119.81239677756332,MCTNet_400km2_California_South-1.tif,69
36.75407577634396,-119.85560574272947,MCTNet_400km2_California_South-1.tif,69
36.75398594481555,-119.89881470789562,MCTNet_400km2_California_South-1.tif,69
36.75398594481555,-119.78104557414756,MCTNet_400km2_California_South-1.tif,69
36.753896113287134,-119.8242545393137,MCTNet_400km2_California_South-1.tif,69
36.75380628175872,-119.86746350447984,MCTNet_400km2_California_South-1.tif,69
36.75371645023031,-119.910672469646,MCTNet_400km2_California_South-1.tif,69
36.75371645023031,-119.79290333589793,MCTNet_400km2_California_South-1.tif,69
36.7536266187019,-119.83611230106408,MCTNet_400km2_California_South-1.tif,69
36.75353678717349,-119.87932126623022,MCTNet_400km2_California_South-1.tif,69
36.75353678717349,-119.76155213248215,MCTNet_400km2_California_South-1.tif,69
36.753446955645074,-119.80476109764831,MCTNet_400km2_California_South-1.tif,69
36.75335712411666,-119.84797006281445,MCTNet_400km2_California_South-1.tif,69
36.75326729258825,-119.8911790279806,MCTNet_400km2_California_South-1.tif,69
36.75326729258825,-119.77340989423253,MCTNet_400km2_California_South-1.tif,69
36.75317746105984,-119.81661885939869,MCTNet_400km2_California_South-1.tif,69
36.75308762953143,-119.85982782456483,MCTNet_400km2_California_South-1.tif,69
36.752997798003015,-119.90303678973098,MCTNet_400km2_California_South-1.tif,69
36.752997798003015,-119.7852676559829,MCTNet_400km2_California_South-1.tif,69
36.7529079664746,-119.82847662114906,MCTNet_400km2_California_South-1.tif,69
36.75281813494619,-119.87168558631521,MCTNet_400km2_California_South-1.tif,69
36.75281813494619,-119.75391645256714,MCTNet_400km2_California_South-1.tif,69
36.752728303417776,-119.79712541773328,MCTNet_400km2_California_South-1.tif,69
36.75263847188937,-119.84033438289944,MCTNet_400km2_California_South-1.tif,69
36.752548640360956,-119.88354334806559,MCTNet_400km2_California_South-1.tif,69
36.752548640360956,-119.76577421431752,MCTNet_400km2_California_South-1.tif,69
36.75245880883254,-119.80898317948366,MCTNet_400km2_California_South-1.tif,69
36.75236897730413,-119.85219214464982,MCTNet_400km2_California_South-1.tif,69
36.75227914577572,-119.89540110981596,MCTNet_400km2_California_South-1.tif,69
36.75227914577572,-119.7776319760679,MCTNet_400km2_California_South-1.tif,69
36.75218931424731,-119.82084094123404,MCTNet_400km2_California_South-1.tif,69
36.7520994827189,-119.8640499064002,MCTNet_400km2_California_South-1.tif,69
36.752009651190484,-119.90725887156634,MCTNet_400km2_California_South-1.tif,69
36.752009651190484,-119.78948973781827,MCTNet_400km2_California_South-1.tif,69
36.75191981966207,-119.83269870298442,MCTNet_400km2_California_South-1.tif,69
36.75182998813366,-119.87590766815057,MCTNet_400km2_California_South-1.tif,69
36.75182998813366,-119.7581385344025,MCTNet_400km2_California_South-1.tif,69
36.751740156605244,-119.80134749956865,MCTNet_400km2_California_South-1.tif,69
36.75165032507684,-119.8445564647348,MCTNet_400km2_California_South-1.tif,69
36.751560493548425,-119.88776542990095,MCTNet_400km2_California_South-1.tif,69
36.751560493548425,-119.76999629615288,MCTNet_400km2_California_South-1.tif,69
36.75147066202001,-119.81320526131903,MCTNet_400km2_California_South-1.tif,69
36.7513808304916,-119.85641422648519,MCTNet_400km2_California_South-1.tif,69
36.751290998963185,-119.89962319165133,MCTNet_400km2_California_South-1.tif,69
36.751290998963185,-119.78185405790326,MCTNet_400km2_California_South-1.tif,69
36.75120116743478,-119.8250630230694,MCTNet_400km2_California_South-1.tif,69
36.751111335906366,-119.86827198823556,MCTNet_400km2_California_South-1.tif,69
36.751111335906366,-119.7505028544875,MCTNet_400km2_California_South-1.tif,69
36.75102150437795,-119.79371181965364,MCTNet_400km2_California_South-1.tif,69
36.75093167284954,-119.83692078481978,MCTNet_400km2_California_South-1.tif,69
36.750841841321126,-119.88012974998594,MCTNet_400km2_California_South-1.tif,69
36.750841841321126,-119.76236061623787,MCTNet_400km2_California_South-1.tif,69
36.75075200979271,-119.80556958140401,MCTNet_400km2_California_South-1.tif,69
36.75066217826431,-119.84877854657016,MCTNet_400km2_California_South-1.tif,69
36.75057234673589,-119.89198751173632,MCTNet_400km2_California_South-1.tif,69
36.75057234673589,-119.77421837798825,MCTNet_400km2_California_South-1.tif,69
36.75048251520748,-119.81742734315439,MCTNet_400km2_California_South-1.tif,69
36.75039268367907,-119.86063630832054,MCTNet_400km2_California_South-1.tif,69
36.750302852150654,-119.9038452734867,MCTNet_400km2_California_South-1.tif,69
36.750302852150654,-119.78607613973863,MCTNet_400km2_California_South-1.tif,69
36.75021302062225,-119.82928510490477,MCTNet_400km2_California_South-1.tif,69
36.750123189093834,-119.87249407007091,MCTNet_400km2_California_South-1.tif,69
36.750123189093834,-119.75472493632284,MCTNet_400km2_California_South-1.tif,69
36.75003335756542,-119.797933901489,MCTNet_400km2_California_South-1.tif,69
36.74994352603701,-119.84114286665515,MCTNet_400km2_California_South-1.tif,69
36.749853694508595,-119.88435183182129,MCTNet_400km2_California_South-1.tif,69
36.749853694508595,-119.76658269807322,MCTNet_400km2_California_South-1.tif,69
36.74976386298018,-119.80979166323938,MCTNet_400km2_California_South-1.tif,69
36.749674031451775,-119.85300062840552,MCTNet_400km2_California_South-1.tif,69
36.74958419992336,-119.89620959357167,MCTNet_400km2_California_South-1.tif,69
36.74958419992336,-119.7784404598236,MCTNet_400km2_California_South-1.tif,69
36.74949436839495,-119.82164942498976,MCTNet_400km2_California_South-1.tif,69
36.749404536866535,-119.8648583901559,MCTNet_400km2_California_South-1.tif,69
36.74931470533812,-119.90806735532205,MCTNet_400km2_California_South-1.tif,69
36.74931470533812,-119.79029822157398,MCTNet_400km2_California_South-1.tif,69
36.749224873809716,-119.83350718674014,MCTNet_400km2_California_South-1.tif,69
36.7491350422813,-119.87671615190628,MCTNet_400km2_California_South-1.tif,69
36.7491350422813,-119.75894701815821,MCTNet_400km2_California_South-1.tif,69
36.74904521075289,-119.80215598332435,MCTNet_400km2_California_South-1.tif,69
36.748955379224476,-119.84536494849051,MCTNet_400km2_California_South-1.tif,69
36.74886554769606,-119.88857391365666,MCTNet_400km2_California_South-1.tif,69
36.74886554769606,-119.77080477990859,MCTNet_400km2_California_South-1.tif,69
36.74877571616765,-119.81401374507473,MCTNet_400km2_California_South-1.tif,69
36.748685884639244,-119.85722271024089,MCTNet_400km2_California_South-1.tif,69
36.74859605311083,-119.90043167540703,MCTNet_400km2_California_South-1.tif,69
36.74859605311083,-119.78266254165896,MCTNet_400km2_California_South-1.tif,69
36.74850622158242,-119.82587150682511,MCTNet_400km2_California_South-1.tif,69
36.748416390054004,-119.86908047199127,MCTNet_400km2_California_South-1.tif,69
36.748416390054004,-119.7513113382432,MCTNet_400km2_California_South-1.tif,69
36.74832655852559,-119.79452030340934,MCTNet_400km2_California_South-1.tif,69
36.748236726997185,-119.83772926857549,MCTNet_400km2_California_South-1.tif,69
36.74814689546877,-119.88093823374165,MCTNet_400km2_California_South-1.tif,69
36.74814689546877,-119.76316909999358,MCTNet_400km2_California_South-1.tif,69
36.74805706394036,-119.80637806515972,MCTNet_400km2_California_South-1.tif,69
36.747967232411945,-119.84958703032586,MCTNet_400km2_California_South-1.tif,69
36.74787740088353,-119.89279599549202,MCTNet_400km2_California_South-1.tif,69
36.74787740088353,-119.77502686174395,MCTNet_400km2_California_South-1.tif,69
36.74778756935512,-119.8182358269101,MCTNet_400km2_California_South-1.tif,69
36.74769773782671,-119.86144479207624,MCTNet_400km2_California_South-1.tif,69
36.7476079062983,-119.9046537572424,MCTNet_400km2_California_South-1.tif,69
36.7476079062983,-119.78688462349433,MCTNet_400km2_California_South-1.tif,69
36.747518074769886,-119.83009358866047,MCTNet_400km2_California_South-1.tif,69
36.74742824324147,-119.87330255382662,MCTNet_400km2_California_South-1.tif,69
36.74742824324147,-119.75553342007855,MCTNet_400km2_California_South-1.tif,69
36.74733841171306,-119.79874238524471,MCTNet_400km2_California_South-1.tif,69
36.74724858018465,-119.84195135041085,MCTNet_400km2_California_South-1.tif,69
36.74715874865624,-119.885160315577,MCTNet_400km2_California_South-1.tif,69
36.74715874865624,-119.76739118182893,MCTNet_400km2_California_South-1.tif,69
36.74706891712783,-119.81060014699509,MCTNet_400km2_California_South-1.tif,69
36.74697908559941,-119.85380911216123,MCTNet_400km2_California_South-1.tif,69
36.746889254071,-119.89701807732737,MCTNet_400km2_California_South-1.tif,69
36.746889254071,-119.7792489435793,MCTNet_400km2_California_South-1.tif,69
36.74679942254259,-119.82245790874546,MCTNet_400km2_California_South-1.tif,69
36.74670959101418,-119.86566687391161,MCTNet_400km2_California_South-1.tif,69
36.74661975948577,-119.90887583907775,MCTNet_400km2_California_South-1.tif,69
36.74661975948577,-119.7911067053297,MCTNet_400km2_California_South-1.tif,69
36.746529927957354,-119.83431567049584,MCTNet_400km2_California_South-1.tif,69
36.74644009642894,-119.87752463566198,MCTNet_400km2_California_South-1.tif,69
36.74644009642894,-119.75975550191392,MCTNet_400km2_California_South-1.tif,69
36.74635026490053,-119.80296446708007,MCTNet_400km2_California_South-1.tif,69
36.74626043337212,-119.84617343224622,MCTNet_400km2_California_South-1.tif,69
36.74617060184371,-119.88938239741236,MCTNet_400km2_California_South-1.tif,69
36.74617060184371,-119.77161326366429,MCTNet_400km2_California_South-1.tif,69
36.746080770315295,-119.81482222883045,MCTNet_400km2_California_South-1.tif,69
36.74599093878688,-119.8580311939966,MCTNet_400km2_California_South-1.tif,69
36.74590110725847,-119.90124015916274,MCTNet_400km2_California_South-1.tif,69
36.74590110725847,-119.78347102541467,MCTNet_400km2_California_South-1.tif,69
36.745811275730055,-119.82667999058083,MCTNet_400km2_California_South-1.tif,69
36.74572144420165,-119.86988895574697,MCTNet_400km2_California_South-1.tif,69
36.74572144420165,-119.7521198219989,MCTNet_400km2_California_South-1.tif,69
36.745631612673236,-119.79532878716505,MCTNet_400km2_California_South-1.tif,69
36.74554178114482,-119.8385377523312,MCTNet_400km2_California_South-1.tif,69
36.74545194961641,-119.88174671749735,MCTNet_400km2_California_South-1.tif,69
36.74545194961641,-119.76397758374928,MCTNet_400km2_California_South-1.tif,69
36.745362118087996,-119.80718654891542,MCTNet_400km2_California_South-1.tif,69
36.74527228655959,-119.85039551408158,MCTNet_400km2_California_South-1.tif,69
36.74518245503118,-119.89360447924773,MCTNet_400km2_California_South-1.tif,69
36.74518245503118,-119.77583534549966,MCTNet_400km2_California_South-1.tif,69
36.745092623502764,-119.8190443106658,MCTNet_400km2_California_South-1.tif,69
36.74500279197435,-119.86225327583196,MCTNet_400km2_California_South-1.tif,69
36.74491296044594,-119.9054622409981,MCTNet_400km2_California_South-1.tif,69
36.74491296044594,-119.78769310725004,MCTNet_400km2_California_South-1.tif,69
36.744823128917524,-119.83090207241618,MCTNet_400km2_California_South-1.tif,69
36.74473329738912,-119.87411103758234,MCTNet_400km2_California_South-1.tif,69
36.74473329738912,-119.75634190383427,MCTNet_400km2_California_South-1.tif,69
36.744643465860705,-119.79955086900041,MCTNet_400km2_California_South-1.tif,69
36.74455363433229,-119.84275983416656,MCTNet_400km2_California_South-1.tif,69
36.74446380280388,-119.88596879933272,MCTNet_400km2_California_South-1.tif,69
36.74446380280388,-119.76819966558465,MCTNet_400km2_California_South-1.tif,69
36.744373971275465,-119.81140863075079,MCTNet_400km2_California_South-1.tif,69
36.74428413974706,-119.85461759591693,MCTNet_400km2_California_South-1.tif,69
36.744194308218646,-119.8978265610831,MCTNet_400km2_California_South-1.tif,69
36.744194308218646,-119.78005742733502,MCTNet_400km2_California_South-1.tif,69
36.74410447669023,-119.82326639250117,MCTNet_400km2_California_South-1.tif,69
36.74401464516182,-119.86647535766731,MCTNet_400km2_California_South-1.tif,69
36.743924813633406,-119.90968432283347,MCTNet_400km2_California_South-1.tif,69
36.743924813633406,-119.7919151890854,MCTNet_400km2_California_South-1.tif,69
36.74383498210499,-119.83512415425155,MCTNet_400km2_California_South-1.tif,69
36.743745150576586,-119.87833311941769,MCTNet_400km2_California_South-1.tif,69
36.743745150576586,-119.76056398566962,MCTNet_400km2_California_South-1.tif,69
36.74365531904817,-119.80377295083578,MCTNet_400km2_California_South-1.tif,69
36.74356548751976,-119.84698191600192,MCTNet_400km2_California_South-1.tif,69
36.74347565599135,-119.89019088116807,MCTNet_400km2_California_South-1.tif,69
36.74347565599135,-119.77242174742,MCTNet_400km2_California_South-1.tif,69
36.74338582446293,-119.81563071258616,MCTNet_400km2_California_South-1.tif,69
36.74329599293453,-119.8588396777523,MCTNet_400km2_California_South-1.tif,69
36.743206161406114,-119.90204864291844,MCTNet_400km2_California_South-1.tif,69
36.743206161406114,-119.78427950917037,MCTNet_400km2_California_South-1.tif,69
36.7431163298777,-119.82748847433653,MCTNet_400km2_California_South-1.tif,69
36.74302649834929,-119.87069743950268,MCTNet_400km2_California_South-1.tif,69
36.74302649834929,-119.75292830575461,MCTNet_400km2_California_South-1.tif,69
36.742936666820874,-119.79613727092075,MCTNet_400km2_California_South-1.tif,69
36.74284683529246,-119.83934623608691,MCTNet_400km2_California_South-1.tif,69
36.742757003764055,-119.88255520125306,MCTNet_400km2_California_South-1.tif,69
36.742757003764055,-119.76478606750499,MCTNet_400km2_California_South-1.tif,69
36.74266717223564,-119.80799503267113,MCTNet_400km2_California_South-1.tif,69
36.74257734070723,-119.85120399783729,MCTNet_400km2_California_South-1.tif,69
36.742487509178815,-119.89441296300343,MCTNet_400km2_California_South-1.tif,69
36.742487509178815,-119.77664382925536,MCTNet_400km2_California_South-1.tif,69
36.7423976776504,-119.81985279442151,MCTNet_400km2_California_South-1.tif,69
36.742307846121996,-119.86306175958767,MCTNet_400km2_California_South-1.tif,69
36.74221801459358,-119.90627072475381,MCTNet_400km2_California_South-1.tif,69
36.74221801459358,-119.78850159100574,MCTNet_400km2_California_South-1.tif,69
36.74212818306517,-119.83171055617188,MCTNet_400km2_California_South-1.tif,69
36.742038351536756,-119.87491952133804,MCTNet_400km2_California_South-1.tif,69
36.742038351536756,-119.75715038758997,MCTNet_400km2_California_South-1.tif,69
36.74194852000834,-119.80035935275612,MCTNet_400km2_California_South-1.tif,69
36.74185868847993,-119.84356831792226,MCTNet_400km2_California_South-1.tif,69
36.74176885695152,-119.88677728308842,MCTNet_400km2_California_South-1.tif,69
36.74176885695152,-119.76900814934035,MCTNet_400km2_California_South-1.tif,69
36.74167902542311,-119.8122171145065,MCTNet_400km2_California_South-1.tif,69
36.7415891938947,-119.85542607967265,MCTNet_400km2_California_South-1.tif,69
36.741499362366284,-119.8986350448388,MCTNet_400km2_California_South-1.tif,69
36.741499362366284,-119.78086591109073,MCTNet_400km2_California_South-1.tif,69
36.74140953083787,-119.82407487625687,MCTNet_400km2_California_South-1.tif,69
36.741319699309464,-119.86728384142303,MCTNet_400km2_California_South-1.tif,69
36.74122986778105,-119.91049280658918,MCTNet_400km2_California_South-1.tif,69
36.74122986778105,-119.7927236728411,MCTNet_400km2_California_South-1.tif,69
36.74114003625264,-119.83593263800725,MCTNet_400km2_California_South-1.tif,69
36.741050204724225,-119.87914160317341,MCTNet_400km2_California_South-1.tif,69
36.741050204724225,-119.76137246942534,MCTNet_400km2_California_South-1.tif,69
36.74096037319581,-119.80458143459148,MCTNet_400km2_California_South-1.tif,69
36.7408705416674,-119.84779039975763,MCTNet_400km2_California_South-1.tif,69
36.74078071013899,-119.89099936492379,MCTNet_400km2_California_South-1.tif,69
36.74078071013899,-119.77323023117572,MCTNet_400km2_California_South-1.tif,69
36.74069087861058,-119.81643919634186,MCTNet_400km2_California_South-1.tif,69
36.740601047082166,-119.859648161508,MCTNet_400km2_California_South-1.tif,69
36.74051121555375,-119.90285712667416,MCTNet_400km2_California_South-1.tif,69
36.74051121555375,-119.7850879929261,MCTNet_400km2_California_South-1.tif,69
36.74042138402534,-119.82829695809224,MCTNet_400km2_California_South-1.tif,69
36.740331552496926,-119.87150592325838,MCTNet_400km2_California_South-1.tif,69
36.740331552496926,-119.75373678951031,MCTNet_400km2_California_South-1.tif,69
36.74024172096852,-119.79694575467647,MCTNet_400km2_California_South-1.tif,69
36.74015188944011,-119.84015471984262,MCTNet_400km2_California_South-1.tif,69
36.74006205791169,-119.88336368500876,MCTNet_400km2_California_South-1.tif,69
36.74006205791169,-119.76559455126069,MCTNet_400km2_California_South-1.tif,69
36.73997222638328,-119.80880351642685,MCTNet_400km2_California_South-1.tif,69
36.73988239485487,-119.852012481593,MCTNet_400km2_California_South-1.tif,69
36.73979256332646,-119.89522144675914,MCTNet_400km2_California_South-1.tif,69
36.73979256332646,-119.77745231301107,MCTNet_400km2_California_South-1.tif,69
36.73970273179805,-119.82066127817723,MCTNet_400km2_California_South-1.tif,69
36.739612900269634,-119.86387024334337,MCTNet_400km2_California_South-1.tif,69
36.73952306874122,-119.90707920850951,MCTNet_400km2_California_South-1.tif,69
36.73952306874122,-119.78931007476145,MCTNet_400km2_California_South-1.tif,69
36.73943323721281,-119.8325190399276,MCTNet_400km2_California_South-1.tif,69
36.739343405684394,-119.87572800509375,MCTNet_400km2_California_South-1.tif,69
36.739343405684394,-119.75795887134568,MCTNet_400km2_California_South-1.tif,69
36.73925357415599,-119.80116783651182,MCTNet_400km2_California_South-1.tif,69
36.739163742627575,-119.84437680167798,MCTNet_400km2_California_South-1.tif,69
36.73907391109916,-119.88758576684413,MCTNet_400km2_California_South-1.tif,69
36.73907391109916,-119.76981663309606,MCTNet_400km2_California_South-1.tif,69
36.73898407957075,-119.8130255982622,MCTNet_400km2_California_South-1.tif,69
36.738894248042335,-119.85623456342836,MCTNet_400km2_California_South-1.tif,69
36.73880441651393,-119.8994435285945,MCTNet_400km2_California_South-1.tif,69
36.73880441651393,-119.78167439484643,MCTNet_400km2_California_South-1.tif,69
36.738714584985516,-119.82488336001258,MCTNet_400km2_California_South-1.tif,69
36.7386247534571,-119.86809232517874,MCTNet_400km2_California_South-1.tif,69
36.73853492192869,-119.91130129034488,MCTNet_400km2_California_South-1.tif,69
36.73853492192869,-119.79353215659681,MCTNet_400km2_California_South-1.tif,69
36.738445090400276,-119.83674112176296,MCTNet_400km2_California_South-1.tif,69
36.73835525887186,-119.87995008692911,MCTNet_400km2_California_South-1.tif,69
36.73835525887186,-119.76218095318104,MCTNet_400km2_California_South-1.tif,69
36.73826542734346,-119.80538991834719,MCTNet_400km2_California_South-1.tif,69
36.73817559581504,-119.84859888351333,MCTNet_400km2_California_South-1.tif,69
36.73808576428663,-119.89180784867949,MCTNet_400km2_California_South-1.tif,69
36.73808576428663,-119.77403871493142,MCTNet_400km2_California_South-1.tif,69
36.73799593275822,-119.81724768009757,MCTNet_400km2_California_South-1.tif,69
36.737906101229804,-119.86045664526371,MCTNet_400km2_California_South-1.tif,69
36.7378162697014,-119.90366561042987,MCTNet_400km2_California_South-1.tif,69
36.7378162697014,-119.7858964766818,MCTNet_400km2_California_South-1.tif,69
36.737726438172984,-119.82910544184794,MCTNet_400km2_California_South-1.tif,69
36.73763660664457,-119.87231440701409,MCTNet_400km2_California_South-1.tif,69
36.73763660664457,-119.75454527326602,MCTNet_400km2_California_South-1.tif,69
36.73754677511616,-119.79775423843218,MCTNet_400km2_California_South-1.tif,69
36.737456943587745,-119.84096320359832,MCTNet_400km2_California_South-1.tif,69
36.73736711205933,-119.88417216876447,MCTNet_400km2_California_South-1.tif,69
36.73736711205933,-119.7664030350164,MCTNet_400km2_California_South-1.tif,69
36.737277280530925,-119.80961200018255,MCTNet_400km2_California_South-1.tif,69
36.73718744900251,-119.8528209653487,MCTNet_400km2_California_South-1.tif,69
36.7370976174741,-119.89602993051484,MCTNet_400km2_California_South-1.tif,69
36.7370976174741,-119.77826079676677,MCTNet_400km2_California_South-1.tif,69
36.737007785945686,-119.82146976193293,MCTNet_400km2_California_South-1.tif,69
36.73691795441727,-119.86467872709908,MCTNet_400km2_California_South-1.tif,69
36.736828122888866,-119.90788769226522,MCTNet_400km2_California_South-1.tif,69
36.736828122888866,-119.79011855851716,MCTNet_400km2_California_South-1.tif,69
36.73673829136045,-119.83332752368331,MCTNet_400km2_California_South-1.tif,69
36.73664845983204,-119.87653648884945,MCTNet_400km2_California_South-1.tif,69
36.73664845983204,-119.75876735510138,MCTNet_400km2_California_South-1.tif,69
36.73655862830363,-119.80197632026754,MCTNet_400km2_California_South-1.tif,69
36.73646879677521,-119.84518528543369,MCTNet_400km2_California_South-1.tif,69
36.7363789652468,-119.88839425059983,MCTNet_400km2_California_South-1.tif,69
36.7363789652468,-119.77062511685176,MCTNet_400km2_California_South-1.tif,69
36.736289133718394,-119.81383408201792,MCTNet_400km2_California_South-1.tif,69
36.73619930218998,-119.85704304718406,MCTNet_400km2_California_South-1.tif,69
36.73610947066157,-119.90025201235021,MCTNet_400km2_California_South-1.tif,69
36.73610947066157,-119.78248287860214,MCTNet_400km2_California_South-1.tif,69
36.736019639133154,-119.8256918437683,MCTNet_400km2_California_South-1.tif,69
36.73592980760474,-119.86890080893444,MCTNet_400km2_California_South-1.tif,69
36.73592980760474,-119.75113167518637,MCTNet_400km2_California_South-1.tif,69
36.735839976076335,-119.79434064035252,MCTNet_400km2_California_South-1.tif,69
36.73575014454792,-119.83754960551867,MCTNet_400km2_California_South-1.tif,69
36.73566031301951,-119.88075857068482,MCTNet_400km2_California_South-1.tif,69
36.73566031301951,-119.76298943693675,MCTNet_400km2_California_South-1.tif,69
36.735570481491095,-119.8061984021029,MCTNet_400km2_California_South-1.tif,69
36.73548064996268,-119.84940736726905,MCTNet_400km2_California_South-1.tif,69
36.73539081843427,-119.8926163324352,MCTNet_400km2_California_South-1.tif,69
36.73539081843427,-119.77484719868713,MCTNet_400km2_California_South-1.tif,69
36.73530098690586,-119.81805616385327,MCTNet_400km2_California_South-1.tif,69
36.73521115537745,-119.86126512901943,MCTNet_400km2_California_South-1.tif,69
36.735121323849036,-119.90447409418557,MCTNet_400km2_California_South-1.tif,69
36.735121323849036,-119.7867049604375,MCTNet_400km2_California_South-1.tif,69
36.73503149232062,-119.82991392560365,MCTNet_400km2_California_South-1.tif,69
36.73494166079221,-119.8731228907698,MCTNet_400km2_California_South-1.tif,69
36.73494166079221,-119.75535375702174,MCTNet_400km2_California_South-1.tif,69
36.7348518292638,-119.79856272218788,MCTNet_400km2_California_South-1.tif,69
36.73476199773539,-119.84177168735403,MCTNet_400km2_California_South-1.tif,69
36.73467216620698,-119.88498065252018,MCTNet_400km2_California_South-1.tif,69
36.73467216620698,-119.76721151877211,MCTNet_400km2_California_South-1.tif,69
36.734582334678564,-119.81042048393826,MCTNet_400km2_California_South-1.tif,69
36.73449250315015,-119.8536294491044,MCTNet_400km2_California_South-1.tif,69
36.73440267162174,-119.89683841427056,MCTNet_400km2_California_South-1.tif,69
36.73440267162174,-119.77906928052249,MCTNet_400km2_California_South-1.tif,69
36.73431284009333,-119.82227824568864,MCTNet_400km2_California_South-1.tif,69
36.73422300856492,-119.86548721085478,MCTNet_400km2_California_South-1.tif,69
36.734133177036504,-119.90869617602094,MCTNet_400km2_California_South-1.tif,69
36.734133177036504,-119.79092704227287,MCTNet_400km2_California_South-1.tif,69
36.73404334550809,-119.83413600743901,MCTNet_400km2_California_South-1.tif,69
36.73395351397968,-119.87734497260516,MCTNet_400km2_California_South-1.tif,69
36.73395351397968,-119.75957583885709,MCTNet_400km2_California_South-1.tif,69
36.73386368245127,-119.80278480402325,MCTNet_400km2_California_South-1.tif,69
36.73377385092286,-119.84599376918939,MCTNet_400km2_California_South-1.tif,69
36.733684019394445,-119.88920273435554,MCTNet_400km2_California_South-1.tif,69
36.733684019394445,-119.77143360060747,MCTNet_400km2_California_South-1.tif,69
36.73359418786603,-119.81464256577362,MCTNet_400km2_California_South-1.tif,69
36.73350435633762,-119.85785153093977,MCTNet_400km2_California_South-1.tif,69
36.733414524809206,-119.90106049610591,MCTNet_400km2_California_South-1.tif,69
36.733414524809206,-119.78329136235784,MCTNet_400km2_California_South-1.tif,69
36.7333246932808,-119.826500327524,MCTNet_400km2_California_South-1.tif,69
36.733234861752386,-119.86970929269015,MCTNet_400km2_California_South-1.tif,69
36.733234861752386,-119.75194015894208,MCTNet_400km2_California_South-1.tif,69
36.73314503022397,-119.79514912410822,MCTNet_400km2_California_South-1.tif,69
36.73305519869556,-119.83835808927438,MCTNet_400km2_California_South-1.tif,69
36.73296536716715,-119.88156705444052,MCTNet_400km2_California_South-1.tif,69
36.73296536716715,-119.76379792069245,MCTNet_400km2_California_South-1.tif,69
36.73287553563874,-119.8070068858586,MCTNet_400km2_California_South-1.tif,69
36.73278570411033,-119.85021585102476,MCTNet_400km2_California_South-1.tif,69
36.732695872581914,-119.8934248161909,MCTNet_400km2_California_South-1.tif,69
36.732695872581914,-119.77565568244283,MCTNet_400km2_California_South-1.tif,69
36.7326060410535,-119.81886464760898,MCTNet_400km2_California_South-1.tif,69
36.73251620952509,-119.86207361277513,MCTNet_400km2_California_South-1.tif,69
36.732426377996674,-119.90528257794128,MCTNet_400km2_California_South-1.tif,69
36.732426377996674,-119.78751344419321,MCTNet_400km2_California_South-1.tif,69
36.73233654646827,-119.83072240935935,MCTNet_400km2_California_South-1.tif,69
36.732246714939855,-119.87393137452551,MCTNet_400km2_California_South-1.tif,69
36.732246714939855,-119.75616224077744,MCTNet_400km2_California_South-1.tif,69
36.73215688341144,-119.79937120594359,MCTNet_400km2_California_South-1.tif,69
36.73206705188303,-119.84258017110973,MCTNet_400km2_California_South-1.tif,69
36.731977220354615,-119.88578913627589,MCTNet_400km2_California_South-1.tif,69
36.731977220354615,-119.76802000252782,MCTNet_400km2_California_South-1.tif,69
36.73188738882621,-119.81122896769396,MCTNet_400km2_California_South-1.tif,69
36.731797557297796,-119.85443793286012,MCTNet_400km2_California_South-1.tif,69
36.73170772576938,-119.89764689802627,MCTNet_400km2_California_South-1.tif,69
36.73170772576938,-119.7798777642782,MCTNet_400km2_California_South-1.tif,69
36.73161789424097,-119.82308672944434,MCTNet_400km2_California_South-1.tif,69
36.731528062712556,-119.8662956946105,MCTNet_400km2_California_South-1.tif,69
36.73143823118414,-119.90950465977664,MCTNet_400km2_California_South-1.tif,69
36.73143823118414,-119.79173552602857,MCTNet_400km2_California_South-1.tif,69
36.73134839965574,-119.83494449119472,MCTNet_400km2_California_South-1.tif,69
36.73125856812732,-119.87815345636088,MCTNet_400km2_California_South-1.tif,69
36.73125856812732,-119.76038432261281,MCTNet_400km2_California_South-1.tif,69
36.73116873659891,-119.80359328777895,MCTNet_400km2_California_South-1.tif,69
36.7310789050705,-119.8468022529451,MCTNet_400km2_California_South-1.tif,69
36.730989073542084,-119.89001121811125,MCTNet_400km2_California_South-1.tif,69
36.730989073542084,-119.77224208436319,MCTNet_400km2_California_South-1.tif,69
36.73089924201368,-119.81545104952933,MCTNet_400km2_California_South-1.tif,69
36.730809410485264,-119.85866001469547,MCTNet_400km2_California_South-1.tif,69
36.73071957895685,-119.90186897986163,MCTNet_400km2_California_South-1.tif,69
36.73071957895685,-119.78409984611356,MCTNet_400km2_California_South-1.tif,69
36.73062974742844,-119.8273088112797,MCTNet_400km2_California_South-1.tif,69
36.730539915900025,-119.87051777644585,MCTNet_400km2_California_South-1.tif,69
36.730539915900025,-119.75274864269778,MCTNet_400km2_California_South-1.tif,69
36.73045008437161,-119.79595760786394,MCTNet_400km2_California_South-1.tif,69
36.730360252843205,-119.83916657303008,MCTNet_400km2_California_South-1.tif,69
36.73027042131479,-119.88237553819623,MCTNet_400km2_California_South-1.tif,69
36.73027042131479,-119.76460640444816,MCTNet_400km2_California_South-1.tif,69
36.73018058978638,-119.80781536961432,MCTNet_400km2_California_South-1.tif,69
36.730090758257965,-119.85102433478046,MCTNet_400km2_California_South-1.tif,69
36.73000092672955,-119.8942332999466,MCTNet_400km2_California_South-1.tif,69
36.73000092672955,-119.77646416619854,MCTNet_400km2_California_South-1.tif,69
36.729911095201146,-119.8196731313647,MCTNet_400km2_California_South-1.tif,69
36.72982126367273,-119.86288209653084,MCTNet_400km2_California_South-1.tif,69
36.72973143214432,-119.90609106169698,MCTNet_400km2_California_South-1.tif,69
36.72973143214432,-119.78832192794891,MCTNet_400km2_California_South-1.tif,69
36.729641600615906,-119.83153089311507,MCTNet_400km2_California_South-1.tif,69
36.72955176908749,-119.87473985828122,MCTNet_400km2_California_South-1.tif,69
36.72955176908749,-119.75697072453315,MCTNet_400km2_California_South-1.tif,69
36.72946193755908,-119.80017968969929,MCTNet_400km2_California_South-1.tif,69
36.729372106030674,-119.84338865486545,MCTNet_400km2_California_South-1.tif,69
36.72928227450226,-119.8865976200316,MCTNet_400km2_California_South-1.tif,69
36.72928227450226,-119.76882848628352,MCTNet_400km2_California_South-1.tif,69
36.72919244297385,-119.81203745144967,MCTNet_400km2_California_South-1.tif,69
36.729102611445434,-119.85524641661583,MCTNet_400km2_California_South-1.tif,69
36.72901277991702,-119.89845538178197,MCTNet_400km2_California_South-1.tif,69
36.72901277991702,-119.7806862480339,MCTNet_400km2_California_South-1.tif,69
36.728922948388615,-119.82389521320005,MCTNet_400km2_California_South-1.tif,69
36.7288331168602,-119.8671041783662,MCTNet_400km2_California_South-1.tif,69
36.72874328533179,-119.91031314353235,MCTNet_400km2_California_South-1.tif,69
36.72874328533179,-119.79254400978428,MCTNet_400km2_California_South-1.tif,69
36.728653453803375,-119.83575297495042,MCTNet_400km2_California_South-1.tif,69
36.72856362227496,-119.87896194011658,MCTNet_400km2_California_South-1.tif,69
36.72856362227496,-119.76119280636851,MCTNet_400km2_California_South-1.tif,69
36.72847379074655,-119.80440177153466,MCTNet_400km2_California_South-1.tif,69
36.72838395921814,-119.8476107367008,MCTNet_400km2_California_South-1.tif,69
36.72829412768973,-119.89081970186696,MCTNet_400km2_California_South-1.tif,69
36.72829412768973,-119.77305056811889,MCTNet_400km2_California_South-1.tif,69
36.728204296161316,-119.81625953328503,MCTNet_400km2_California_South-1.tif,69
36.7281144646329,-119.85946849845118,MCTNet_400km2_California_South-1.tif,69
36.72802463310449,-119.90267746361734,MCTNet_400km2_California_South-1.tif,69
36.72802463310449,-119.78490832986927,MCTNet_400km2_California_South-1.tif,69
36.72793480157608,-119.82811729503541,MCTNet_400km2_California_South-1.tif,69
36.72784497004767,-119.87132626020156,MCTNet_400km2_California_South-1.tif,69
36.72784497004767,-119.75355712645349,MCTNet_400km2_California_South-1.tif,69
36.72775513851926,-119.79676609161965,MCTNet_400km2_California_South-1.tif,69
36.72766530699084,-119.83997505678579,MCTNet_400km2_California_South-1.tif,69
36.72757547546243,-119.88318402195193,MCTNet_400km2_California_South-1.tif,69
36.72757547546243,-119.76541488820386,MCTNet_400km2_California_South-1.tif,69
36.72748564393402,-119.80862385337002,MCTNet_400km2_California_South-1.tif,69
36.72739581240561,-119.85183281853617,MCTNet_400km2_California_South-1.tif,69
36.7273059808772,-119.89504178370231,MCTNet_400km2_California_South-1.tif,69
36.7273059808772,-119.77727264995424,MCTNet_400km2_California_South-1.tif,69
36.727216149348784,-119.8204816151204,MCTNet_400km2_California_South-1.tif,69
36.72712631782037,-119.86369058028654,MCTNet_400km2_California_South-1.tif,69
36.72703648629196,-119.90689954545269,MCTNet_400km2_California_South-1.tif,69
36.72703648629196,-119.78913041170463,MCTNet_400km2_California_South-1.tif,69
36.72694665476355,-119.83233937687078,MCTNet_400km2_California_South-1.tif,69
36.72685682323514,-119.87554834203692,MCTNet_400km2_California_South-1.tif,69
36.72685682323514,-119.75777920828885,MCTNet_400km2_California_South-1.tif,69
36.726766991706725,-119.80098817345501,MCTNet_400km2_California_South-1.tif,69
36.72667716017831,-119.84419713862115,MCTNet_400km2_California_South-1.tif,69
36.7265873286499,-119.8874061037873,MCTNet_400km2_California_South-1.tif,69
36.7265873286499,-119.76963697003923,MCTNet_400km2_California_South-1.tif,69
36.726497497121485,-119.81284593520539,MCTNet_400km2_California_South-1.tif,69
36.72640766559308,-119.85605490037153,MCTNet_400km2_California_South-1.tif,69
36.726317834064666,-119.89926386553768,MCTNet_400km2_California_South-1.tif,69
36.726317834064666,-119.7814947317896,MCTNet_400km2_California_South-1.tif,69
36.72622800253625,-119.82470369695577,MCTNet_400km2_California_South-1.tif,69
36.72613817100784,-119.86791266212191,MCTNet_400km2_California_South-1.tif,69
36.726048339479426,-119.91112162728805,MCTNet_400km2_California_South-1.tif,69
36.726048339479426,-119.79335249353998,MCTNet_400km2_California_South-1.tif,69
36.72595850795102,-119.83656145870614,MCTNet_400km2_California_South-1.tif,69
36.72586867642261,-119.87977042387229,MCTNet_400km2_California_South-1.tif,69
36.72586867642261,-119.76200129012422,MCTNet_400km2_California_South-1.tif,69
36.725778844894194,-119.80521025529036,MCTNet_400km2_California_South-1.tif,69
36.72568901336578,-119.84841922045652,MCTNet_400km2_California_South-1.tif,69
36.72559918183737,-119.89162818562266,MCTNet_400km2_California_South-1.tif,69
36.72559918183737,-119.7738590518746,MCTNet_400km2_California_South-1.tif,69
36.725509350308954,-119.81706801704074,MCTNet_400km2_California_South-1.tif,69
36.72541951878055,-119.8602769822069,MCTNet_400km2_California_South-1.tif,69
36.725329687252135,-119.90348594737304,MCTNet_400km2_California_South-1.tif,69
36.725329687252135,-119.78571681362497,MCTNet_400km2_California_South-1.tif,69
36.72523985572372,-119.82892577879112,MCTNet_400km2_California_South-1.tif,69
36.72515002419531,-119.87213474395728,MCTNet_400km2_California_South-1.tif,69
36.72515002419531,-119.7543656102092,MCTNet_400km2_California_South-1.tif,69
36.725060192666895,-119.79757457537535,MCTNet_400km2_California_South-1.tif,69
36.72497036113849,-119.8407835405415,MCTNet_400km2_California_South-1.tif,69
36.724880529610076,-119.88399250570765,MCTNet_400km2_California_South-1.tif,69
36.724880529610076,-119.76622337195958,MCTNet_400km2_California_South-1.tif,69
36.72479069808166,-119.80943233712573,MCTNet_400km2_California_South-1.tif,69
36.72470086655325,-119.85264130229187,MCTNet_400km2_California_South-1.tif,69
36.724611035024836,-119.89585026745803,MCTNet_400km2_California_South-1.tif,69
36.724611035024836,-119.77808113370996,MCTNet_400km2_California_South-1.tif,69
36.72452120349642,-119.8212900988761,MCTNet_400km2_California_South-1.tif,69
36.724431371968016,-119.86449906404225,MCTNet_400km2_California_South-1.tif,69
36.7243415404396,-119.90770802920841,MCTNet_400km2_California_South-1.tif,69
36.7243415404396,-119.78993889546034,MCTNet_400km2_California_South-1.tif,69
36.72425170891119,-119.83314786062648,MCTNet_400km2_California_South-1.tif,69
36.72416187738278,-119.87635682579263,MCTNet_400km2_California_South-1.tif,69
36.72416187738278,-119.75858769204456,MCTNet_400km2_California_South-1.tif,69
36.72407204585436,-119.80179665721072,MCTNet_400km2_California_South-1.tif,69
36.72398221432596,-119.84500562237686,MCTNet_400km2_California_South-1.tif,69
36.723892382797544,-119.888214587543,MCTNet_400km2_California_South-1.tif,69
36.723892382797544,-119.77044545379493,MCTNet_400km2_California_South-1.tif,69
36.72380255126913,-119.8136544189611,MCTNet_400km2_California_South-1.tif,69
36.72371271974072,-119.85686338412724,MCTNet_400km2_California_South-1.tif,69
36.723622888212304,-119.90007234929338,MCTNet_400km2_California_South-1.tif,69
36.723622888212304,-119.78230321554531,MCTNet_400km2_California_South-1.tif,69
36.72353305668389,-119.82551218071147,MCTNet_400km2_California_South-1.tif,69
36.723443225155485,-119.86872114587761,MCTNet_400km2_California_South-1.tif,69
36.723443225155485,-119.75095201212955,MCTNet_400km2_California_South-1.tif,69
36.72335339362707,-119.79416097729569,MCTNet_400km2_California_South-1.tif,69
36.72326356209866,-119.83736994246185,MCTNet_400km2_California_South-1.tif,69
36.723173730570245,-119.88057890762799,MCTNet_400km2_California_South-1.tif,69
36.723173730570245,-119.76280977387992,MCTNet_400km2_California_South-1.tif,69
36.72308389904183,-119.80601873904607,MCTNet_400km2_California_South-1.tif,69
36.722994067513426,-119.84922770421223,MCTNet_400km2_California_South-1.tif,69
36.72290423598501,-119.89243666937837,MCTNet_400km2_California_South-1.tif,69
36.72290423598501,-119.7746675356303,MCTNet_400km2_California_South-1.tif,69
36.7228144044566,-119.81787650079644,MCTNet_400km2_California_South-1.tif,69
36.722724572928186,-119.8610854659626,MCTNet_400km2_California_South-1.tif,69
36.72263474139977,-119.90429443112875,MCTNet_400km2_California_South-1.tif,69
36.72263474139977,-119.78652529738068,MCTNet_400km2_California_South-1.tif,69
36.72254490987136,-119.82973426254682,MCTNet_400km2_California_South-1.tif,69
36.72245507834295,-119.87294322771298,MCTNet_400km2_California_South-1.tif,69
36.72245507834295,-119.75517409396491,MCTNet_400km2_California_South-1.tif,69
36.72236524681454,-119.79838305913106,MCTNet_400km2_California_South-1.tif,69
36.72227541528613,-119.8415920242972,MCTNet_400km2_California_South-1.tif,69
36.722185583757714,-119.88480098946336,MCTNet_400km2_California_South-1.tif,69
36.722185583757714,-119.76703185571529,MCTNet_400km2_California_South-1.tif,69
36.7220957522293,-119.81024082088143,MCTNet_400km2_California_South-1.tif,69
36.722005920700894,-119.85344978604759,MCTNet_400km2_California_South-1.tif,69
36.72191608917248,-119.89665875121374,MCTNet_400km2_California_South-1.tif,69
36.72191608917248,-119.77888961746567,MCTNet_400km2_California_South-1.tif,69
36.72182625764407,-119.82209858263181,MCTNet_400km2_California_South-1.tif,69
36.721736426115655,-119.86530754779797,MCTNet_400km2_California_South-1.tif,69
36.72164659458724,-119.90851651296411,MCTNet_400km2_California_South-1.tif,69
36.72164659458724,-119.79074737921604,MCTNet_400km2_California_South-1.tif,69
36.72155676305883,-119.83395634438219,MCTNet_400km2_California_South-1.tif,69
36.72146693153042,-119.87716530954835,MCTNet_400km2_California_South-1.tif,69
36.72146693153042,-119.75939617580028,MCTNet_400km2_California_South-1.tif,69
36.72137710000201,-119.80260514096642,MCTNet_400km2_California_South-1.tif,69
36.721287268473596,-119.84581410613256,MCTNet_400km2_California_South-1.tif,69
36.72119743694518,-119.88902307129872,MCTNet_400km2_California_South-1.tif,69
36.72119743694518,-119.77125393755065,MCTNet_400km2_California_South-1.tif,69
36.72110760541677,-119.8144629027168,MCTNet_400km2_California_South-1.tif,69
36.72101777388836,-119.85767186788294,MCTNet_400km2_California_South-1.tif,69
36.72092794235995,-119.9008808330491,MCTNet_400km2_California_South-1.tif,69
36.72092794235995,-119.78311169930103,MCTNet_400km2_California_South-1.tif,69
36.72083811083154,-119.82632066446718,MCTNet_400km2_California_South-1.tif,69
36.72074827930312,-119.86952962963332,MCTNet_400km2_California_South-1.tif,69
36.72074827930312,-119.75176049588525,MCTNet_400km2_California_South-1.tif,69
36.72065844777471,-119.79496946105141,MCTNet_400km2_California_South-1.tif,69
36.7205686162463,-119.83817842621755,MCTNet_400km2_California_South-1.tif,69
36.72047878471789,-119.8813873913837,MCTNet_400km2_California_South-1.tif,69
36.72047878471789,-119.76361825763563,MCTNet_400km2_California_South-1.tif,69
36.72038895318948,-119.80682722280179,MCTNet_400km2_California_South-1.tif,69
36.720299121661064,-119.85003618796793,MCTNet_400km2_California_South-1.tif,69
36.72020929013265,-119.89324515313407,MCTNet_400km2_California_South-1.tif,69
36.72020929013265,-119.775476019386,MCTNet_400km2_California_South-1.tif,69
36.72011945860424,-119.81868498455216,MCTNet_400km2_California_South-1.tif,69
36.72002962707583,-119.86189394971831,MCTNet_400km2_California_South-1.tif,69
36.71993979554742,-119.90510291488445,MCTNet_400km2_California_South-1.tif,69
36.71993979554742,-119.78733378113638,MCTNet_400km2_California_South-1.tif,69
36.719849964019005,-119.83054274630254,MCTNet_400km2_California_South-1.tif,69
36.71976013249059,-119.87375171146869,MCTNet_400km2_California_South-1.tif,69
36.71976013249059,-119.75598257772062,MCTNet_400km2_California_South-1.tif,69
36.71967030096218,-119.79919154288676,MCTNet_400km2_California_South-1.tif,69
36.719580469433765,-119.84240050805292,MCTNet_400km2_California_South-1.tif,69
36.71949063790536,-119.88560947321906,MCTNet_400km2_California_South-1.tif,69
36.71949063790536,-119.767840339471,MCTNet_400km2_California_South-1.tif,69
36.719400806376946,-119.81104930463714,MCTNet_400km2_California_South-1.tif,69
36.71931097484853,-119.8542582698033,MCTNet_400km2_California_South-1.tif,69
36.71922114332012,-119.89746723496944,MCTNet_400km2_California_South-1.tif,69
36.71922114332012,-119.77969810122137,MCTNet_400km2_California_South-1.tif,69
36.719131311791706,-119.82290706638751,MCTNet_400km2_California_South-1.tif,69
36.7190414802633,-119.86611603155367,MCTNet_400km2_California_South-1.tif,69
36.71895164873489,-119.90932499671982,MCTNet_400km2_California_South-1.tif,69
36.71895164873489,-119.79155586297175,MCTNet_400km2_California_South-1.tif,69
36.718861817206474,-119.83476482813789,MCTNet_400km2_California_South-1.tif,69
36.71877198567806,-119.87797379330405,MCTNet_400km2_California_South-1.tif,69
36.71877198567806,-119.76020465955598,MCTNet_400km2_California_South-1.tif,69
36.71868215414965,-119.80341362472213,MCTNet_400km2_California_South-1.tif,69
36.718592322621234,-119.84662258988827,MCTNet_400km2_California_South-1.tif,69
36.71850249109283,-119.88983155505443,MCTNet_400km2_California_South-1.tif,69
36.71850249109283,-119.77206242130636,MCTNet_400km2_California_South-1.tif,69
36.718412659564414,-119.8152713864725,MCTNet_400km2_California_South-1.tif,69
36.718322828036,-119.85848035163865,MCTNet_400km2_California_South-1.tif,69
36.71823299650759,-119.9016893168048,MCTNet_400km2_California_South-1.tif,69
36.71823299650759,-119.78392018305674,MCTNet_400km2_California_South-1.tif,69
36.718143164979175,-119.82712914822288,MCTNet_400km2_California_South-1.tif,69
36.71805333345077,-119.87033811338902,MCTNet_400km2_California_South-1.tif,69
36.71805333345077,-119.75256897964096,MCTNet_400km2_California_South-1.tif,69
36.717963501922355,-119.79577794480711,MCTNet_400km2_California_South-1.tif,69
36.71787367039394,-119.83898690997326,MCTNet_400km2_California_South-1.tif,69
36.71778383886553,-119.8821958751394,MCTNet_400km2_California_South-1.tif,69
36.71778383886553,-119.76442674139133,MCTNet_400km2_California_South-1.tif,69
36.717694007337116,-119.80763570655749,MCTNet_400km2_California_South-1.tif,69
36.7176041758087,-119.85084467172364,MCTNet_400km2_California_South-1.tif,69
36.717514344280296,-119.89405363688978,MCTNet_400km2_California_South-1.tif,69
36.717514344280296,-119.77628450314171,MCTNet_400km2_California_South-1.tif,69
36.71742451275188,-119.81949346830787,MCTNet_400km2_California_South-1.tif,69
36.71733468122347,-119.86270243347401,MCTNet_400km2_California_South-1.tif,69
36.71724484969506,-119.90591139864016,MCTNet_400km2_California_South-1.tif,69
36.71724484969506,-119.7881422648921,MCTNet_400km2_California_South-1.tif,69
36.71715501816664,-119.83135123005825,MCTNet_400km2_California_South-1.tif,69
36.71706518663824,-119.87456019522439,MCTNet_400km2_California_South-1.tif,69
36.71706518663824,-119.75679106147632,MCTNet_400km2_California_South-1.tif,69
36.716975355109824,-119.80000002664248,MCTNet_400km2_California_South-1.tif,69
36.71688552358141,-119.84320899180862,MCTNet_400km2_California_South-1.tif,69
36.716795692053,-119.88641795697477,MCTNet_400km2_California_South-1.tif,69
36.716795692053,-119.7686488232267,MCTNet_400km2_California_South-1.tif,69
36.716705860524584,-119.81185778839286,MCTNet_400km2_California_South-1.tif,69
36.71661602899617,-119.855066753559,MCTNet_400km2_California_South-1.tif,69
36.716526197467765,-119.89827571872515,MCTNet_400km2_California_South-1.tif,69
36.716526197467765,-119.78050658497708,MCTNet_400km2_California_South-1.tif,69
36.71643636593935,-119.82371555014323,MCTNet_400km2_California_South-1.tif,69
36.71634653441094,-119.86692451530938,MCTNet_400km2_California_South-1.tif,69
36.716256702882525,-119.91013348047552,MCTNet_400km2_California_South-1.tif,69
36.716256702882525,-119.79236434672745,MCTNet_400km2_California_South-1.tif,69
36.71616687135411,-119.83557331189361,MCTNet_400km2_California_South-1.tif,69
36.716077039825706,-119.87878227705976,MCTNet_400km2_California_South-1.tif,69
36.716077039825706,-119.76101314331169,MCTNet_400km2_California_South-1.tif,69
36.71598720829729,-119.80422210847783,MCTNet_400km2_California_South-1.tif,69
36.71589737676888,-119.84743107364399,MCTNet_400km2_California_South-1.tif,69
36.715807545240466,-119.89064003881013,MCTNet_400km2_California_South-1.tif,69
36.715807545240466,-119.77287090506206,MCTNet_400km2_California_South-1.tif,69
36.71571771371205,-119.81607987022821,MCTNet_400km2_California_South-1.tif,69
36.71562788218364,-119.85928883539437,MCTNet_400km2_California_South-1.tif,69
36.71553805065523,-119.90249780056051,MCTNet_400km2_California_South-1.tif,69
36.71553805065523,-119.78472866681244,MCTNet_400km2_California_South-1.tif,69
36.71544821912682,-119.82793763197859,MCTNet_400km2_California_South-1.tif,69
36.71535838759841,-119.87114659714474,MCTNet_400km2_California_South-1.tif,69
36.71535838759841,-119.75337746339667,MCTNet_400km2_California_South-1.tif,69
36.715268556069994,-119.79658642856282,MCTNet_400km2_California_South-1.tif,69
36.71517872454158,-119.83979539372896,MCTNet_400km2_California_South-1.tif,69
36.715088893013174,-119.88300435889512,MCTNet_400km2_California_South-1.tif,69
36.715088893013174,-119.76523522514705,MCTNet_400km2_California_South-1.tif,69
36.71499906148476,-119.8084441903132,MCTNet_400km2_California_South-1.tif,69
36.71490922995635,-119.85165315547934,MCTNet_400km2_California_South-1.tif,69
36.714819398427935,-119.8948621206455,MCTNet_400km2_California_South-1.tif,69
36.714819398427935,-119.77709298689743,MCTNet_400km2_California_South-1.tif,69
36.71472956689952,-119.82030195206357,MCTNet_400km2_California_South-1.tif,69
36.71463973537111,-119.86351091722972,MCTNet_400km2_California_South-1.tif,69
36.7145499038427,-119.90671988239588,MCTNet_400km2_California_South-1.tif,69
36.7145499038427,-119.7889507486478,MCTNet_400km2_California_South-1.tif,69
36.71446007231429,-119.83215971381395,MCTNet_400km2_California_South-1.tif,69
36.714370240785875,-119.8753686789801,MCTNet_400km2_California_South-1.tif,69
36.714370240785875,-119.75759954523203,MCTNet_400km2_California_South-1.tif,69
36.71428040925746,-119.80080851039818,MCTNet_400km2_California_South-1.tif,69
36.71419057772905,-119.84401747556433,MCTNet_400km2_California_South-1.tif,69
36.71410074620064,-119.88722644073047,MCTNet_400km2_California_South-1.tif,69
36.71410074620064,-119.7694573069824,MCTNet_400km2_California_South-1.tif,69
36.71401091467223,-119.81266627214856,MCTNet_400km2_California_South-1.tif,69
36.713921083143816,-119.8558752373147,MCTNet_400km2_California_South-1.tif,69
36.7138312516154,-119.89908420248085,MCTNet_400km2_California_South-1.tif,69
36.7138312516154,-119.78131506873278,MCTNet_400km2_California_South-1.tif,69
36.71374142008699,-119.82452403389894,MCTNet_400km2_California_South-1.tif,69
36.71365158855858,-119.86773299906508,MCTNet_400km2_California_South-1.tif,69
36.71356175703017,-119.91094196423123,MCTNet_400km2_California_South-1.tif,69
36.71356175703017,-119.79317283048316,MCTNet_400km2_California_South-1.tif,69
36.71347192550176,-119.83638179564932,MCTNet_400km2_California_South-1.tif,69
36.713382093973344,-119.87959076081546,MCTNet_400km2_California_South-1.tif,69
36.713382093973344,-119.76182162706739,MCTNet_400km2_California_South-1.tif,69
36.71329226244493,-119.80503059223354,MCTNet_400km2_California_South-1.tif,69
36.71320243091652,-119.8482395573997,MCTNet_400km2_California_South-1.tif,69
36.71311259938811,-119.89144852256584,MCTNet_400km2_California_South-1.tif,69
36.71311259938811,-119.77367938881777,MCTNet_400km2_California_South-1.tif,69
36.7130227678597,-119.81688835398391,MCTNet_400km2_California_South-1.tif,69
36.712932936331285,-119.86009731915007,MCTNet_400km2_California_South-1.tif,69
36.71284310480287,-119.90330628431622,MCTNet_400km2_California_South-1.tif,69
36.71284310480287,-119.78553715056815,MCTNet_400km2_California_South-1.tif,69
36.71275327327446,-119.82874611573429,MCTNet_400km2_California_South-1.tif,69
36.712663441746045,-119.87195508090045,MCTNet_400km2_California_South-1.tif,69
36.712663441746045,-119.75418594715238,MCTNet_400km2_California_South-1.tif,69
36.71257361021764,-119.79739491231852,MCTNet_400km2_California_South-1.tif,69
36.712483778689226,-119.84060387748467,MCTNet_400km2_California_South-1.tif,69
36.71239394716081,-119.88381284265083,MCTNet_400km2_California_South-1.tif,69
36.71239394716081,-119.76604370890276,MCTNet_400km2_California_South-1.tif,69
36.7123041156324,-119.8092526740689,MCTNet_400km2_California_South-1.tif,69
36.712214284103986,-119.85246163923506,MCTNet_400km2_California_South-1.tif,69
36.71212445257558,-119.8956706044012,MCTNet_400km2_California_South-1.tif,69
36.71212445257558,-119.77790147065313,MCTNet_400km2_California_South-1.tif,69
36.71203462104717,-119.82111043581928,MCTNet_400km2_California_South-1.tif,69
36.71194478951875,-119.86431940098544,MCTNet_400km2_California_South-1.tif,69
36.71185495799034,-119.90752836615158,MCTNet_400km2_California_South-1.tif,69
36.71185495799034,-119.78975923240351,MCTNet_400km2_California_South-1.tif,69
36.71176512646193,-119.83296819756966,MCTNet_400km2_California_South-1.tif,69
36.711675294933514,-119.87617716273581,MCTNet_400km2_California_South-1.tif,69
36.711675294933514,-119.75840802898774,MCTNet_400km2_California_South-1.tif,69
36.71158546340511,-119.80161699415389,MCTNet_400km2_California_South-1.tif,69
36.711495631876694,-119.84482595932003,MCTNet_400km2_California_South-1.tif,69
36.71140580034828,-119.88803492448619,MCTNet_400km2_California_South-1.tif,69
36.71140580034828,-119.77026579073812,MCTNet_400km2_California_South-1.tif,69
36.71131596881987,-119.81347475590427,MCTNet_400km2_California_South-1.tif,69
36.711226137291455,-119.85668372107041,MCTNet_400km2_California_South-1.tif,69
36.71113630576305,-119.89989268623657,MCTNet_400km2_California_South-1.tif,69
36.71113630576305,-119.7821235524885,MCTNet_400km2_California_South-1.tif,69
36.711046474234635,-119.82533251765464,MCTNet_400km2_California_South-1.tif,69
36.71095664270622,-119.86854148282079,MCTNet_400km2_California_South-1.tif,69
36.71095664270622,-119.75077234907272,MCTNet_400km2_California_South-1.tif,69
36.71086681117781,-119.79398131423888,MCTNet_400km2_California_South-1.tif,69
36.710776979649395,-119.83719027940502,MCTNet_400km2_California_South-1.tif,69
36.71068714812098,-119.88039924457117,MCTNet_400km2_California_South-1.tif,69
36.71068714812098,-119.7626301108231,MCTNet_400km2_California_South-1.tif,69
36.710597316592576,-119.80583907598925,MCTNet_400km2_California_South-1.tif,69
36.71050748506416,-119.8490480411554,MCTNet_400km2_California_South-1.tif,69
36.71041765353575,-119.89225700632154,MCTNet_400km2_California_South-1.tif,69
36.71041765353575,-119.77448787257347,MCTNet_400km2_California_South-1.tif,69
36.710327822007336,-119.81769683773963,MCTNet_400km2_California_South-1.tif,69
36.71023799047892,-119.86090580290578,MCTNet_400km2_California_South-1.tif,69
36.71014815895052,-119.90411476807192,MCTNet_400km2_California_South-1.tif,69
36.71014815895052,-119.78634563432385,MCTNet_400km2_California_South-1.tif,69
36.710058327422104,-119.82955459949001,MCTNet_400km2_California_South-1.tif,69
36.70996849589369,-119.87276356465615,MCTNet_400km2_California_South-1.tif,69
36.70996849589369,-119.75499443090808,MCTNet_400km2_California_South-1.tif,69
36.70987866436528,-119.79820339607423,MCTNet_400km2_California_South-1.tif,69
36.709788832836864,-119.84141236124039,MCTNet_400km2_California_South-1.tif,69
36.70969900130845,-119.88462132640653,MCTNet_400km2_California_South-1.tif,69
36.70969900130845,-119.76685219265846,MCTNet_400km2_California_South-1.tif,69
36.709609169780045,-119.8100611578246,MCTNet_400km2_California_South-1.tif,69
36.70951933825163,-119.85327012299076,MCTNet_400km2_California_South-1.tif,69
36.70942950672322,-119.89647908815691,MCTNet_400km2_California_South-1.tif,69
36.70942950672322,-119.77870995440884,MCTNet_400km2_California_South-1.tif,69
36.709339675194805,-119.82191891957498,MCTNet_400km2_California_South-1.tif,69
36.70924984366639,-119.86512788474114,MCTNet_400km2_California_South-1.tif,69
36.709160012137986,-119.90833684990729,MCTNet_400km2_California_South-1.tif,69
36.709160012137986,-119.79056771615922,MCTNet_400km2_California_South-1.tif,69
36.70907018060957,-119.83377668132536,MCTNet_400km2_California_South-1.tif,69
36.70898034908116,-119.87698564649152,MCTNet_400km2_California_South-1.tif,69
36.70898034908116,-119.75921651274345,MCTNet_400km2_California_South-1.tif,69
36.708890517552746,-119.8024254779096,MCTNet_400km2_California_South-1.tif,69
36.70880068602433,-119.84563444307574,MCTNet_400km2_California_South-1.tif,69
36.70871085449592,-119.8888434082419,MCTNet_400km2_California_South-1.tif,69
36.70871085449592,-119.77107427449383,MCTNet_400km2_California_South-1.tif,69
36.70862102296751,-119.81428323965997,MCTNet_400km2_California_South-1.tif,69
36.7085311914391,-119.85749220482612,MCTNet_400km2_California_South-1.tif,69
36.70844135991069,-119.90070116999227,MCTNet_400km2_California_South-1.tif,69
36.70844135991069,-119.7829320362442,MCTNet_400km2_California_South-1.tif,69
36.70835152838227,-119.82614100141035,MCTNet_400km2_California_South-1.tif,69
36.70826169685386,-119.8693499665765,MCTNet_400km2_California_South-1.tif,69
36.70826169685386,-119.75158083282842,MCTNet_400km2_California_South-1.tif,69
36.708171865325454,-119.79478979799458,MCTNet_400km2_California_South-1.tif,69
36.70808203379704,-119.83799876316073,MCTNet_400km2_California_South-1.tif,69
36.70799220226863,-119.88120772832687,MCTNet_400km2_California_South-1.tif,69
36.70799220226863,-119.7634385945788,MCTNet_400km2_California_South-1.tif,69
36.707902370740214,-119.80664755974496,MCTNet_400km2_California_South-1.tif,69
36.7078125392118,-119.8498565249111,MCTNet_400km2_California_South-1.tif,69
36.70772270768339,-119.89306549007725,MCTNet_400km2_California_South-1.tif,69
36.70772270768339,-119.77529635632918,MCTNet_400km2_California_South-1.tif,69
36.70763287615498,-119.81850532149534,MCTNet_400km2_California_South-1.tif,69
36.70754304462657,-119.86171428666148,MCTNet_400km2_California_South-1.tif,69
36.707453213098155,-119.90492325182763,MCTNet_400km2_California_South-1.tif,69
36.707453213098155,-119.78715411807957,MCTNet_400km2_California_South-1.tif,69
36.70736338156974,-119.83036308324571,MCTNet_400km2_California_South-1.tif,69
36.70727355004133,-119.87357204841186,MCTNet_400km2_California_South-1.tif,69
36.70727355004133,-119.75580291466379,MCTNet_400km2_California_South-1.tif,69
36.707183718512916,-119.79901187982995,MCTNet_400km2_California_South-1.tif,69
36.70709388698451,-119.84222084499609,MCTNet_400km2_California_South-1.tif,69
36.707004055456096,-119.88542981016224,MCTNet_400km2_California_South-1.tif,69
36.707004055456096,-119.76766067641417,MCTNet_400km2_California_South-1.tif,69
36.70691422392768,-119.81086964158033,MCTNet_400km2_California_South-1.tif,69
36.70682439239927,-119.85407860674647,MCTNet_400km2_California_South-1.tif,69
36.706734560870856,-119.89728757191261,MCTNet_400km2_California_South-1.tif,69
36.706734560870856,-119.77951843816454,MCTNet_400km2_California_South-1.tif,69
36.70664472934245,-119.8227274033307,MCTNet_400km2_California_South-1.tif,69
36.70655489781404,-119.86593636849685,MCTNet_400km2_California_South-1.tif,69
36.706465066285624,-119.90914533366299,MCTNet_400km2_California_South-1.tif,69
36.706465066285624,-119.79137619991492,MCTNet_400km2_California_South-1.tif,69
36.70637523475721,-119.83458516508108,MCTNet_400km2_California_South-1.tif,69
36.7062854032288,-119.87779413024722,MCTNet_400km2_California_South-1.tif,69
36.7062854032288,-119.76002499649915,MCTNet_400km2_California_South-1.tif,69
36.706195571700384,-119.8032339616653,MCTNet_400km2_California_South-1.tif,69
36.70610574017198,-119.84644292683146,MCTNet_400km2_California_South-1.tif,69
36.706015908643565,-119.8896518919976,MCTNet_400km2_California_South-1.tif,69
36.706015908643565,-119.77188275824953,MCTNet_400km2_California_South-1.tif,69
36.70592607711515,-119.81509172341568,MCTNet_400km2_California_South-1.tif,69
36.70583624558674,-119.85830068858183,MCTNet_400km2_California_South-1.tif,69
36.705746414058325,-119.90150965374798,MCTNet_400km2_California_South-1.tif,69
36.705746414058325,-119.78374051999991,MCTNet_400km2_California_South-1.tif,69
36.70565658252992,-119.82694948516605,MCTNet_400km2_California_South-1.tif,69
36.705566751001506,-119.87015845033221,MCTNet_400km2_California_South-1.tif,69
36.705566751001506,-119.75238931658414,MCTNet_400km2_California_South-1.tif,69
36.70547691947309,-119.79559828175029,MCTNet_400km2_California_South-1.tif,69
36.70538708794468,-119.83880724691643,MCTNet_400km2_California_South-1.tif,69
36.705297256416266,-119.88201621208259,MCTNet_400km2_California_South-1.tif,69
36.705297256416266,-119.76424707833452,MCTNet_400km2_California_South-1.tif,69
36.70520742488785,-119.80745604350066,MCTNet_400km2_California_South-1.tif,69
36.70511759335945,-119.85066500866681,MCTNet_400km2_California_South-1.tif,69
36.70502776183103,-119.89387397383297,MCTNet_400km2_California_South-1.tif,69
36.70502776183103,-119.7761048400849,MCTNet_400km2_California_South-1.tif,69
36.70493793030262,-119.81931380525104,MCTNet_400km2_California_South-1.tif,69
36.70484809877421,-119.86252277041719,MCTNet_400km2_California_South-1.tif,69
36.70475826724579,-119.90573173558334,MCTNet_400km2_California_South-1.tif,69
36.70475826724579,-119.78796260183528,MCTNet_400km2_California_South-1.tif,69
36.70466843571739,-119.83117156700142,MCTNet_400km2_California_South-1.tif,69
36.704578604188974,-119.87438053216756,MCTNet_400km2_California_South-1.tif,69
36.704578604188974,-119.7566113984195,MCTNet_400km2_California_South-1.tif,69
36.70448877266056,-119.79982036358565,MCTNet_400km2_California_South-1.tif,69
36.70439894113215,-119.8430293287518,MCTNet_400km2_California_South-1.tif,69
36.704309109603734,-119.88623829391794,MCTNet_400km2_California_South-1.tif,69
36.704309109603734,-119.76846916016987,MCTNet_400km2_California_South-1.tif,69
36.70421927807532,-119.81167812533603,MCTNet_400km2_California_South-1.tif,69
36.704129446546915,-119.85488709050217,MCTNet_400km2_California_South-1.tif,69
36.7040396150185,-119.89809605566832,MCTNet_400km2_California_South-1.tif,69
36.7040396150185,-119.78032692192025,MCTNet_400km2_California_South-1.tif,69
36.70394978349009,-119.82353588708641,MCTNet_400km2_California_South-1.tif,69
36.703859951961675,-119.86674485225255,MCTNet_400km2_California_South-1.tif,69
36.70377012043326,-119.9099538174187,MCTNet_400km2_California_South-1.tif,69
36.70377012043326,-119.79218468367063,MCTNet_400km2_California_South-1.tif,69
36.703680288904856,-119.83539364883679,MCTNet_400km2_California_South-1.tif,69
36.70359045737644,-119.87860261400293,MCTNet_400km2_California_South-1.tif,69
36.70359045737644,-119.76083348025486,MCTNet_400km2_California_South-1.tif,69
36.70350062584803,-119.804042445421,MCTNet_400km2_California_South-1.tif,69
36.703410794319616,-119.84725141058716,MCTNet_400km2_California_South-1.tif,69
36.7033209627912,-119.8904603757533,MCTNet_400km2_California_South-1.tif,69
36.7033209627912,-119.77269124200524,MCTNet_400km2_California_South-1.tif,69
36.70323113126279,-119.81590020717138,MCTNet_400km2_California_South-1.tif,69
36.70314129973438,-119.85910917233754,MCTNet_400km2_California_South-1.tif,69
36.70305146820597,-119.90231813750368,MCTNet_400km2_California_South-1.tif,69
36.70305146820597,-119.78454900375561,MCTNet_400km2_California_South-1.tif,69
36.70296163667756,-119.82775796892176,MCTNet_400km2_California_South-1.tif,69
36.702871805149144,-119.87096693408792,MCTNet_400km2_California_South-1.tif,69
36.702871805149144,-119.75319780033985,MCTNet_400km2_California_South-1.tif,69
36.70278197362073,-119.79640676550599,MCTNet_400km2_California_South-1.tif,69
36.702692142092324,-119.83961573067214,MCTNet_400km2_California_South-1.tif,69
36.70260231056391,-119.8828246958383,MCTNet_400km2_California_South-1.tif,69
36.70260231056391,-119.76505556209023,MCTNet_400km2_California_South-1.tif,69
36.7025124790355,-119.80826452725637,MCTNet_400km2_California_South-1.tif,69
36.702422647507085,-119.85147349242253,MCTNet_400km2_California_South-1.tif,69
36.70233281597867,-119.89468245758867,MCTNet_400km2_California_South-1.tif,69
36.70233281597867,-119.7769133238406,MCTNet_400km2_California_South-1.tif,69
36.70224298445026,-119.82012228900675,MCTNet_400km2_California_South-1.tif,69
36.70215315292185,-119.8633312541729,MCTNet_400km2_California_South-1.tif,69
36.70206332139344,-119.90654021933905,MCTNet_400km2_California_South-1.tif,69
36.70206332139344,-119.78877108559098,MCTNet_400km2_California_South-1.tif,69
36.701973489865026,-119.83198005075712,MCTNet_400km2_California_South-1.tif,69
36.70188365833661,-119.87518901592328,MCTNet_400km2_California_South-1.tif,69
36.70188365833661,-119.75741988217521,MCTNet_400km2_California_South-1.tif,69
36.7017938268082,-119.80062884734136,MCTNet_400km2_California_South-1.tif,69
36.70170399527979,-119.8438378125075,MCTNet_400km2_California_South-1.tif,69
36.70161416375138,-119.88704677767366,MCTNet_400km2_California_South-1.tif,69
36.70161416375138,-119.76927764392559,MCTNet_400km2_California_South-1.tif,69
36.70152433222297,-119.81248660909174,MCTNet_400km2_California_South-1.tif,69
36.70143450069455,-119.85569557425788,MCTNet_400km2_California_South-1.tif,69
36.70134466916614,-119.89890453942404,MCTNet_400km2_California_South-1.tif,69
36.70134466916614,-119.78113540567597,MCTNet_400km2_California_South-1.tif,69
36.70125483763773,-119.82434437084211,MCTNet_400km2_California_South-1.tif,69
36.70116500610932,-119.86755333600826,MCTNet_400km2_California_South-1.tif,69
36.70107517458091,-119.91076230117442,MCTNet_400km2_California_South-1.tif,69
36.70107517458091,-119.79299316742635,MCTNet_400km2_California_South-1.tif,69
36.700985343052494,-119.83620213259249,MCTNet_400km2_California_South-1.tif,69
36.70089551152408,-119.87941109775863,MCTNet_400km2_California_South-1.tif,69
36.70089551152408,-119.76164196401056,MCTNet_400km2_California_South-1.tif,69
36.70080567999567,-119.80485092917672,MCTNet_400km2_California_South-1.tif,69
36.70071584846726,-119.84805989434287,MCTNet_400km2_California_South-1.tif,69
36.70062601693885,-119.89126885950901,MCTNet_400km2_California_South-1.tif,69
36.70062601693885,-119.77349972576094,MCTNet_400km2_California_South-1.tif,69
36.700536185410435,-119.8167086909271,MCTNet_400km2_California_South-1.tif,69
36.70044635388202,-119.85991765609324,MCTNet_400km2_California_South-1.tif,69
36.70035652235361,-119.90312662125939,MCTNet_400km2_California_South-1.tif,69
36.70035652235361,-119.78535748751132,MCTNet_400km2_California_South-1.tif,69
36.700266690825195,-119.82856645267748,MCTNet_400km2_California_South-1.tif,69
36.70017685929679,-119.87177541784362,MCTNet_400km2_California_South-1.tif,69
36.70017685929679,-119.75400628409555,MCTNet_400km2_California_South-1.tif,69
36.700087027768376,-119.7972152492617,MCTNet_400km2_California_South-1.tif,69
36.69999719623996,-119.84042421442786,MCTNet_400km2_California_South-1.tif,69
36.69990736471155,-119.883633179594,MCTNet_400km2_California_South-1.tif,69
36.69990736471155,-119.76586404584593,MCTNet_400km2_California_South-1.tif,69
36.699817533183136,-119.80907301101207,MCTNet_400km2_California_South-1.tif,69
36.69972770165473,-119.85228197617823,MCTNet_400km2_California_South-1.tif,69
36.69963787012632,-119.89549094134438,MCTNet_400km2_California_South-1.tif,69
36.69963787012632,-119.77772180759631,MCTNet_400km2_California_South-1.tif,69
36.699548038597904,-119.82093077276245,MCTNet_400km2_California_South-1.tif,69
36.69945820706949,-119.86413973792861,MCTNet_400km2_California_South-1.tif,69
36.69936837554108,-119.90734870309475,MCTNet_400km2_California_South-1.tif,69
36.69936837554108,-119.78957956934669,MCTNet_400km2_California_South-1.tif,69
36.699278544012664,-119.83278853451283,MCTNet_400km2_California_South-1.tif,69
36.69918871248426,-119.87599749967899,MCTNet_400km2_California_South-1.tif,69
36.69918871248426,-119.75822836593092,MCTNet_400km2_California_South-1.tif,69
36.699098880955844,-119.80143733109706,MCTNet_400km2_California_South-1.tif,69
36.69900904942743,-119.8446462962632,MCTNet_400km2_California_South-1.tif,69
36.69891921789902,-119.88785526142937,MCTNet_400km2_California_South-1.tif,69
36.69891921789902,-119.7700861276813,MCTNet_400km2_California_South-1.tif,69
36.698829386370605,-119.81329509284744,MCTNet_400km2_California_South-1.tif,69
36.6987395548422,-119.85650405801358,MCTNet_400km2_California_South-1.tif,69
36.698649723313785,-119.89971302317974,MCTNet_400km2_California_South-1.tif,69
36.698649723313785,-119.78194388943167,MCTNet_400km2_California_South-1.tif,69
36.69855989178537,-119.82515285459782,MCTNet_400km2_California_South-1.tif,69
36.69847006025696,-119.86836181976396,MCTNet_400km2_California_South-1.tif,69
36.69847006025696,-119.75059268601589,MCTNet_400km2_California_South-1.tif,69
36.698380228728546,-119.79380165118205,MCTNet_400km2_California_South-1.tif,69
36.69829039720013,-119.8370106163482,MCTNet_400km2_California_South-1.tif,69
36.698200565671726,-119.88021958151434,MCTNet_400km2_California_South-1.tif,69
36.698200565671726,-119.76245044776627,MCTNet_400km2_California_South-1.tif,69
36.69811073414331,-119.80565941293243,MCTNet_400km2_California_South-1.tif,69
36.6980209026149,-119.84886837809857,MCTNet_400km2_California_South-1.tif,69
36.69793107108649,-119.89207734326472,MCTNet_400km2_California_South-1.tif,69
36.69793107108649,-119.77430820951665,MCTNet_400km2_California_South-1.tif,69
36.69784123955807,-119.8175171746828,MCTNet_400km2_California_South-1.tif,69
36.69775140802967,-119.86072613984895,MCTNet_400km2_California_South-1.tif,69
36.697661576501254,-119.9039351050151,MCTNet_400km2_California_South-1.tif,69
36.697661576501254,-119.78616597126704,MCTNet_400km2_California_South-1.tif,69
36.69757174497284,-119.82937493643318,MCTNet_400km2_California_South-1.tif,69
36.69748191344443,-119.87258390159933,MCTNet_400km2_California_South-1.tif,69
36.69748191344443,-119.75481476785126,MCTNet_400km2_California_South-1.tif,69
36.697392081916014,-119.79802373301742,MCTNet_400km2_California_South-1.tif,69
36.6973022503876,-119.84123269818356,MCTNet_400km2_California_South-1.tif,69
36.697212418859195,-119.8844416633497,MCTNet_400km2_California_South-1.tif,69
36.697212418859195,-119.76667252960164,MCTNet_400km2_California_South-1.tif,69
36.69712258733078,-119.8098814947678,MCTNet_400km2_California_South-1.tif,69
36.69703275580237,-119.85309045993394,MCTNet_400km2_California_South-1.tif,69
36.696942924273955,-119.89629942510008,MCTNet_400km2_California_South-1.tif,69
36.696942924273955,-119.77853029135201,MCTNet_400km2_California_South-1.tif,69
36.69685309274554,-119.82173925651817,MCTNet_400km2_California_South-1.tif,69
36.696763261217136,-119.86494822168432,MCTNet_400km2_California_South-1.tif,69
36.69667342968872,-119.90815718685046,MCTNet_400km2_California_South-1.tif,69
36.69667342968872,-119.79038805310239,MCTNet_400km2_California_South-1.tif,69
36.69658359816031,-119.83359701826855,MCTNet_400km2_California_South-1.tif,69
36.696493766631896,-119.87680598343469,MCTNet_400km2_California_South-1.tif,69
36.696493766631896,-119.75903684968662,MCTNet_400km2_California_South-1.tif,69
36.69640393510348,-119.80224581485277,MCTNet_400km2_California_South-1.tif,69
36.69631410357507,-119.84545478001893,MCTNet_400km2_California_South-1.tif,69
36.69622427204666,-119.88866374518507,MCTNet_400km2_California_South-1.tif,69
36.69622427204666,-119.770894611437,MCTNet_400km2_California_South-1.tif,69
36.69613444051825,-119.81410357660315,MCTNet_400km2_California_South-1.tif,69
36.69604460898984,-119.8573125417693,MCTNet_400km2_California_South-1.tif,69
36.695954777461424,-119.90052150693545,MCTNet_400km2_California_South-1.tif,69
36.695954777461424,-119.78275237318738,MCTNet_400km2_California_South-1.tif,69
36.69586494593301,-119.82596133835352,MCTNet_400km2_California_South-1.tif,69
36.695775114404604,-119.86917030351968,MCTNet_400km2_California_South-1.tif,69
36.695775114404604,-119.75140116977161,MCTNet_400km2_California_South-1.tif,69
36.69568528287619,-119.79461013493776,MCTNet_400km2_California_South-1.tif,69
36.69559545134778,-119.8378191001039,MCTNet_400km2_California_South-1.tif,69
36.695505619819365,-119.88102806527006,MCTNet_400km2_California_South-1.tif,69
36.695505619819365,-119.76325893152199,MCTNet_400km2_California_South-1.tif,69
36.69541578829095,-119.80646789668813,MCTNet_400km2_California_South-1.tif,69
36.69532595676254,-119.84967686185428,MCTNet_400km2_California_South-1.tif,69
36.69523612523413,-119.89288582702044,MCTNet_400km2_California_South-1.tif,69
36.69523612523413,-119.77511669327237,MCTNet_400km2_California_South-1.tif,69
36.69514629370572,-119.81832565843851,MCTNet_400km2_California_South-1.tif,69
36.695056462177305,-119.86153462360465,MCTNet_400km2_California_South-1.tif,69
36.69496663064889,-119.90474358877081,MCTNet_400km2_California_South-1.tif,69
36.69496663064889,-119.78697445502274,MCTNet_400km2_California_South-1.tif,69
36.69487679912048,-119.83018342018889,MCTNet_400km2_California_South-1.tif,69
36.69478696759207,-119.87339238535503,MCTNet_400km2_California_South-1.tif,69
36.69478696759207,-119.75562325160696,MCTNet_400km2_California_South-1.tif,69
36.69469713606366,-119.79883221677312,MCTNet_400km2_California_South-1.tif,69
36.694607304535246,-119.84204118193927,MCTNet_400km2_California_South-1.tif,69
36.69451747300683,-119.88525014710541,MCTNet_400km2_California_South-1.tif,69
36.69451747300683,-119.76748101335734,MCTNet_400km2_California_South-1.tif,69
36.69442764147842,-119.8106899785235,MCTNet_400km2_California_South-1.tif,69
36.69433780995001,-119.85389894368964,MCTNet_400km2_California_South-1.tif,69
36.6942479784216,-119.89710790885579,MCTNet_400km2_California_South-1.tif,69
36.6942479784216,-119.77933877510772,MCTNet_400km2_California_South-1.tif,69
36.69415814689319,-119.82254774027388,MCTNet_400km2_California_South-1.tif,69
36.694068315364774,-119.86575670544002,MCTNet_400km2_California_South-1.tif,69
36.69397848383636,-119.90896567060616,MCTNet_400km2_California_South-1.tif,69
36.69397848383636,-119.7911965368581,MCTNet_400km2_California_South-1.tif,69
36.69388865230795,-119.83440550202425,MCTNet_400km2_California_South-1.tif,69
36.69379882077954,-119.8776144671904,MCTNet_400km2_California_South-1.tif,69
36.69379882077954,-119.75984533344233,MCTNet_400km2_California_South-1.tif,69
36.69370898925113,-119.80305429860847,MCTNet_400km2_California_South-1.tif,69
36.693619157722715,-119.84626326377463,MCTNet_400km2_California_South-1.tif,69
36.6935293261943,-119.88947222894078,MCTNet_400km2_California_South-1.tif,69
36.6935293261943,-119.7717030951927,MCTNet_400km2_California_South-1.tif,69
36.69343949466589,-119.81491206035885,MCTNet_400km2_California_South-1.tif,69
36.693349663137475,-119.85812102552501,MCTNet_400km2_California_South-1.tif,69
36.69325983160907,-119.90132999069115,MCTNet_400km2_California_South-1.tif,69
36.69325983160907,-119.78356085694308,MCTNet_400km2_California_South-1.tif,69
36.693170000080656,-119.82676982210923,MCTNet_400km2_California_South-1.tif,69
36.69308016855224,-119.86997878727539,MCTNet_400km2_California_South-1.tif,69
36.69308016855224,-119.75220965352732,MCTNet_400km2_California_South-1.tif,69
36.69299033702383,-119.79541861869346,MCTNet_400km2_California_South-1.tif,69
36.692900505495416,-119.8386275838596,MCTNet_400km2_California_South-1.tif,69
36.69281067396701,-119.88183654902576,MCTNet_400km2_California_South-1.tif,69
36.69281067396701,-119.7640674152777,MCTNet_400km2_California_South-1.tif,69
36.6927208424386,-119.80727638044384,MCTNet_400km2_California_South-1.tif,69
36.69263101091018,-119.85048534561,MCTNet_400km2_California_South-1.tif,69
36.69254117938177,-119.89369431077614,MCTNet_400km2_California_South-1.tif,69
36.69254117938177,-119.77592517702807,MCTNet_400km2_California_South-1.tif,69
36.69245134785336,-119.81913414219422,MCTNet_400km2_California_South-1.tif,69
36.692361516324944,-119.86234310736037,MCTNet_400km2_California_South-1.tif,69
36.69227168479654,-119.90555207252652,MCTNet_400km2_California_South-1.tif,69
36.69227168479654,-119.78778293877845,MCTNet_400km2_California_South-1.tif,69
36.692181853268124,-119.8309919039446,MCTNet_400km2_California_South-1.tif,69
36.69209202173971,-119.87420086911075,MCTNet_400km2_California_South-1.tif,69
36.69209202173971,-119.75643173536268,MCTNet_400km2_California_South-1.tif,69
36.6920021902113,-119.79964070052883,MCTNet_400km2_California_South-1.tif,69
36.691912358682885,-119.84284966569497,MCTNet_400km2_California_South-1.tif,69
36.69182252715448,-119.88605863086113,MCTNet_400km2_California_South-1.tif,69
36.69182252715448,-119.76828949711306,MCTNet_400km2_California_South-1.tif,69
36.691732695626065,-119.8114984622792,MCTNet_400km2_California_South-1.tif,69
36.69164286409765,-119.85470742744535,MCTNet_400km2_California_South-1.tif,69
36.69155303256924,-119.8979163926115,MCTNet_400km2_California_South-1.tif,69
36.69155303256924,-119.78014725886344,MCTNet_400km2_California_South-1.tif,69
36.691463201040825,-119.82335622402958,MCTNet_400km2_California_South-1.tif,69
36.69137336951241,-119.86656518919573,MCTNet_400km2_California_South-1.tif,69
36.691283537984006,-119.90977415436188,MCTNet_400km2_California_South-1.tif,69
36.691283537984006,-119.79200502061381,MCTNet_400km2_California_South-1.tif,69
36.69119370645559,-119.83521398577996,MCTNet_400km2_California_South-1.tif,69
36.69110387492718,-119.8784229509461,MCTNet_400km2_California_South-1.tif,69
36.69110387492718,-119.76065381719803,MCTNet_400km2_California_South-1.tif,69
36.691014043398766,-119.80386278236419,MCTNet_400km2_California_South-1.tif,69
36.69092421187035,-119.84707174753034,MCTNet_400km2_California_South-1.tif,69
36.69083438034195,-119.89028071269648,MCTNet_400km2_California_South-1.tif,69
36.69083438034195,-119.77251157894841,MCTNet_400km2_California_South-1.tif,69
36.690744548813534,-119.81572054411457,MCTNet_400km2_California_South-1.tif,69
36.69065471728512,-119.85892950928071,MCTNet_400km2_California_South-1.tif,69
36.69056488575671,-119.90213847444686,MCTNet_400km2_California_South-1.tif,69
36.69056488575671,-119.78436934069879,MCTNet_400km2_California_South-1.tif,69
36.690475054228294,-119.82757830586495,MCTNet_400km2_California_South-1.tif,69
36.69038522269988,-119.87078727103109,MCTNet_400km2_California_South-1.tif,69
36.69038522269988,-119.75301813728302,MCTNet_400km2_California_South-1.tif,69
36.690295391171475,-119.79622710244917,MCTNet_400km2_California_South-1.tif,69
36.69020555964306,-119.83943606761532,MCTNet_400km2_California_South-1.tif,69
36.69011572811465,-119.88264503278147,MCTNet_400km2_California_South-1.tif,69
36.69011572811465,-119.7648758990334,MCTNet_400km2_California_South-1.tif,69
36.690025896586235,-119.80808486419954,MCTNet_400km2_California_South-1.tif,69
36.68993606505782,-119.8512938293657,MCTNet_400km2_California_South-1.tif,69
36.689846233529416,-119.89450279453185,MCTNet_400km2_California_South-1.tif,69
36.689846233529416,-119.77673366078378,MCTNet_400km2_California_South-1.tif,69
36.689756402001,-119.81994262594992,MCTNet_400km2_California_South-1.tif,69
36.68966657047259,-119.86315159111608,MCTNet_400km2_California_South-1.tif,69
36.689576738944176,-119.90636055628222,MCTNet_400km2_California_South-1.tif,69
36.689576738944176,-119.78859142253415,MCTNet_400km2_California_South-1.tif,69
36.68948690741576,-119.8318003877003,MCTNet_400km2_California_South-1.tif,69
36.68939707588735,-119.87500935286646,MCTNet_400km2_California_South-1.tif,69
36.68939707588735,-119.75724021911839,MCTNet_400km2_California_South-1.tif,69
36.68930724435894,-119.80044918428453,MCTNet_400km2_California_South-1.tif,69
36.68921741283053,-119.84365814945068,MCTNet_400km2_California_South-1.tif,69
36.68912758130212,-119.88686711461683,MCTNet_400km2_California_South-1.tif,69
36.68912758130212,-119.76909798086876,MCTNet_400km2_California_South-1.tif,69
36.6890377497737,-119.81230694603491,MCTNet_400km2_California_South-1.tif,69
36.68894791824529,-119.85551591120105,MCTNet_400km2_California_South-1.tif,69
36.688858086716884,-119.89872487636721,MCTNet_400km2_California_South-1.tif,69
36.688858086716884,-119.78095574261914,MCTNet_400km2_California_South-1.tif,69
36.68876825518847,-119.82416470778529,MCTNet_400km2_California_South-1.tif,69
36.68867842366006,-119.86737367295143,MCTNet_400km2_California_South-1.tif,69
36.688588592131644,-119.91058263811759,MCTNet_400km2_California_South-1.tif,69
36.688588592131644,-119.79281350436952,MCTNet_400km2_California_South-1.tif,69
36.68849876060323,-119.83602246953566,MCTNet_400km2_California_South-1.tif,69
36.68840892907482,-119.87923143470181,MCTNet_400km2_California_South-1.tif,69
36.68840892907482,-119.76146230095374,MCTNet_400km2_California_South-1.tif,69
36.68831909754641,-119.8046712661199,MCTNet_400km2_California_South-1.tif,69
36.688229266018,-119.84788023128604,MCTNet_400km2_California_South-1.tif,69
36.688139434489585,-119.89108919645219,MCTNet_400km2_California_South-1.tif,69
36.688139434489585,-119.77332006270412,MCTNet_400km2_California_South-1.tif,69
36.68804960296117,-119.81652902787027,MCTNet_400km2_California_South-1.tif,69
36.68795977143276,-119.85973799303642,MCTNet_400km2_California_South-1.tif,69
36.68786993990435,-119.90294695820256,MCTNet_400km2_California_South-1.tif,69
36.68786993990435,-119.78517782445451,MCTNet_400km2_California_South-1.tif,69
36.68778010837594,-119.82838678962065,MCTNet_400km2_California_South-1.tif,69
36.687690276847526,-119.8715957547868,MCTNet_400km2_California_South-1.tif,69
36.687690276847526,-119.75382662103873,MCTNet_400km2_California_South-1.tif,69
36.68760044531911,-119.79703558620488,MCTNet_400km2_California_South-1.tif,69
36.6875106137907,-119.84024455137103,MCTNet_400km2_California_South-1.tif,69
36.687420782262286,-119.88345351653717,MCTNet_400km2_California_South-1.tif,69
36.687420782262286,-119.7656843827891,MCTNet_400km2_California_South-1.tif,69
36.68733095073388,-119.80889334795526,MCTNet_400km2_California_South-1.tif,69
36.68724111920547,-119.8521023131214,MCTNet_400km2_California_South-1.tif,69
36.687151287677054,-119.89531127828755,MCTNet_400km2_California_South-1.tif,69
36.687151287677054,-119.77754214453948,MCTNet_400km2_California_South-1.tif,69
36.68706145614864,-119.82075110970564,MCTNet_400km2_California_South-1.tif,69
36.68697162462023,-119.86396007487178,MCTNet_400km2_California_South-1.tif,69
36.68688179309182,-119.90716904003793,MCTNet_400km2_California_South-1.tif,69
36.68688179309182,-119.78939990628986,MCTNet_400km2_California_South-1.tif,69
36.68679196156341,-119.83260887145602,MCTNet_400km2_California_South-1.tif,69
36.686702130034995,-119.87581783662216,MCTNet_400km2_California_South-1.tif,69
36.686702130034995,-119.75804870287409,MCTNet_400km2_California_South-1.tif,69
36.68661229850658,-119.80125766804024,MCTNet_400km2_California_South-1.tif,69
36.68652246697817,-119.8444666332064,MCTNet_400km2_California_South-1.tif,69
36.686432635449755,-119.88767559837254,MCTNet_400km2_California_South-1.tif,69
36.686432635449755,-119.76990646462447,MCTNet_400km2_California_South-1.tif,69
36.68634280392135,-119.81311542979061,MCTNet_400km2_California_South-1.tif,69
36.686252972392936,-119.85632439495677,MCTNet_400km2_California_South-1.tif,69
36.68616314086452,-119.89953336012292,MCTNet_400km2_California_South-1.tif,69
36.68616314086452,-119.78176422637485,MCTNet_400km2_California_South-1.tif,69
36.68607330933611,-119.82497319154099,MCTNet_400km2_California_South-1.tif,69
36.685983477807696,-119.86818215670715,MCTNet_400km2_California_South-1.tif,69
36.685983477807696,-119.75041302295908,MCTNet_400km2_California_South-1.tif,69
36.68589364627929,-119.79362198812522,MCTNet_400km2_California_South-1.tif,69
36.68580381475088,-119.83683095329137,MCTNet_400km2_California_South-1.tif,69
36.68571398322246,-119.88003991845753,MCTNet_400km2_California_South-1.tif,69
36.68571398322246,-119.76227078470946,MCTNet_400km2_California_South-1.tif,69
36.68562415169405,-119.8054797498756,MCTNet_400km2_California_South-1.tif,69
36.68553432016564,-119.84868871504175,MCTNet_400km2_California_South-1.tif,69
36.68544448863722,-119.8918976802079,MCTNet_400km2_California_South-1.tif,69
36.68544448863722,-119.77412854645983,MCTNet_400km2_California_South-1.tif,69
36.68535465710882,-119.81733751162598,MCTNet_400km2_California_South-1.tif,69
36.685264825580404,-119.86054647679212,MCTNet_400km2_California_South-1.tif,69
36.68517499405199,-119.90375544195828,MCTNet_400km2_California_South-1.tif,69
36.68517499405199,-119.78598630821021,MCTNet_400km2_California_South-1.tif,69
36.68508516252358,-119.82919527337636,MCTNet_400km2_California_South-1.tif,69
36.684995330995164,-119.8724042385425,MCTNet_400km2_California_South-1.tif,69
36.684995330995164,-119.75463510479443,MCTNet_400km2_California_South-1.tif,69
36.68490549946676,-119.79784406996059,MCTNet_400km2_California_South-1.tif,69
36.684815667938345,-119.84105303512673,MCTNet_400km2_California_South-1.tif,69
36.68472583640993,-119.88426200029288,MCTNet_400km2_California_South-1.tif,69
36.68472583640993,-119.76649286654481,MCTNet_400km2_California_South-1.tif,69
36.68463600488152,-119.80970183171097,MCTNet_400km2_California_South-1.tif,69
36.684546173353105,-119.85291079687711,MCTNet_400km2_California_South-1.tif,69
36.68445634182469,-119.89611976204326,MCTNet_400km2_California_South-1.tif,69
36.68445634182469,-119.77835062829519,MCTNet_400km2_California_South-1.tif,69
36.684366510296286,-119.82155959346134,MCTNet_400km2_California_South-1.tif,69
36.68427667876787,-119.86476855862749,MCTNet_400km2_California_South-1.tif,69
36.68418684723946,-119.90797752379363,MCTNet_400km2_California_South-1.tif,69
36.68418684723946,-119.79020839004556,MCTNet_400km2_California_South-1.tif,69
36.684097015711046,-119.83341735521172,MCTNet_400km2_California_South-1.tif,69
36.68400718418263,-119.87662632037787,MCTNet_400km2_California_South-1.tif,69
36.68400718418263,-119.7588571866298,MCTNet_400km2_California_South-1.tif,69
36.68391735265423,-119.80206615179594,MCTNet_400km2_California_South-1.tif,69
36.683827521125814,-119.8452751169621,MCTNet_400km2_California_South-1.tif,69
36.6837376895974,-119.88848408212824,MCTNet_400km2_California_South-1.tif,69
36.6837376895974,-119.77071494838017,MCTNet_400km2_California_South-1.tif,69
36.68364785806899,-119.81392391354632,MCTNet_400km2_California_South-1.tif,69
36.683558026540574,-119.85713287871248,MCTNet_400km2_California_South-1.tif,69
36.68346819501216,-119.90034184387862,MCTNet_400km2_California_South-1.tif,69
36.68346819501216,-119.78257271013055,MCTNet_400km2_California_South-1.tif,69
36.683378363483754,-119.8257816752967,MCTNet_400km2_California_South-1.tif,69
36.68328853195534,-119.86899064046285,MCTNet_400km2_California_South-1.tif,69
36.68328853195534,-119.75122150671478,MCTNet_400km2_California_South-1.tif,69
36.68319870042693,-119.79443047188093,MCTNet_400km2_California_South-1.tif,69
36.683108868898515,-119.83763943704707,MCTNet_400km2_California_South-1.tif,69
36.6830190373701,-119.88084840221323,MCTNet_400km2_California_South-1.tif,69
36.6830190373701,-119.76307926846516,MCTNet_400km2_California_South-1.tif,69
36.682929205841695,-119.8062882336313,MCTNet_400km2_California_South-1.tif,69
36.68283937431328,-119.84949719879747,MCTNet_400km2_California_South-1.tif,69
36.68274954278487,-119.89270616396361,MCTNet_400km2_California_South-1.tif,69
36.68274954278487,-119.77493703021554,MCTNet_400km2_California_South-1.tif,69
36.682659711256456,-119.81814599538168,MCTNet_400km2_California_South-1.tif,69
36.68256987972804,-119.86135496054784,MCTNet_400km2_California_South-1.tif,69
36.68248004819963,-119.90456392571399,MCTNet_400km2_California_South-1.tif,69
36.68248004819963,-119.78679479196592,MCTNet_400km2_California_South-1.tif,69
36.68239021667122,-119.83000375713206,MCTNet_400km2_California_South-1.tif,69
36.68230038514281,-119.87321272229822,MCTNet_400km2_California_South-1.tif,69
36.68230038514281,-119.75544358855015,MCTNet_400km2_California_South-1.tif,69
36.6822105536144,-119.7986525537163,MCTNet_400km2_California_South-1.tif,69
36.68212072208598,-119.84186151888244,MCTNet_400km2_California_South-1.tif,69
36.68203089055757,-119.8850704840486,MCTNet_400km2_California_South-1.tif,69
36.68203089055757,-119.76730135030053,MCTNet_400km2_California_South-1.tif,69
36.681941059029164,-119.81051031546667,MCTNet_400km2_California_South-1.tif,69
36.68185122750075,-119.85371928063282,MCTNet_400km2_California_South-1.tif,69
36.68176139597234,-119.89692824579897,MCTNet_400km2_California_South-1.tif,69
36.68176139597234,-119.7791591120509,MCTNet_400km2_California_South-1.tif,69
36.681671564443924,-119.82236807721705,MCTNet_400km2_California_South-1.tif,69
36.68158173291551,-119.8655770423832,MCTNet_400km2_California_South-1.tif,69
36.6814919013871,-119.90878600754935,MCTNet_400km2_California_South-1.tif,69
36.6814919013871,-119.79101687380128,MCTNet_400km2_California_South-1.tif,69
36.68140206985869,-119.83422583896743,MCTNet_400km2_California_South-1.tif,69
36.68131223833028,-119.87743480413357,MCTNet_400km2_California_South-1.tif,69
36.68131223833028,-119.7596656703855,MCTNet_400km2_California_South-1.tif,69
36.681222406801865,-119.80287463555166,MCTNet_400km2_California_South-1.tif,69
36.68113257527345,-119.8460836007178,MCTNet_400km2_California_South-1.tif,69
36.68104274374504,-119.88929256588395,MCTNet_400km2_California_South-1.tif,69
36.68104274374504,-119.77152343213588,MCTNet_400km2_California_South-1.tif,69
36.68095291221663,-119.81473239730204,MCTNet_400km2_California_South-1.tif,69
36.68086308068822,-119.85794136246818,MCTNet_400km2_California_South-1.tif,69
36.680773249159806,-119.90115032763433,MCTNet_400km2_California_South-1.tif,69
36.680773249159806,-119.78338119388626,MCTNet_400km2_California_South-1.tif,69
36.68068341763139,-119.82659015905242,MCTNet_400km2_California_South-1.tif,69
36.68059358610298,-119.86979912421856,MCTNet_400km2_California_South-1.tif,69
36.68059358610298,-119.75202999047049,MCTNet_400km2_California_South-1.tif,69
36.680503754574566,-119.79523895563663,MCTNet_400km2_California_South-1.tif,69
36.68041392304616,-119.83844792080279,MCTNet_400km2_California_South-1.tif,69
36.68032409151775,-119.88165688596894,MCTNet_400km2_California_South-1.tif,69
36.68032409151775,-119.76388775222087,MCTNet_400km2_California_South-1.tif,69
36.680234259989334,-119.80709671738701,MCTNet_400km2_California_South-1.tif,69
36.68014442846092,-119.85030568255317,MCTNet_400km2_California_South-1.tif,69
36.68005459693251,-119.89351464771931,MCTNet_400km2_California_South-1.tif,69
36.68005459693251,-119.77574551397124,MCTNet_400km2_California_South-1.tif,69
36.6799647654041,-119.81895447913739,MCTNet_400km2_California_South-1.tif,69
36.67987493387569,-119.86216344430355,MCTNet_400km2_California_South-1.tif,69
36.679785102347275,-119.90537240946969,MCTNet_400km2_California_South-1.tif,69
36.679785102347275,-119.78760327572162,MCTNet_400km2_California_South-1.tif,69
36.67969527081886,-119.83081224088777,MCTNet_400km2_California_South-1.tif,69
36.67960543929045,-119.87402120605392,MCTNet_400km2_California_South-1.tif,69
36.67960543929045,-119.75625207230586,MCTNet_400km2_California_South-1.tif,69
36.679515607762035,-119.799461037472,MCTNet_400km2_California_South-1.tif,69
36.67942577623363,-119.84267000263814,MCTNet_400km2_California_South-1.tif,69
36.679335944705215,-119.8858789678043,MCTNet_400km2_California_South-1.tif,69
36.679335944705215,-119.76810983405623,MCTNet_400km2_California_South-1.tif,69
36.6792461131768,-119.81131879922238,MCTNet_400km2_California_South-1.tif,69
36.67915628164839,-119.85452776438852,MCTNet_400km2_California_South-1.tif,69
36.679066450119976,-119.89773672955468,MCTNet_400km2_California_South-1.tif,69
36.679066450119976,-119.77996759580661,MCTNet_400km2_California_South-1.tif,69
36.67897661859157,-119.82317656097275,MCTNet_400km2_California_South-1.tif,69
36.678886787063156,-119.8663855261389,MCTNet_400km2_California_South-1.tif,69
36.67879695553474,-119.90959449130506,MCTNet_400km2_California_South-1.tif,69
36.67879695553474,-119.79182535755699,MCTNet_400km2_California_South-1.tif,69
36.67870712400633,-119.83503432272313,MCTNet_400km2_California_South-1.tif,69
36.67861729247792,-119.87824328788928,MCTNet_400km2_California_South-1.tif,69
36.67861729247792,-119.7604741541412,MCTNet_400km2_California_South-1.tif,69
36.6785274609495,-119.80368311930737,MCTNet_400km2_California_South-1.tif,69
36.6784376294211,-119.84689208447351,MCTNet_400km2_California_South-1.tif,69
36.678347797892684,-119.89010104963965,MCTNet_400km2_California_South-1.tif,69
36.678347797892684,-119.77233191589158,MCTNet_400km2_California_South-1.tif,69
36.67825796636427,-119.81554088105774,MCTNet_400km2_California_South-1.tif,69
36.67816813483586,-119.85874984622389,MCTNet_400km2_California_South-1.tif,69
36.678078303307444,-119.90195881139003,MCTNet_400km2_California_South-1.tif,69
36.678078303307444,-119.78418967764198,MCTNet_400km2_California_South-1.tif,69
36.67798847177904,-119.82739864280812,MCTNet_400km2_California_South-1.tif,69
36.677898640250625,-119.87060760797426,MCTNet_400km2_California_South-1.tif,69
36.677898640250625,-119.7528384742262,MCTNet_400km2_California_South-1.tif,69
36.67780880872221,-119.79604743939235,MCTNet_400km2_California_South-1.tif,69
36.6777189771938,-119.8392564045585,MCTNet_400km2_California_South-1.tif,69
36.677629145665385,-119.88246536972464,MCTNet_400km2_California_South-1.tif,69
36.677629145665385,-119.76469623597657,MCTNet_400km2_California_South-1.tif,69
36.67753931413697,-119.80790520114273,MCTNet_400km2_California_South-1.tif,69
36.677449482608566,-119.85111416630888,MCTNet_400km2_California_South-1.tif,69
36.67735965108015,-119.89432313147502,MCTNet_400km2_California_South-1.tif,69
36.67735965108015,-119.77655399772695,MCTNet_400km2_California_South-1.tif,69
36.67726981955174,-119.81976296289311,MCTNet_400km2_California_South-1.tif,69
36.677179988023326,-119.86297192805925,MCTNet_400km2_California_South-1.tif,69
36.67709015649491,-119.9061808932254,MCTNet_400km2_California_South-1.tif,69
36.67709015649491,-119.78841175947733,MCTNet_400km2_California_South-1.tif,69
36.67700032496651,-119.83162072464349,MCTNet_400km2_California_South-1.tif,69
36.67691049343809,-119.87482968980963,MCTNet_400km2_California_South-1.tif,69
36.67691049343809,-119.75706055606156,MCTNet_400km2_California_South-1.tif,69
36.67682066190968,-119.8002695212277,MCTNet_400km2_California_South-1.tif,69
36.67673083038127,-119.84347848639386,MCTNet_400km2_California_South-1.tif,69
36.676640998852854,-119.88668745156001,MCTNet_400km2_California_South-1.tif,69
36.676640998852854,-119.76891831781194,MCTNet_400km2_California_South-1.tif,69
36.67655116732444,-119.81212728297808,MCTNet_400km2_California_South-1.tif,69
36.676461335796034,-119.85533624814424,MCTNet_400km2_California_South-1.tif,69
36.67637150426762,-119.89854521331038,MCTNet_400km2_California_South-1.tif,69
36.67637150426762,-119.78077607956232,MCTNet_400km2_California_South-1.tif,69
36.67628167273921,-119.82398504472846,MCTNet_400km2_California_South-1.tif,69
36.676191841210795,-119.86719400989462,MCTNet_400km2_California_South-1.tif,69
36.67610200968238,-119.91040297506076,MCTNet_400km2_California_South-1.tif,69
36.67610200968238,-119.79263384131269,MCTNet_400km2_California_South-1.tif,69
36.67601217815397,-119.83584280647884,MCTNet_400km2_California_South-1.tif,69
36.67592234662556,-119.879051771645,MCTNet_400km2_California_South-1.tif,69
36.67592234662556,-119.76128263789693,MCTNet_400km2_California_South-1.tif,69
36.67583251509715,-119.80449160306307,MCTNet_400km2_California_South-1.tif,69
36.675742683568735,-119.84770056822921,MCTNet_400km2_California_South-1.tif,69
36.67565285204032,-119.89090953339537,MCTNet_400km2_California_South-1.tif,69
36.67565285204032,-119.7731403996473,MCTNet_400km2_California_South-1.tif,69
36.67556302051191,-119.81634936481345,MCTNet_400km2_California_South-1.tif,69
36.6754731889835,-119.85955832997959,MCTNet_400km2_California_South-1.tif,69
36.67538335745509,-119.90276729514575,MCTNet_400km2_California_South-1.tif,69
36.67538335745509,-119.78499816139768,MCTNet_400km2_California_South-1.tif,69
36.675293525926676,-119.82820712656383,MCTNet_400km2_California_South-1.tif,69
36.67520369439826,-119.87141609172997,MCTNet_400km2_California_South-1.tif,69
36.67520369439826,-119.7536469579819,MCTNet_400km2_California_South-1.tif,69
36.67511386286985,-119.79685592314806,MCTNet_400km2_California_South-1.tif,69
36.67502403134144,-119.8400648883142,MCTNet_400km2_California_South-1.tif,69
36.67493419981303,-119.88327385348035,MCTNet_400km2_California_South-1.tif,69
36.67493419981303,-119.76550471973228,MCTNet_400km2_California_South-1.tif,69
36.67484436828462,-119.80871368489844,MCTNet_400km2_California_South-1.tif,69
36.674754536756204,-119.85192265006458,MCTNet_400km2_California_South-1.tif,69
36.67466470522779,-119.89513161523072,MCTNet_400km2_California_South-1.tif,69
36.67466470522779,-119.77736248148265,MCTNet_400km2_California_South-1.tif,69
36.67457487369938,-119.82057144664881,MCTNet_400km2_California_South-1.tif,69
36.67448504217097,-119.86378041181496,MCTNet_400km2_California_South-1.tif,69
36.67439521064256,-119.9069893769811,MCTNet_400km2_California_South-1.tif,69
36.67439521064256,-119.78922024323303,MCTNet_400km2_California_South-1.tif,69
36.674305379114145,-119.83242920839919,MCTNet_400km2_California_South-1.tif,69
36.67421554758573,-119.87563817356533,MCTNet_400km2_California_South-1.tif,69
36.67421554758573,-119.75786903981727,MCTNet_400km2_California_South-1.tif,69
36.67412571605732,-119.80107800498341,MCTNet_400km2_California_South-1.tif,69
36.674035884528905,-119.84428697014957,MCTNet_400km2_California_South-1.tif,69
36.6739460530005,-119.88749593531571,MCTNet_400km2_California_South-1.tif,69
36.6739460530005,-119.76972680156764,MCTNet_400km2_California_South-1.tif,69
36.673856221472086,-119.81293576673379,MCTNet_400km2_California_South-1.tif,69
36.67376638994367,-119.85614473189995,MCTNet_400km2_California_South-1.tif,69
36.67367655841526,-119.89935369706609,MCTNet_400km2_California_South-1.tif,69
36.67367655841526,-119.78158456331802,MCTNet_400km2_California_South-1.tif,69
36.673586726886846,-119.82479352848416,MCTNet_400km2_California_South-1.tif,69
36.67349689535844,-119.86800249365032,MCTNet_400km2_California_South-1.tif,69
36.67340706383003,-119.91121145881647,MCTNet_400km2_California_South-1.tif,69
36.67340706383003,-119.7934423250684,MCTNet_400km2_California_South-1.tif,69
36.67331723230161,-119.83665129023454,MCTNet_400km2_California_South-1.tif,69
36.6732274007732,-119.8798602554007,MCTNet_400km2_California_South-1.tif,69
36.6732274007732,-119.76209112165263,MCTNet_400km2_California_South-1.tif,69
36.67313756924479,-119.80530008681878,MCTNet_400km2_California_South-1.tif,69
36.673047737716374,-119.84850905198493,MCTNet_400km2_California_South-1.tif,69
36.67295790618797,-119.89171801715108,MCTNet_400km2_California_South-1.tif,69
36.67295790618797,-119.77394888340301,MCTNet_400km2_California_South-1.tif,69
36.672868074659554,-119.81715784856915,MCTNet_400km2_California_South-1.tif,69
36.67277824313114,-119.86036681373531,MCTNet_400km2_California_South-1.tif,69
36.67268841160273,-119.90357577890146,MCTNet_400km2_California_South-1.tif,69
36.67268841160273,-119.78580664515339,MCTNet_400km2_California_South-1.tif,69
36.672598580074315,-119.82901561031953,MCTNet_400km2_California_South-1.tif,69
36.67250874854591,-119.87222457548569,MCTNet_400km2_California_South-1.tif,69
36.67250874854591,-119.75445544173762,MCTNet_400km2_California_South-1.tif,69
36.672418917017495,-119.79766440690376,MCTNet_400km2_California_South-1.tif,69
36.67232908548908,-119.84087337206991,MCTNet_400km2_California_South-1.tif,69
36.67223925396067,-119.88408233723607,MCTNet_400km2_California_South-1.tif,69
36.67223925396067,-119.766313203488,MCTNet_400km2_California_South-1.tif,69
36.672149422432256,-119.80952216865414,MCTNet_400km2_California_South-1.tif,69
36.67205959090384,-119.85273113382028,MCTNet_400km2_California_South-1.tif,69
36.671969759375436,-119.89594009898644,MCTNet_400km2_California_South-1.tif,69
36.671969759375436,-119.77817096523837,MCTNet_400km2_California_South-1.tif,69
36.67187992784702,-119.82137993040452,MCTNet_400km2_California_South-1.tif,69
36.67179009631861,-119.86458889557066,MCTNet_400km2_California_South-1.tif,69
36.671700264790196,-119.90779786073682,MCTNet_400km2_California_South-1.tif,69
36.671700264790196,-119.79002872698875,MCTNet_400km2_California_South-1.tif,69
36.67161043326178,-119.8332376921549,MCTNet_400km2_California_South-1.tif,69
36.67152060173338,-119.87644665732104,MCTNet_400km2_California_South-1.tif,69
36.67152060173338,-119.75867752357297,MCTNet_400km2_California_South-1.tif,69
36.671430770204964,-119.80188648873913,MCTNet_400km2_California_South-1.tif,69
36.67134093867655,-119.84509545390527,MCTNet_400km2_California_South-1.tif,69
36.67125110714814,-119.88830441907142,MCTNet_400km2_California_South-1.tif,69
36.67125110714814,-119.77053528532335,MCTNet_400km2_California_South-1.tif,69
36.671161275619724,-119.8137442504895,MCTNet_400km2_California_South-1.tif,69
36.67107144409131,-119.85695321565565,MCTNet_400km2_California_South-1.tif,69
36.670981612562905,-119.9001621808218,MCTNet_400km2_California_South-1.tif,69
36.670981612562905,-119.78239304707373,MCTNet_400km2_California_South-1.tif,69
36.67089178103449,-119.82560201223988,MCTNet_400km2_California_South-1.tif,69
36.67080194950608,-119.86881097740603,MCTNet_400km2_California_South-1.tif,69
36.67080194950608,-119.75104184365796,MCTNet_400km2_California_South-1.tif,69
36.670712117977665,-119.7942508088241,MCTNet_400km2_California_South-1.tif,69
36.67062228644925,-119.83745977399026,MCTNet_400km2_California_South-1.tif,69
36.670532454920846,-119.8806687391564,MCTNet_400km2_California_South-1.tif,69
36.670532454920846,-119.76289960540834,MCTNet_400km2_California_South-1.tif,69
36.67044262339243,-119.80610857057448,MCTNet_400km2_California_South-1.tif,69
36.67035279186402,-119.84931753574064,MCTNet_400km2_California_South-1.tif,69
36.670262960335606,-119.89252650090678,MCTNet_400km2_California_South-1.tif,69
36.670262960335606,-119.77475736715871,MCTNet_400km2_California_South-1.tif,69
36.67017312880719,-119.81796633232486,MCTNet_400km2_California_South-1.tif,69
36.67008329727878,-119.86117529749102,MCTNet_400km2_California_South-1.tif,69
36.66999346575037,-119.90438426265716,MCTNet_400km2_California_South-1.tif,69
36.66999346575037,-119.78661512890909,MCTNet_400km2_California_South-1.tif,69
36.66990363422196,-119.82982409407524,MCTNet_400km2_California_South-1.tif,69
36.66981380269355,-119.8730330592414,MCTNet_400km2_California_South-1.tif,69
36.66981380269355,-119.75526392549332,MCTNet_400km2_California_South-1.tif,69
36.66972397116513,-119.79847289065947,MCTNet_400km2_California_South-1.tif,69
36.66963413963672,-119.84168185582561,MCTNet_400km2_California_South-1.tif,69
36.669544308108314,-119.88489082099177,MCTNet_400km2_California_South-1.tif,69
36.669544308108314,-119.7671216872437,MCTNet_400km2_California_South-1.tif,69
36.6694544765799,-119.81033065240985,MCTNet_400km2_California_South-1.tif,69
36.66936464505149,-119.85353961757599,MCTNet_400km2_California_South-1.tif,69
36.669274813523074,-119.89674858274215,MCTNet_400km2_California_South-1.tif,69
36.669274813523074,-119.77897944899408,MCTNet_400km2_California_South-1.tif,69
36.66918498199466,-119.82218841416022,MCTNet_400km2_California_South-1.tif,69
36.66909515046625,-119.86539737932637,MCTNet_400km2_California_South-1.tif,69
36.66900531893784,-119.90860634449253,MCTNet_400km2_California_South-1.tif,69
36.66900531893784,-119.79083721074446,MCTNet_400km2_California_South-1.tif,69
36.66891548740943,-119.8340461759106,MCTNet_400km2_California_South-1.tif,69
36.668825655881015,-119.87725514107674,MCTNet_400km2_California_South-1.tif,69
36.668825655881015,-119.75948600732868,MCTNet_400km2_California_South-1.tif,69
36.6687358243526,-119.80269497249483,MCTNet_400km2_California_South-1.tif,69
36.66864599282419,-119.84590393766098,MCTNet_400km2_California_South-1.tif,69
36.66855616129578,-119.88911290282712,MCTNet_400km2_California_South-1.tif,69
36.66855616129578,-119.77134376907905,MCTNet_400km2_California_South-1.tif,69
36.66846632976737,-119.81455273424521,MCTNet_400km2_California_South-1.tif,69
36.668376498238956,-119.85776169941136,MCTNet_400km2_California_South-1.tif,69
36.66828666671054,-119.9009706645775,MCTNet_400km2_California_South-1.tif,69
36.66828666671054,-119.78320153082944,MCTNet_400km2_California_South-1.tif,69
36.66819683518213,-119.82641049599559,MCTNet_400km2_California_South-1.tif,69
36.668107003653716,-119.86961946116173,MCTNet_400km2_California_South-1.tif,69
36.668107003653716,-119.75185032741366,MCTNet_400km2_California_South-1.tif,69
36.66801717212531,-119.79505929257982,MCTNet_400km2_California_South-1.tif,69
36.6679273405969,-119.83826825774597,MCTNet_400km2_California_South-1.tif,69
36.667837509068484,-119.88147722291211,MCTNet_400km2_California_South-1.tif,69
36.667837509068484,-119.76370808916404,MCTNet_400km2_California_South-1.tif,69
36.66774767754007,-119.8069170543302,MCTNet_400km2_California_South-1.tif,69
36.66765784601166,-119.85012601949634,MCTNet_400km2_California_South-1.tif,69
36.66756801448325,-119.89333498466249,MCTNet_400km2_California_South-1.tif,69
36.66756801448325,-119.77556585091442,MCTNet_400km2_California_South-1.tif,69
36.66747818295484,-119.81877481608058,MCTNet_400km2_California_South-1.tif,69
36.667388351426425,-119.86198378124672,MCTNet_400km2_California_South-1.tif,69
36.66729851989801,-119.90519274641287,MCTNet_400km2_California_South-1.tif,69
36.66729851989801,-119.7874236126648,MCTNet_400km2_California_South-1.tif,69
36.6672086883696,-119.83063257783095,MCTNet_400km2_California_South-1.tif,69
36.667118856841185,-119.8738415429971,MCTNet_400km2_California_South-1.tif,69
36.667118856841185,-119.75607240924903,MCTNet_400km2_California_South-1.tif,69
36.66702902531278,-119.79928137441517,MCTNet_400km2_California_South-1.tif,69
36.666939193784366,-119.84249033958133,MCTNet_400km2_California_South-1.tif,69
36.66684936225595,-119.88569930474748,MCTNet_400km2_California_South-1.tif,69
36.66684936225595,-119.7679301709994,MCTNet_400km2_California_South-1.tif,69
36.66675953072754,-119.81113913616555,MCTNet_400km2_California_South-1.tif,69
36.666669699199126,-119.85434810133171,MCTNet_400km2_California_South-1.tif,69
36.66657986767072,-119.89755706649785,MCTNet_400km2_California_South-1.tif,69
36.66657986767072,-119.77978793274978,MCTNet_400km2_California_South-1.tif,69
36.66649003614231,-119.82299689791593,MCTNet_400km2_California_South-1.tif,69
36.66640020461389,-119.86620586308209,MCTNet_400km2_California_South-1.tif,69
36.66631037308548,-119.90941482824823,MCTNet_400km2_California_South-1.tif,69
36.66631037308548,-119.79164569450016,MCTNet_400km2_California_South-1.tif,69
36.66622054155707,-119.8348546596663,MCTNet_400km2_California_South-1.tif,69
36.66613071002865,-119.87806362483246,MCTNet_400km2_California_South-1.tif,69
36.66613071002865,-119.7602944910844,MCTNet_400km2_California_South-1.tif,69
36.66604087850025,-119.80350345625054,MCTNet_400km2_California_South-1.tif,69
36.665951046971834,-119.84671242141668,MCTNet_400km2_California_South-1.tif,69
36.66586121544342,-119.88992138658284,MCTNet_400km2_California_South-1.tif,69
36.66586121544342,-119.77215225283477,MCTNet_400km2_California_South-1.tif,69
36.66577138391501,-119.81536121800092,MCTNet_400km2_California_South-1.tif,69
36.665681552386594,-119.85857018316706,MCTNet_400km2_California_South-1.tif,69
36.66559172085819,-119.90177914833322,MCTNet_400km2_California_South-1.tif,69
36.66559172085819,-119.78401001458515,MCTNet_400km2_California_South-1.tif,69
36.665501889329775,-119.8272189797513,MCTNet_400km2_California_South-1.tif,69
36.66541205780136,-119.87042794491744,MCTNet_400km2_California_South-1.tif,69
36.66541205780136,-119.75265881116937,MCTNet_400km2_California_South-1.tif,69
36.66532222627295,-119.79586777633553,MCTNet_400km2_California_South-1.tif,69
36.665232394744535,-119.83907674150167,MCTNet_400km2_California_South-1.tif,69
36.66514256321612,-119.88228570666782,MCTNet_400km2_California_South-1.tif,69
36.66514256321612,-119.76451657291975,MCTNet_400km2_California_South-1.tif,69
36.665052731687716,-119.8077255380859,MCTNet_400km2_California_South-1.tif,69
36.6649629001593,-119.85093450325205,MCTNet_400km2_California_South-1.tif,69
36.66487306863089,-119.89414346841819,MCTNet_400km2_California_South-1.tif,69
36.66487306863089,-119.77637433467012,MCTNet_400km2_California_South-1.tif,69
36.664783237102476,-119.81958329983628,MCTNet_400km2_California_South-1.tif,69
36.66469340557406,-119.86279226500243,MCTNet_400km2_California_South-1.tif,69
36.66460357404566,-119.90600123016857,MCTNet_400km2_California_South-1.tif,69
36.66460357404566,-119.7882320964205,MCTNet_400km2_California_South-1.tif,69
36.664513742517244,-119.83144106158666,MCTNet_400km2_California_South-1.tif,69
36.66442391098883,-119.8746500267528,MCTNet_400km2_California_South-1.tif,69
36.66442391098883,-119.75688089300473,MCTNet_400km2_California_South-1.tif,69
36.66433407946042,-119.80008985817088,MCTNet_400km2_California_South-1.tif,69
36.664244247932004,-119.84329882333704,MCTNet_400km2_California_South-1.tif,69
36.66415441640359,-119.88650778850318,MCTNet_400km2_California_South-1.tif,69
36.66415441640359,-119.76873865475511,MCTNet_400km2_California_South-1.tif,69
36.664064584875184,-119.81194761992126,MCTNet_400km2_California_South-1.tif,69
36.66397475334677,-119.85515658508741,MCTNet_400km2_California_South-1.tif,69
36.66388492181836,-119.89836555025356,MCTNet_400km2_California_South-1.tif,69
36.66388492181836,-119.78059641650549,MCTNet_400km2_California_South-1.tif,69
36.663795090289945,-119.82380538167163,MCTNet_400km2_California_South-1.tif,69
36.66370525876153,-119.86701434683779,MCTNet_400km2_California_South-1.tif,69
36.663615427233125,-119.91022331200394,MCTNet_400km2_California_South-1.tif,69
36.663615427233125,-119.79245417825587,MCTNet_400km2_California_South-1.tif,69
36.66352559570471,-119.83566314342201,MCTNet_400km2_California_South-1.tif,69
36.6634357641763,-119.87887210858817,MCTNet_400km2_California_South-1.tif,69
36.6634357641763,-119.7611029748401,MCTNet_400km2_California_South-1.tif,69
36.663345932647886,-119.80431194000624,MCTNet_400km2_California_South-1.tif,69
36.66325610111947,-119.8475209051724,MCTNet_400km2_California_South-1.tif,69
36.66316626959106,-119.89072987033855,MCTNet_400km2_California_South-1.tif,69
36.66316626959106,-119.77296073659048,MCTNet_400km2_California_South-1.tif,69
36.66307643806265,-119.81616970175662,MCTNet_400km2_California_South-1.tif,69
36.66298660653424,-119.85937866692278,MCTNet_400km2_California_South-1.tif,69
36.66289677500583,-119.90258763208892,MCTNet_400km2_California_South-1.tif,69
36.66289677500583,-119.78481849834085,MCTNet_400km2_California_South-1.tif,69
36.66280694347741,-119.828027463507,MCTNet_400km2_California_South-1.tif,69
36.662717111949,-119.87123642867316,MCTNet_400km2_California_South-1.tif,69
36.662717111949,-119.75346729492509,MCTNet_400km2_California_South-1.tif,69
36.662627280420594,-119.79667626009123,MCTNet_400km2_California_South-1.tif,69
36.66253744889218,-119.83988522525738,MCTNet_400km2_California_South-1.tif,69
36.66244761736377,-119.88309419042353,MCTNet_400km2_California_South-1.tif,69
36.66244761736377,-119.76532505667547,MCTNet_400km2_California_South-1.tif,69
36.662357785835354,-119.80853402184161,MCTNet_400km2_California_South-1.tif,69
36.66226795430694,-119.85174298700775,MCTNet_400km2_California_South-1.tif,69
36.66217812277853,-119.89495195217391,MCTNet_400km2_California_South-1.tif,69
36.66217812277853,-119.77718281842584,MCTNet_400km2_California_South-1.tif,69
36.66208829125012,-119.82039178359199,MCTNet_400km2_California_South-1.tif,69
36.66199845972171,-119.86360074875813,MCTNet_400km2_California_South-1.tif,69
36.661908628193295,-119.90680971392429,MCTNet_400km2_California_South-1.tif,69
36.661908628193295,-119.78904058017622,MCTNet_400km2_California_South-1.tif,69
36.66181879666488,-119.83224954534236,MCTNet_400km2_California_South-1.tif,69
36.66172896513647,-119.87545851050851,MCTNet_400km2_California_South-1.tif,69
36.66172896513647,-119.75768937676044,MCTNet_400km2_California_South-1.tif,69
36.66163913360806,-119.8008983419266,MCTNet_400km2_California_South-1.tif,69
36.66154930207965,-119.84410730709274,MCTNet_400km2_California_South-1.tif,69
36.661459470551236,-119.88731627225889,MCTNet_400km2_California_South-1.tif,69
36.661459470551236,-119.76954713851082,MCTNet_400km2_California_South-1.tif,69
36.66136963902282,-119.81275610367697,MCTNet_400km2_California_South-1.tif,69
36.66127980749441,-119.85596506884312,MCTNet_400km2_California_South-1.tif,69
36.661189975965996,-119.89917403400926,MCTNet_400km2_California_South-1.tif,69
36.661189975965996,-119.7814049002612,MCTNet_400km2_California_South-1.tif,69
36.66110014443759,-119.82461386542735,MCTNet_400km2_California_South-1.tif,69
36.66101031290918,-119.8678228305935,MCTNet_400km2_California_South-1.tif,69
36.660920481380764,-119.91103179575964,MCTNet_400km2_California_South-1.tif,69
36.660920481380764,-119.79326266201157,MCTNet_400km2_California_South-1.tif,69
36.66083064985235,-119.83647162717773,MCTNet_400km2_California_South-1.tif,69
36.66074081832394,-119.87968059234387,MCTNet_400km2_California_South-1.tif,69
36.66074081832394,-119.7619114585958,MCTNet_400km2_California_South-1.tif,69
36.66065098679553,-119.80512042376195,MCTNet_400km2_California_South-1.tif,69
36.66056115526712,-119.84832938892811,MCTNet_400km2_California_South-1.tif,69
36.660471323738705,-119.89153835409425,MCTNet_400km2_California_South-1.tif,69
36.660471323738705,-119.77376922034618,MCTNet_400km2_California_South-1.tif,69
36.66038149221029,-119.81697818551233,MCTNet_400km2_California_South-1.tif,69
36.66029166068188,-119.86018715067848,MCTNet_400km2_California_South-1.tif,69
36.660201829153465,-119.90339611584463,MCTNet_400km2_California_South-1.tif,69
36.660201829153465,-119.78562698209656,MCTNet_400km2_California_South-1.tif,69
36.66011199762506,-119.8288359472627,MCTNet_400km2_California_South-1.tif,69
36.660022166096645,-119.87204491242886,MCTNet_400km2_California_South-1.tif,69
36.660022166096645,-119.75427577868079,MCTNet_400km2_California_South-1.tif,69
36.65993233456823,-119.79748474384694,MCTNet_400km2_California_South-1.tif,69
36.65984250303982,-119.84069370901308,MCTNet_400km2_California_South-1.tif,69
36.659752671511406,-119.88390267417924,MCTNet_400km2_California_South-1.tif,69
36.659752671511406,-119.76613354043117,MCTNet_400km2_California_South-1.tif,69
36.659662839983,-119.80934250559731,MCTNet_400km2_California_South-1.tif,69
36.659573008454586,-119.85255147076346,MCTNet_400km2_California_South-1.tif,69
36.65948317692617,-119.89576043592962,MCTNet_400km2_California_South-1.tif,69
36.65948317692617,-119.77799130218155,MCTNet_400km2_California_South-1.tif,69
36.65939334539776,-119.82120026734769,MCTNet_400km2_California_South-1.tif,69
36.65930351386935,-119.86440923251384,MCTNet_400km2_California_South-1.tif,69
36.65921368234093,-119.90761819768,MCTNet_400km2_California_South-1.tif,69
36.65921368234093,-119.78984906393192,MCTNet_400km2_California_South-1.tif,69
36.65912385081253,-119.83305802909807,MCTNet_400km2_California_South-1.tif,69
36.659034019284114,-119.87626699426421,MCTNet_400km2_California_South-1.tif,69
36.659034019284114,-119.75849786051614,MCTNet_400km2_California_South-1.tif,69
36.6589441877557,-119.8017068256823,MCTNet_400km2_California_South-1.tif,69
36.65885435622729,-119.84491579084845,MCTNet_400km2_California_South-1.tif,69
36.658764524698874,-119.88812475601459,MCTNet_400km2_California_South-1.tif,69
36.658764524698874,-119.77035562226652,MCTNet_400km2_California_South-1.tif,69
36.65867469317047,-119.81356458743268,MCTNet_400km2_California_South-1.tif,69
36.658584861642055,-119.85677355259882,MCTNet_400km2_California_South-1.tif,69
36.65849503011364,-119.89998251776497,MCTNet_400km2_California_South-1.tif,69
36.65849503011364,-119.78221338401691,MCTNet_400km2_California_South-1.tif,69
36.65840519858523,-119.82542234918306,MCTNet_400km2_California_South-1.tif,69
36.658315367056815,-119.8686313143492,MCTNet_400km2_California_South-1.tif,69
36.658315367056815,-119.75086218060113,MCTNet_400km2_California_South-1.tif,69
36.6582255355284,-119.79407114576729,MCTNet_400km2_California_South-1.tif,69
36.658135703999996,-119.83728011093343,MCTNet_400km2_California_South-1.tif,69
36.65804587247158,-119.88048907609958,MCTNet_400km2_California_South-1.tif,69
36.65804587247158,-119.76271994235151,MCTNet_400km2_California_South-1.tif,69
36.65795604094317,-119.80592890751767,MCTNet_400km2_California_South-1.tif,69
36.657866209414756,-119.84913787268381,MCTNet_400km2_California_South-1.tif,69
36.65777637788634,-119.89234683784996,MCTNet_400km2_California_South-1.tif,69
36.65777637788634,-119.77457770410189,MCTNet_400km2_California_South-1.tif,69
36.65768654635794,-119.81778666926805,MCTNet_400km2_California_South-1.tif,69
36.65759671482952,-119.86099563443419,MCTNet_400km2_California_South-1.tif,69
36.65750688330111,-119.90420459960033,MCTNet_400km2_California_South-1.tif,69
36.65750688330111,-119.78643546585226,MCTNet_400km2_California_South-1.tif,69
36.6574170517727,-119.82964443101842,MCTNet_400km2_California_South-1.tif,69
36.657327220244284,-119.87285339618457,MCTNet_400km2_California_South-1.tif,69
36.657327220244284,-119.7550842624365,MCTNet_400km2_California_South-1.tif,69
36.65723738871587,-119.79829322760264,MCTNet_400km2_California_South-1.tif,69
36.657147557187464,-119.8415021927688,MCTNet_400km2_California_South-1.tif,69
36.65705772565905,-119.88471115793494,MCTNet_400km2_California_South-1.tif,69
36.65705772565905,-119.76694202418687,MCTNet_400km2_California_South-1.tif,69
36.65696789413064,-119.81015098935302,MCTNet_400km2_California_South-1.tif,69
36.656878062602225,-119.85335995451918,MCTNet_400km2_California_South-1.tif,69
36.65678823107381,-119.89656891968532,MCTNet_400km2_California_South-1.tif,69
36.65678823107381,-119.77879978593725,MCTNet_400km2_California_South-1.tif,69
36.656698399545405,-119.8220087511034,MCTNet_400km2_California_South-1.tif,69
36.65660856801699,-119.86521771626956,MCTNet_400km2_California_South-1.tif,69
36.65651873648858,-119.9084266814357,MCTNet_400km2_California_South-1.tif,69
36.65651873648858,-119.79065754768763,MCTNet_400km2_California_South-1.tif,69
36.656428904960165,-119.83386651285377,MCTNet_400km2_California_South-1.tif,69
36.65633907343175,-119.87707547801993,MCTNet_400km2_California_South-1.tif,69
36.65633907343175,-119.75930634427186,MCTNet_400km2_California_South-1.tif,69
36.65624924190334,-119.80251530943801,MCTNet_400km2_California_South-1.tif,69
36.65615941037493,-119.84572427460415,MCTNet_400km2_California_South-1.tif,69
36.65606957884652,-119.88893323977031,MCTNet_400km2_California_South-1.tif,69
36.65606957884652,-119.77116410602224,MCTNet_400km2_California_South-1.tif,69
36.655979747318106,-119.81437307118838,MCTNet_400km2_California_South-1.tif,69
36.65588991578969,-119.85758203635453,MCTNet_400km2_California_South-1.tif,69
36.65580008426128,-119.90079100152069,MCTNet_400km2_California_South-1.tif,69
36.65580008426128,-119.78302186777262,MCTNet_400km2_California_South-1.tif,69
36.655710252732874,-119.82623083293876,MCTNet_400km2_California_South-1.tif,69
36.65562042120446,-119.8694397981049,MCTNet_400km2_California_South-1.tif,69
36.65562042120446,-119.75167066435684,MCTNet_400km2_California_South-1.tif,69
36.65553058967605,-119.794879629523,MCTNet_400km2_California_South-1.tif,69
36.655440758147634,-119.83808859468914,MCTNet_400km2_California_South-1.tif,69
36.65535092661922,-119.88129755985528,MCTNet_400km2_California_South-1.tif,69
36.65535092661922,-119.76352842610721,MCTNet_400km2_California_South-1.tif,69
36.65526109509081,-119.80673739127337,MCTNet_400km2_California_South-1.tif,69
36.6551712635624,-119.84994635643952,MCTNet_400km2_California_South-1.tif,69
36.65508143203399,-119.89315532160566,MCTNet_400km2_California_South-1.tif,69
36.65508143203399,-119.77538618785759,MCTNet_400km2_California_South-1.tif,69
36.654991600505575,-119.81859515302375,MCTNet_400km2_California_South-1.tif,69
36.65490176897716,-119.8618041181899,MCTNet_400km2_California_South-1.tif,69
36.65481193744875,-119.90501308335604,MCTNet_400km2_California_South-1.tif,69
36.65481193744875,-119.78724394960797,MCTNet_400km2_California_South-1.tif,69
36.65472210592034,-119.83045291477413,MCTNet_400km2_California_South-1.tif,69
36.65463227439193,-119.87366187994027,MCTNet_400km2_California_South-1.tif,69
36.65463227439193,-119.7558927461922,MCTNet_400km2_California_South-1.tif,69
36.654542442863516,-119.79910171135835,MCTNet_400km2_California_South-1.tif,69
36.6544526113351,-119.8423106765245,MCTNet_400km2_California_South-1.tif,69
36.65436277980669,-119.88551964169065,MCTNet_400km2_California_South-1.tif,69
36.65436277980669,-119.76775050794258,MCTNet_400km2_California_South-1.tif,69
36.654272948278276,-119.81095947310872,MCTNet_400km2_California_South-1.tif,69
36.65418311674987,-119.85416843827488,MCTNet_400km2_California_South-1.tif,69
36.65409328522146,-119.89737740344103,MCTNet_400km2_California_South-1.tif,69
36.65409328522146,-119.77960826969296,MCTNet_400km2_California_South-1.tif,69
36.65400345369304,-119.8228172348591,MCTNet_400km2_California_South-1.tif,69
36.65391362216463,-119.86602620002526,MCTNet_400km2_California_South-1.tif,69
36.65382379063622,-119.9092351651914,MCTNet_400km2_California_South-1.tif,69
36.65382379063622,-119.79146603144333,MCTNet_400km2_California_South-1.tif,69
36.65373395910781,-119.83467499660948,MCTNet_400km2_California_South-1.tif,69
36.6536441275794,-119.87788396177564,MCTNet_400km2_California_South-1.tif,69
36.6536441275794,-119.76011482802757,MCTNet_400km2_California_South-1.tif,69
36.653554296050984,-119.80332379319371,MCTNet_400km2_California_South-1.tif,69
36.65346446452257,-119.84653275835987,MCTNet_400km2_California_South-1.tif,69
36.65337463299416,-119.88974172352601,MCTNet_400km2_California_South-1.tif,69
36.65337463299416,-119.77197258977795,MCTNet_400km2_California_South-1.tif,69
36.653284801465745,-119.81518155494409,MCTNet_400km2_California_South-1.tif,69
36.65319496993734,-119.85839052011025,MCTNet_400km2_California_South-1.tif,69
36.653105138408925,-119.90159948527639,MCTNet_400km2_California_South-1.tif,69
36.653105138408925,-119.78383035152832,MCTNet_400km2_California_South-1.tif,69
36.65301530688051,-119.82703931669447,MCTNet_400km2_California_South-1.tif,69
36.6529254753521,-119.87024828186063,MCTNet_400km2_California_South-1.tif,69
36.6529254753521,-119.75247914811256,MCTNet_400km2_California_South-1.tif,69
36.652835643823686,-119.7956881132787,MCTNet_400km2_California_South-1.tif,69
36.65274581229528,-119.83889707844484,MCTNet_400km2_California_South-1.tif,69
36.652655980766866,-119.882106043611,MCTNet_400km2_California_South-1.tif,69
36.652655980766866,-119.76433690986293,MCTNet_400km2_California_South-1.tif,69
36.65256614923845,-119.80754587502908,MCTNet_400km2_California_South-1.tif,69
36.65247631771004,-119.85075484019522,MCTNet_400km2_California_South-1.tif,69
36.652386486181626,-119.89396380536138,MCTNet_400km2_California_South-1.tif,69
36.652386486181626,-119.77619467161331,MCTNet_400km2_California_South-1.tif,69
36.65229665465321,-119.81940363677946,MCTNet_400km2_California_South-1.tif,69
36.65220682312481,-119.8626126019456,MCTNet_400km2_California_South-1.tif,69
36.652116991596394,-119.90582156711176,MCTNet_400km2_California_South-1.tif,69
36.652116991596394,-119.78805243336369,MCTNet_400km2_California_South-1.tif,69
36.65202716006798,-119.83126139852983,MCTNet_400km2_California_South-1.tif,69
36.65193732853957,-119.87447036369598,MCTNet_400km2_California_South-1.tif,69
36.65193732853957,-119.75670122994791,MCTNet_400km2_California_South-1.tif,69
36.651847497011154,-119.79991019511407,MCTNet_400km2_California_South-1.tif,69
36.65175766548275,-119.84311916028021,MCTNet_400km2_California_South-1.tif,69
36.651667833954335,-119.88632812544635,MCTNet_400km2_California_South-1.tif,69
36.651667833954335,-119.76855899169828,MCTNet_400km2_California_South-1.tif,69
36.65157800242592,-119.81176795686444,MCTNet_400km2_California_South-1.tif,69
36.65148817089751,-119.85497692203059,MCTNet_400km2_California_South-1.tif,69
36.651398339369095,-119.89818588719673,MCTNet_400km2_California_South-1.tif,69
36.651398339369095,-119.78041675344866,MCTNet_400km2_California_South-1.tif,69
36.65130850784068,-119.82362571861482,MCTNet_400km2_California_South-1.tif,69
36.651218676312276,-119.86683468378097,MCTNet_400km2_California_South-1.tif,69
36.65112884478386,-119.91004364894711,MCTNet_400km2_California_South-1.tif,69
36.65112884478386,-119.79227451519904,MCTNet_400km2_California_South-1.tif,69
36.65103901325545,-119.8354834803652,MCTNet_400km2_California_South-1.tif,69
36.650949181727036,-119.87869244553134,MCTNet_400km2_California_South-1.tif,69
36.650949181727036,-119.76092331178327,MCTNet_400km2_California_South-1.tif,69
36.65085935019862,-119.80413227694942,MCTNet_400km2_California_South-1.tif,69
36.65076951867022,-119.84734124211558,MCTNet_400km2_California_South-1.tif,69
36.6506796871418,-119.89055020728172,MCTNet_400km2_California_South-1.tif,69
36.6506796871418,-119.77278107353365,MCTNet_400km2_California_South-1.tif,69
36.65058985561339,-119.8159900386998,MCTNet_400km2_California_South-1.tif,69
36.65050002408498,-119.85919900386595,MCTNet_400km2_California_South-1.tif,69
36.65041019255656,-119.9024079690321,MCTNet_400km2_California_South-1.tif,69
36.65041019255656,-119.78463883528403,MCTNet_400km2_California_South-1.tif,69
36.65032036102815,-119.82784780045017,MCTNet_400km2_California_South-1.tif,69
36.650230529499744,-119.87105676561633,MCTNet_400km2_California_South-1.tif,69
36.650230529499744,-119.75328763186826,MCTNet_400km2_California_South-1.tif,69
36.65014069797133,-119.7964965970344,MCTNet_400km2_California_South-1.tif,69
36.65005086644292,-119.83970556220055,MCTNet_400km2_California_South-1.tif,69
36.649961034914504,-119.88291452736671,MCTNet_400km2_California_South-1.tif,69
36.649961034914504,-119.76514539361864,MCTNet_400km2_California_South-1.tif,69
36.64987120338609,-119.80835435878478,MCTNet_400km2_California_South-1.tif,69
36.649781371857685,-119.85156332395093,MCTNet_400km2_California_South-1.tif,69
36.64969154032927,-119.89477228911709,MCTNet_400km2_California_South-1.tif,69
36.64969154032927,-119.77700315536902,MCTNet_400km2_California_South-1.tif,69
36.64960170880086,-119.82021212053516,MCTNet_400km2_California_South-1.tif,69
36.649511877272445,-119.8634210857013,MCTNet_400km2_California_South-1.tif,69
36.64942204574403,-119.90663005086746,MCTNet_400km2_California_South-1.tif,69
36.64942204574403,-119.7888609171194,MCTNet_400km2_California_South-1.tif,69
36.64933221421562,-119.83206988228554,MCTNet_400km2_California_South-1.tif,69
36.64924238268721,-119.87527884745168,MCTNet_400km2_California_South-1.tif,69
36.64924238268721,-119.75750971370361,MCTNet_400km2_California_South-1.tif,69
36.6491525511588,-119.80071867886977,MCTNet_400km2_California_South-1.tif,69
36.649062719630386,-119.84392764403592,MCTNet_400km2_California_South-1.tif,69
36.64897288810197,-119.88713660920206,MCTNet_400km2_California_South-1.tif,69
36.64897288810197,-119.76936747545399,MCTNet_400km2_California_South-1.tif,69
36.64888305657356,-119.81257644062015,MCTNet_400km2_California_South-1.tif,69
36.648793225045154,-119.85578540578629,MCTNet_400km2_California_South-1.tif,69
36.64870339351674,-119.89899437095244,MCTNet_400km2_California_South-1.tif,69
36.64870339351674,-119.78122523720438,MCTNet_400km2_California_South-1.tif,69
36.64861356198833,-119.82443420237053,MCTNet_400km2_California_South-1.tif,69
36.648523730459914,-119.86764316753667,MCTNet_400km2_California_South-1.tif,69
36.6484338989315,-119.91085213270281,MCTNet_400km2_California_South-1.tif,69
36.6484338989315,-119.79308299895476,MCTNet_400km2_California_South-1.tif,69
36.64834406740309,-119.8362919641209,MCTNet_400km2_California_South-1.tif,69
36.64825423587468,-119.87950092928705,MCTNet_400km2_California_South-1.tif,69
36.64825423587468,-119.76173179553898,MCTNet_400km2_California_South-1.tif,69
36.64816440434627,-119.80494076070514,MCTNet_400km2_California_South-1.tif,69
36.648074572817855,-119.84814972587128,MCTNet_400km2_California_South-1.tif,69
36.64798474128944,-119.89135869103742,MCTNet_400km2_California_South-1.tif,69
36.64798474128944,-119.77358955728936,MCTNet_400km2_California_South-1.tif,69
36.64789490976103,-119.81679852245551,MCTNet_400km2_California_South-1.tif,69
36.64780507823262,-119.86000748762166,MCTNet_400km2_California_South-1.tif,69
36.64771524670421,-119.9032164527878,MCTNet_400km2_California_South-1.tif,69
36.64771524670421,-119.78544731903973,MCTNet_400km2_California_South-1.tif,69
36.647625415175796,-119.82865628420589,MCTNet_400km2_California_South-1.tif,69
36.64753558364738,-119.87186524937204,MCTNet_400km2_California_South-1.tif,69
36.64753558364738,-119.75409611562397,MCTNet_400km2_California_South-1.tif,69
36.64744575211897,-119.79730508079011,MCTNet_400km2_California_South-1.tif,69
36.647355920590556,-119.84051404595627,MCTNet_400km2_California_South-1.tif,69
36.64726608906215,-119.88372301112241,MCTNet_400km2_California_South-1.tif,69
36.64726608906215,-119.76595387737434,MCTNet_400km2_California_South-1.tif,69
36.64717625753374,-119.80916284254049,MCTNet_400km2_California_South-1.tif,69
36.64708642600532,-119.85237180770665,MCTNet_400km2_California_South-1.tif,69
36.64699659447691,-119.89558077287279,MCTNet_400km2_California_South-1.tif,69
36.64699659447691,-119.77781163912472,MCTNet_400km2_California_South-1.tif,69
36.6469067629485,-119.82102060429087,MCTNet_400km2_California_South-1.tif,69
36.64681693142009,-119.86422956945702,MCTNet_400km2_California_South-1.tif,69
36.64672709989168,-119.90743853462317,MCTNet_400km2_California_South-1.tif,69
36.64672709989168,-119.7896694008751,MCTNet_400km2_California_South-1.tif,69
36.646637268363264,-119.83287836604124,MCTNet_400km2_California_South-1.tif,69
36.64654743683485,-119.8760873312074,MCTNet_400km2_California_South-1.tif,69
36.64654743683485,-119.75831819745933,MCTNet_400km2_California_South-1.tif,69
36.64645760530644,-119.80152716262548,MCTNet_400km2_California_South-1.tif,69
36.646367773778024,-119.84473612779162,MCTNet_400km2_California_South-1.tif,69
36.64627794224962,-119.88794509295778,MCTNet_400km2_California_South-1.tif,69
36.64627794224962,-119.77017595920971,MCTNet_400km2_California_South-1.tif,69
36.646188110721205,-119.81338492437585,MCTNet_400km2_California_South-1.tif,69
36.64609827919279,-119.856593889542,MCTNet_400km2_California_South-1.tif,69
36.64600844766438,-119.89980285470816,MCTNet_400km2_California_South-1.tif,69
36.64600844766438,-119.78203372096009,MCTNet_400km2_California_South-1.tif,69
36.645918616135965,-119.82524268612623,MCTNet_400km2_California_South-1.tif,69
36.64582878460756,-119.86845165129238,MCTNet_400km2_California_South-1.tif,69
36.64582878460756,-119.7506825175443,MCTNet_400km2_California_South-1.tif,69
36.645738953079146,-119.79389148271046,MCTNet_400km2_California_South-1.tif,69
36.64564912155073,-119.83710044787661,MCTNet_400km2_California_South-1.tif,69
36.64555929002232,-119.88030941304275,MCTNet_400km2_California_South-1.tif,69
36.64555929002232,-119.76254027929468,MCTNet_400km2_California_South-1.tif,69
36.645469458493906,-119.80574924446084,MCTNet_400km2_California_South-1.tif,69
36.64537962696549,-119.84895820962699,MCTNet_400km2_California_South-1.tif,69
36.64528979543709,-119.89216717479313,MCTNet_400km2_California_South-1.tif,69
36.64528979543709,-119.77439804104506,MCTNet_400km2_California_South-1.tif,69
36.645199963908674,-119.81760700621122,MCTNet_400km2_California_South-1.tif,69
36.64511013238026,-119.86081597137736,MCTNet_400km2_California_South-1.tif,69
36.64502030085185,-119.90402493654351,MCTNet_400km2_California_South-1.tif,69
36.64502030085185,-119.78625580279544,MCTNet_400km2_California_South-1.tif,69
36.644930469323434,-119.8294647679616,MCTNet_400km2_California_South-1.tif,69
36.64484063779503,-119.87267373312774,MCTNet_400km2_California_South-1.tif,69
36.64484063779503,-119.75490459937967,MCTNet_400km2_California_South-1.tif,69
36.644750806266615,-119.79811356454582,MCTNet_400km2_California_South-1.tif,69
36.6446609747382,-119.84132252971197,MCTNet_400km2_California_South-1.tif,69
36.64457114320979,-119.88453149487812,MCTNet_400km2_California_South-1.tif,69
36.64457114320979,-119.76676236113005,MCTNet_400km2_California_South-1.tif,69
36.644481311681375,-119.80997132629619,MCTNet_400km2_California_South-1.tif,69
36.64439148015296,-119.85318029146235,MCTNet_400km2_California_South-1.tif,69
36.644301648624555,-119.8963892566285,MCTNet_400km2_California_South-1.tif,69
36.644301648624555,-119.77862012288043,MCTNet_400km2_California_South-1.tif,69
36.64421181709614,-119.82182908804657,MCTNet_400km2_California_South-1.tif,69
36.64412198556773,-119.86503805321273,MCTNet_400km2_California_South-1.tif,69
36.644032154039316,-119.90824701837887,MCTNet_400km2_California_South-1.tif,69
36.644032154039316,-119.7904778846308,MCTNet_400km2_California_South-1.tif,69
36.6439423225109,-119.83368684979695,MCTNet_400km2_California_South-1.tif,69
36.643852490982496,-119.8768958149631,MCTNet_400km2_California_South-1.tif,69
36.643852490982496,-119.75912668121504,MCTNet_400km2_California_South-1.tif,69
36.64376265945408,-119.80233564638118,MCTNet_400km2_California_South-1.tif,69
36.64367282792567,-119.84554461154733,MCTNet_400km2_California_South-1.tif,69
36.64358299639726,-119.88875357671348,MCTNet_400km2_California_South-1.tif,69
36.64358299639726,-119.77098444296541,MCTNet_400km2_California_South-1.tif,69
36.64349316486884,-119.81419340813156,MCTNet_400km2_California_South-1.tif,69
36.64340333334043,-119.85740237329772,MCTNet_400km2_California_South-1.tif,69
36.643313501812024,-119.90061133846386,MCTNet_400km2_California_South-1.tif,69
36.643313501812024,-119.78284220471579,MCTNet_400km2_California_South-1.tif,69
36.64322367028361,-119.82605116988194,MCTNet_400km2_California_South-1.tif,69
36.6431338387552,-119.8692601350481,MCTNet_400km2_California_South-1.tif,69
36.6431338387552,-119.75149100130002,MCTNet_400km2_California_South-1.tif,69
36.643044007226784,-119.79469996646617,MCTNet_400km2_California_South-1.tif,69
36.64295417569837,-119.83790893163231,MCTNet_400km2_California_South-1.tif,69
36.642864344169965,-119.88111789679847,MCTNet_400km2_California_South-1.tif,69
36.642864344169965,-119.7633487630504,MCTNet_400km2_California_South-1.tif,69
36.64277451264155,-119.80655772821655,MCTNet_400km2_California_South-1.tif,69
36.64268468111314,-119.84976669338269,MCTNet_400km2_California_South-1.tif,69
36.642594849584725,-119.89297565854885,MCTNet_400km2_California_South-1.tif,69
36.642594849584725,-119.77520652480078,MCTNet_400km2_California_South-1.tif,69
36.64250501805631,-119.81841548996692,MCTNet_400km2_California_South-1.tif,69
36.6424151865279,-119.86162445513307,MCTNet_400km2_California_South-1.tif,69
36.64232535499949,-119.90483342029923,MCTNet_400km2_California_South-1.tif,69
36.64232535499949,-119.78706428655116,MCTNet_400km2_California_South-1.tif,69
36.64223552347108,-119.8302732517173,MCTNet_400km2_California_South-1.tif,69
36.642145691942666,-119.87348221688345,MCTNet_400km2_California_South-1.tif,69
36.642145691942666,-119.75571308313538,MCTNet_400km2_California_South-1.tif,69
36.64205586041425,-119.79892204830153,MCTNet_400km2_California_South-1.tif,69
36.64196602888584,-119.84213101346768,MCTNet_400km2_California_South-1.tif,69
36.641876197357426,-119.88533997863382,MCTNet_400km2_California_South-1.tif,69
36.641876197357426,-119.76757084488575,MCTNet_400km2_California_South-1.tif,69
36.64178636582902,-119.81077981005191,MCTNet_400km2_California_South-1.tif,69
36.64169653430061,-119.85398877521806,MCTNet_400km2_California_South-1.tif,69
36.641606702772194,-119.8971977403842,MCTNet_400km2_California_South-1.tif,69
36.641606702772194,-119.77942860663613,MCTNet_400km2_California_South-1.tif,69
36.64151687124378,-119.82263757180229,MCTNet_400km2_California_South-1.tif,69
36.64142703971537,-119.86584653696843,MCTNet_400km2_California_South-1.tif,69
36.64133720818696,-119.90905550213458,MCTNet_400km2_California_South-1.tif,69
36.64133720818696,-119.79128636838651,MCTNet_400km2_California_South-1.tif,69
36.64124737665855,-119.83449533355267,MCTNet_400km2_California_South-1.tif,69
36.641157545130135,-119.87770429871881,MCTNet_400km2_California_South-1.tif,69
36.641157545130135,-119.75993516497074,MCTNet_400km2_California_South-1.tif,69
36.64106771360172,-119.80314413013689,MCTNet_400km2_California_South-1.tif,69
36.64097788207331,-119.84635309530304,MCTNet_400km2_California_South-1.tif,69
36.640888050544895,-119.88956206046919,MCTNet_400km2_California_South-1.tif,69
36.640888050544895,-119.77179292672112,MCTNet_400km2_California_South-1.tif,69
36.64079821901649,-119.81500189188726,MCTNet_400km2_California_South-1.tif,69
36.640708387488075,-119.85821085705342,MCTNet_400km2_California_South-1.tif,69
36.64061855595966,-119.90141982221957,MCTNet_400km2_California_South-1.tif,69
36.64061855595966,-119.7836506884715,MCTNet_400km2_California_South-1.tif,69
36.64052872443125,-119.82685965363764,MCTNet_400km2_California_South-1.tif,69
36.640438892902836,-119.8700686188038,MCTNet_400km2_California_South-1.tif,69
36.640438892902836,-119.75229948505573,MCTNet_400km2_California_South-1.tif,69
36.64034906137443,-119.79550845022187,MCTNet_400km2_California_South-1.tif,69
36.640259229846016,-119.83871741538802,MCTNet_400km2_California_South-1.tif,69
36.6401693983176,-119.88192638055418,MCTNet_400km2_California_South-1.tif,69
36.6401693983176,-119.7641572468061,MCTNet_400km2_California_South-1.tif,69
36.64007956678919,-119.80736621197225,MCTNet_400km2_California_South-1.tif,69
36.63998973526078,-119.8505751771384,MCTNet_400km2_California_South-1.tif,69
36.63989990373236,-119.89378414230455,MCTNet_400km2_California_South-1.tif,69
36.63989990373236,-119.77601500855648,MCTNet_400km2_California_South-1.tif,69
36.63981007220396,-119.81922397372263,MCTNet_400km2_California_South-1.tif,69
36.639720240675544,-119.86243293888877,MCTNet_400km2_California_South-1.tif,69
36.63963040914713,-119.90564190405493,MCTNet_400km2_California_South-1.tif,69
36.63963040914713,-119.78787277030686,MCTNet_400km2_California_South-1.tif,69
36.63954057761872,-119.831081735473,MCTNet_400km2_California_South-1.tif,69
36.639450746090304,-119.87429070063915,MCTNet_400km2_California_South-1.tif,69
36.639450746090304,-119.75652156689108,MCTNet_400km2_California_South-1.tif,69
36.6393609145619,-119.79973053205724,MCTNet_400km2_California_South-1.tif,69
36.639271083033485,-119.84293949722338,MCTNet_400km2_California_South-1.tif,69
36.63918125150507,-119.88614846238953,MCTNet_400km2_California_South-1.tif,69
36.63918125150507,-119.76837932864146,MCTNet_400km2_California_South-1.tif,69
36.63909141997666,-119.81158829380762,MCTNet_400km2_California_South-1.tif,69
36.639001588448245,-119.85479725897376,MCTNet_400km2_California_South-1.tif,69
36.63891175691983,-119.8980062241399,MCTNet_400km2_California_South-1.tif,69
36.63891175691983,-119.78023709039184,MCTNet_400km2_California_South-1.tif,69
36.638821925391426,-119.823446055558,MCTNet_400km2_California_South-1.tif,69
36.63873209386301,-119.86665502072414,MCTNet_400km2_California_South-1.tif,69
36.6386422623346,-119.90986398589028,MCTNet_400km2_California_South-1.tif,69
36.6386422623346,-119.79209485214223,MCTNet_400km2_California_South-1.tif,69
36.638552430806186,-119.83530381730837,MCTNet_400km2_California_South-1.tif,69
36.63846259927777,-119.87851278247452,MCTNet_400km2_California_South-1.tif,69
36.63846259927777,-119.76074364872645,MCTNet_400km2_California_South-1.tif,69
36.63837276774937,-119.8039526138926,MCTNet_400km2_California_South-1.tif,69
36.63828293622095,-119.84716157905875,MCTNet_400km2_California_South-1.tif,69
36.63819310469254,-119.8903705442249,MCTNet_400km2_California_South-1.tif,69
36.63819310469254,-119.77260141047682,MCTNet_400km2_California_South-1.tif,69
36.63810327316413,-119.81581037564298,MCTNet_400km2_California_South-1.tif,69
36.638013441635714,-119.85901934080913,MCTNet_400km2_California_South-1.tif,69
36.6379236101073,-119.90222830597527,MCTNet_400km2_California_South-1.tif,69
36.6379236101073,-119.7844591722272,MCTNet_400km2_California_South-1.tif,69
36.637833778578894,-119.82766813739336,MCTNet_400km2_California_South-1.tif,69
36.63774394705048,-119.8708771025595,MCTNet_400km2_California_South-1.tif,69
36.63774394705048,-119.75310796881143,MCTNet_400km2_California_South-1.tif,69
36.63765411552207,-119.79631693397758,MCTNet_400km2_California_South-1.tif,69
36.637564283993655,-119.83952589914374,MCTNet_400km2_California_South-1.tif,69
36.63747445246524,-119.88273486430988,MCTNet_400km2_California_South-1.tif,69
36.63747445246524,-119.76496573056181,MCTNet_400km2_California_South-1.tif,69
36.637384620936835,-119.80817469572796,MCTNet_400km2_California_South-1.tif,69
36.63729478940842,-119.85138366089411,MCTNet_400km2_California_South-1.tif,69
36.63720495788001,-119.89459262606026,MCTNet_400km2_California_South-1.tif,69
36.63720495788001,-119.77682349231219,MCTNet_400km2_California_South-1.tif,69
36.637115126351596,-119.82003245747833,MCTNet_400km2_California_South-1.tif,69
36.63702529482318,-119.86324142264449,MCTNet_400km2_California_South-1.tif,69
36.63693546329477,-119.90645038781064,MCTNet_400km2_California_South-1.tif,69
36.63693546329477,-119.78868125406257,MCTNet_400km2_California_South-1.tif,69
36.63684563176636,-119.83189021922871,MCTNet_400km2_California_South-1.tif,69
36.63675580023795,-119.87509918439487,MCTNet_400km2_California_South-1.tif,69
36.63675580023795,-119.7573300506468,MCTNet_400km2_California_South-1.tif,69
36.636665968709536,-119.80053901581294,MCTNet_400km2_California_South-1.tif,69
36.63657613718112,-119.84374798097909,MCTNet_400km2_California_South-1.tif,69
36.63648630565271,-119.88695694614525,MCTNet_400km2_California_South-1.tif,69
36.63648630565271,-119.76918781239718,MCTNet_400km2_California_South-1.tif,69
36.636396474124304,-119.81239677756332,MCTNet_400km2_California_South-1.tif,69
36.63630664259589,-119.85560574272947,MCTNet_400km2_California_South-1.tif,69
36.63621681106748,-119.89881470789562,MCTNet_400km2_California_South-1.tif,69
36.63621681106748,-119.78104557414756,MCTNet_400km2_California_South-1.tif,69
36.636126979539064,-119.8242545393137,MCTNet_400km2_California_South-1.tif,69
36.63603714801065,-119.86746350447984,MCTNet_400km2_California_South-1.tif,69
36.63594731648224,-119.910672469646,MCTNet_400km2_California_South-1.tif,69
36.63594731648224,-119.79290333589793,MCTNet_400km2_California_South-1.tif,69
36.63585748495383,-119.83611230106408,MCTNet_400km2_California_South-1.tif,69
36.63576765342542,-119.87932126623022,MCTNet_400km2_California_South-1.tif,69
36.63576765342542,-119.76155213248215,MCTNet_400km2_California_South-1.tif,69
36.635677821897005,-119.80476109764831,MCTNet_400km2_California_South-1.tif,69
36.63558799036859,-119.84797006281445,MCTNet_400km2_California_South-1.tif,69
36.63549815884018,-119.8911790279806,MCTNet_400km2_California_South-1.tif,69
36.63549815884018,-119.77340989423253,MCTNet_400km2_California_South-1.tif,69
36.63540832731177,-119.81661885939869,MCTNet_400km2_California_South-1.tif,69
36.63531849578336,-119.85982782456483,MCTNet_400km2_California_South-1.tif,69
36.635228664254946,-119.90303678973098,MCTNet_400km2_California_South-1.tif,69
36.635228664254946,-119.7852676559829,MCTNet_400km2_California_South-1.tif,69
36.63513883272653,-119.82847662114906,MCTNet_400km2_California_South-1.tif,69
36.63504900119812,-119.87168558631521,MCTNet_400km2_California_South-1.tif,69
36.63504900119812,-119.75391645256714,MCTNet_400km2_California_South-1.tif,69
36.634959169669706,-119.79712541773328,MCTNet_400km2_California_South-1.tif,69
36.6348693381413,-119.84033438289944,MCTNet_400km2_California_South-1.tif,69
36.63477950661289,-119.88354334806559,MCTNet_400km2_California_South-1.tif,69
36.63477950661289,-119.76577421431752,MCTNet_400km2_California_South-1.tif,69
36.63468967508447,-119.80898317948366,MCTNet_400km2_California_South-1.tif,69
36.63459984355606,-119.85219214464982,MCTNet_400km2_California_South-1.tif,69
36.63451001202765,-119.89540110981596,MCTNet_400km2_California_South-1.tif,69
36.63451001202765,-119.7776319760679,MCTNet_400km2_California_South-1.tif,69
36.63442018049924,-119.82084094123404,MCTNet_400km2_California_South-1.tif,69
36.63433034897083,-119.8640499064002,MCTNet_400km2_California_South-1.tif,69
36.634240517442414,-119.90725887156634,MCTNet_400km2_California_South-1.tif,69
36.634240517442414,-119.78948973781827,MCTNet_400km2_California_South-1.tif,69
36.634150685914,-119.83269870298442,MCTNet_400km2_California_South-1.tif,69
36.63406085438559,-119.87590766815057,MCTNet_400km2_California_South-1.tif,69
36.63406085438559,-119.7581385344025,MCTNet_400km2_California_South-1.tif,69
36.633971022857175,-119.80134749956865,MCTNet_400km2_California_South-1.tif,69
36.63388119132877,-119.8445564647348,MCTNet_400km2_California_South-1.tif,69
36.633791359800355,-119.88776542990095,MCTNet_400km2_California_South-1.tif,69
36.633791359800355,-119.76999629615288,MCTNet_400km2_California_South-1.tif,69
36.63370152827194,-119.81320526131903,MCTNet_400km2_California_South-1.tif,69
36.63361169674353,-119.85641422648519,MCTNet_400km2_California_South-1.tif,69
36.633521865215116,-119.89962319165133,MCTNet_400km2_California_South-1.tif,69
36.633521865215116,-119.78185405790326,MCTNet_400km2_California_South-1.tif,69
36.63343203368671,-119.8250630230694,MCTNet_400km2_California_South-1.tif,69
36.633342202158296,-119.86827198823556,MCTNet_400km2_California_South-1.tif,69
36.633342202158296,-119.7505028544875,MCTNet_400km2_California_South-1.tif,69
36.63325237062988,-119.79371181965364,MCTNet_400km2_California_South-1.tif,69
36.63316253910147,-119.83692078481978,MCTNet_400km2_California_South-1.tif,69
36.63307270757306,-119.88012974998594,MCTNet_400km2_California_South-1.tif,69
36.63307270757306,-119.76236061623787,MCTNet_400km2_California_South-1.tif,69
36.63298287604464,-119.80556958140401,MCTNet_400km2_California_South-1.tif,69
36.63289304451624,-119.84877854657016,MCTNet_400km2_California_South-1.tif,69
36.632803212987824,-119.89198751173632,MCTNet_400km2_California_South-1.tif,69
36.632803212987824,-119.77421837798825,MCTNet_400km2_California_South-1.tif,69
36.63271338145941,-119.81742734315439,MCTNet_400km2_California_South-1.tif,69
36.632623549931,-119.86063630832054,MCTNet_400km2_California_South-1.tif,69
36.632533718402584,-119.9038452734867,MCTNet_400km2_California_South-1.tif,69
36.632533718402584,-119.78607613973863,MCTNet_400km2_California_South-1.tif,69
36.63244388687418,-119.82928510490477,MCTNet_400km2_California_South-1.tif,69
36.632354055345765,-119.87249407007091,MCTNet_400km2_California_South-1.tif,69
36.632354055345765,-119.75472493632284,MCTNet_400km2_California_South-1.tif,69
36.63226422381735,-119.797933901489,MCTNet_400km2_California_South-1.tif,69
36.63217439228894,-119.84114286665515,MCTNet_400km2_California_South-1.tif,69
36.632084560760525,-119.88435183182129,MCTNet_400km2_California_South-1.tif,69
36.632084560760525,-119.76658269807322,MCTNet_400km2_California_South-1.tif,69
36.63199472923211,-119.80979166323938,MCTNet_400km2_California_South-1.tif,69
36.631904897703706,-119.85300062840552,MCTNet_400km2_California_South-1.tif,69
36.63181506617529,-119.89620959357167,MCTNet_400km2_California_South-1.tif,69
36.63181506617529,-119.7784404598236,MCTNet_400km2_California_South-1.tif,69
36.63172523464688,-119.82164942498976,MCTNet_400km2_California_South-1.tif,69
36.631635403118466,-119.8648583901559,MCTNet_400km2_California_South-1.tif,69
36.63154557159005,-119.90806735532205,MCTNet_400km2_California_South-1.tif,69
36.63154557159005,-119.79029822157398,MCTNet_400km2_California_South-1.tif,69
36.63145574006165,-119.83350718674014,MCTNet_400km2_California_South-1.tif,69
36.63136590853323,-119.87671615190628,MCTNet_400km2_California_South-1.tif,69
36.63136590853323,-119.75894701815821,MCTNet_400km2_California_South-1.tif,69
36.63127607700482,-119.80215598332435,MCTNet_400km2_California_South-1.tif,69
36.63118624547641,-119.84536494849051,MCTNet_400km2_California_South-1.tif,69
36.63109641394799,-119.88857391365666,MCTNet_400km2_California_South-1.tif,69
36.63109641394799,-119.77080477990859,MCTNet_400km2_California_South-1.tif,69
36.63100658241958,-119.81401374507473,MCTNet_400km2_California_South-1.tif,69
36.630916750891174,-119.85722271024089,MCTNet_400km2_California_South-1.tif,69
36.63082691936276,-119.90043167540703,MCTNet_400km2_California_South-1.tif,69
36.63082691936276,-119.78266254165896,MCTNet_400km2_California_South-1.tif,69
36.63073708783435,-119.82587150682511,MCTNet_400km2_California_South-1.tif,69
36.630647256305934,-119.86908047199127,MCTNet_400km2_California_South-1.tif,69
36.630647256305934,-119.7513113382432,MCTNet_400km2_California_South-1.tif,69
36.63055742477752,-119.79452030340934,MCTNet_400km2_California_South-1.tif,69
36.630467593249115,-119.83772926857549,MCTNet_400km2_California_South-1.tif,69
36.6303777617207,-119.88093823374165,MCTNet_400km2_California_South-1.tif,69
36.6303777617207,-119.76316909999358,MCTNet_400km2_California_South-1.tif,69
36.63028793019229,-119.80637806515972,MCTNet_400km2_California_South-1.tif,69
36.630198098663875,-119.84958703032586,MCTNet_400km2_California_South-1.tif,69
36.63010826713546,-119.89279599549202,MCTNet_400km2_California_South-1.tif,69
36.63010826713546,-119.77502686174395,MCTNet_400km2_California_South-1.tif,69
36.63001843560705,-119.8182358269101,MCTNet_400km2_California_South-1.tif,69
36.62992860407864,-119.86144479207624,MCTNet_400km2_California_South-1.tif,69
36.62983877255023,-119.9046537572424,MCTNet_400km2_California_South-1.tif,69
36.62983877255023,-119.78688462349433,MCTNet_400km2_California_South-1.tif,69
36.629748941021816,-119.83009358866047,MCTNet_400km2_California_South-1.tif,69
36.6296591094934,-119.87330255382662,MCTNet_400km2_California_South-1.tif,69
36.6296591094934,-119.75553342007855,MCTNet_400km2_California_South-1.tif,69
36.62956927796499,-119.79874238524471,MCTNet_400km2_California_South-1.tif,69
36.629479446436584,-119.84195135041085,MCTNet_400km2_California_South-1.tif,69
36.62938961490817,-119.885160315577,MCTNet_400km2_California_South-1.tif,69
36.62938961490817,-119.76739118182893,MCTNet_400km2_California_South-1.tif,69
36.62929978337976,-119.81060014699509,MCTNet_400km2_California_South-1.tif,69
36.629209951851344,-119.85380911216123,MCTNet_400km2_California_South-1.tif,69
36.62912012032293,-119.89701807732737,MCTNet_400km2_California_South-1.tif,69
36.62912012032293,-119.7792489435793,MCTNet_400km2_California_South-1.tif,69
36.789918556180325,-119.7235533959639,MCTNet_400km2_California_South-2.tif,69
36.789738893123506,-119.72993143448116,MCTNet_400km2_California_South-2.tif,69
36.78955923006668,-119.7363094729984,MCTNet_400km2_California_South-2.tif,69
36.78937956700985,-119.74268751151565,MCTNet_400km2_California_South-2.tif,69
36.78919990395303,-119.7490655500329,MCTNet_400km2_California_South-2.tif,69
36.78911007242462,-119.6933700024175,MCTNet_400km2_California_South-2.tif,69
36.788930409367794,-119.69974804093474,MCTNet_400km2_California_South-2.tif,69
36.788750746310974,-119.70612607945199,MCTNet_400km2_California_South-2.tif,69
36.78857108325415,-119.71250411796923,MCTNet_400km2_California_South-2.tif,69
36.78839142019732,-119.71888215648649,MCTNet_400km2_California_South-2.tif,69
36.7882117571405,-119.72526019500373,MCTNet_400km2_California_South-2.tif,69
36.788032094083675,-119.73163823352098,MCTNet_400km2_California_South-2.tif,69
36.78785243102685,-119.73801627203822,MCTNet_400km2_California_South-2.tif,69
36.78767276797003,-119.74439431055548,MCTNet_400km2_California_South-2.tif,69
36.787582936441616,-119.68869876294006,MCTNet_400km2_California_South-2.tif,69
36.78740327338479,-119.69507680145732,MCTNet_400km2_California_South-2.tif,69
36.78722361032797,-119.70145483997456,MCTNet_400km2_California_South-2.tif,69
36.787043947271144,-119.70783287849181,MCTNet_400km2_California_South-2.tif,69
36.78686428421432,-119.71421091700907,MCTNet_400km2_California_South-2.tif,69
36.7866846211575,-119.72058895552631,MCTNet_400km2_California_South-2.tif,69
36.78650495810067,-119.72696699404356,MCTNet_400km2_California_South-2.tif,69
36.78632529504385,-119.7333450325608,MCTNet_400km2_California_South-2.tif,69
36.786145631987026,-119.73972307107806,MCTNet_400km2_California_South-2.tif,69
36.7859659689302,-119.7461011095953,MCTNet_400km2_California_South-2.tif,69
36.785876137401786,-119.6904055619799,MCTNet_400km2_California_South-2.tif,69
36.78569647434497,-119.69678360049714,MCTNet_400km2_California_South-2.tif,69
36.78551681128814,-119.7031616390144,MCTNet_400km2_California_South-2.tif,69
36.78533714823132,-119.70953967753164,MCTNet_400km2_California_South-2.tif,69
36.785157485174494,-119.71591771604889,MCTNet_400km2_California_South-2.tif,69
36.78497782211767,-119.72229575456613,MCTNet_400km2_California_South-2.tif,69
36.78479815906085,-119.72867379308339,MCTNet_400km2_California_South-2.tif,69
36.78461849600402,-119.73505183160063,MCTNet_400km2_California_South-2.tif,69
36.784438832947195,-119.74142987011788,MCTNet_400km2_California_South-2.tif,69
36.784259169890376,-119.74780790863514,MCTNet_400km2_California_South-2.tif,69
36.78416933836196,-119.69211236101972,MCTNet_400km2_California_South-2.tif,69
36.783989675305136,-119.69849039953696,MCTNet_400km2_California_South-2.tif,69
36.78381001224832,-119.70486843805422,MCTNet_400km2_California_South-2.tif,69
36.78363034919149,-119.71124647657147,MCTNet_400km2_California_South-2.tif,69
36.783450686134664,-119.71762451508872,MCTNet_400km2_California_South-2.tif,69
36.783271023077845,-119.72400255360597,MCTNet_400km2_California_South-2.tif,69
36.78309136002102,-119.73038059212321,MCTNet_400km2_California_South-2.tif,69
36.78291169696419,-119.73675863064047,MCTNet_400km2_California_South-2.tif,69
36.78273203390737,-119.7431366691577,MCTNet_400km2_California_South-2.tif,69
36.782552370850546,-119.74951470767496,MCTNet_400km2_California_South-2.tif,69
36.78246253932213,-119.69381916005955,MCTNet_400km2_California_South-2.tif,69
36.78228287626531,-119.7001971985768,MCTNet_400km2_California_South-2.tif,69
36.78210321320849,-119.70657523709404,MCTNet_400km2_California_South-2.tif,69
36.78192355015166,-119.7129532756113,MCTNet_400km2_California_South-2.tif,69
36.78174388709484,-119.71933131412854,MCTNet_400km2_California_South-2.tif,69
36.781564224038014,-119.7257093526458,MCTNet_400km2_California_South-2.tif,69
36.781384560981195,-119.73208739116303,MCTNet_400km2_California_South-2.tif,69
36.78120489792437,-119.73846542968029,MCTNet_400km2_California_South-2.tif,69
36.78102523486754,-119.74484346819754,MCTNet_400km2_California_South-2.tif,69
36.78093540333913,-119.68914792058213,MCTNet_400km2_California_South-2.tif,69
36.78075574028231,-119.69552595909937,MCTNet_400km2_California_South-2.tif,69
36.78057607722548,-119.70190399761663,MCTNet_400km2_California_South-2.tif,69
36.78039641416866,-119.70828203613388,MCTNet_400km2_California_South-2.tif,69
36.78021675111184,-119.71466007465112,MCTNet_400km2_California_South-2.tif,69
36.78003708805501,-119.72103811316838,MCTNet_400km2_California_South-2.tif,69
36.77985742499819,-119.72741615168562,MCTNet_400km2_California_South-2.tif,69
36.779677761941365,-119.73379419020287,MCTNet_400km2_California_South-2.tif,69
36.77949809888454,-119.74017222872011,MCTNet_400km2_California_South-2.tif,69
36.77931843582772,-119.74655026723737,MCTNet_400km2_California_South-2.tif,69
36.779228604299306,-119.69085471962195,MCTNet_400km2_California_South-2.tif,69
36.77904894124248,-119.69723275813921,MCTNet_400km2_California_South-2.tif,69
36.77886927818566,-119.70361079665645,MCTNet_400km2_California_South-2.tif,69
36.77868961512883,-119.7099888351737,MCTNet_400km2_California_South-2.tif,69
36.77850995207201,-119.71636687369094,MCTNet_400km2_California_South-2.tif,69
36.77833028901519,-119.7227449122082,MCTNet_400km2_California_South-2.tif,69
36.77815062595836,-119.72912295072544,MCTNet_400km2_California_South-2.tif,69
36.777970962901534,-119.7355009892427,MCTNet_400km2_California_South-2.tif,69
36.777791299844715,-119.74187902775995,MCTNet_400km2_California_South-2.tif,69
36.77761163678789,-119.74825706627719,MCTNet_400km2_California_South-2.tif,69
36.777521805259475,-119.69256151866178,MCTNet_400km2_California_South-2.tif,69
36.777342142202656,-119.69893955717903,MCTNet_400km2_California_South-2.tif,69
36.77716247914583,-119.70531759569629,MCTNet_400km2_California_South-2.tif,69
36.776982816089,-119.71169563421353,MCTNet_400km2_California_South-2.tif,69
36.77680315303218,-119.71807367273078,MCTNet_400km2_California_South-2.tif,69
36.77662348997536,-119.72445171124802,MCTNet_400km2_California_South-2.tif,69
36.77644382691854,-119.73082974976528,MCTNet_400km2_California_South-2.tif,69
36.77626416386171,-119.73720778828252,MCTNet_400km2_California_South-2.tif,69
36.776084500804885,-119.74358582679977,MCTNet_400km2_California_South-2.tif,69
36.775904837748065,-119.74996386531701,MCTNet_400km2_California_South-2.tif,69
36.77581500621965,-119.69426831770161,MCTNet_400km2_California_South-2.tif,69
36.775635343162826,-119.70064635621885,MCTNet_400km2_California_South-2.tif,69
36.775455680106006,-119.70702439473611,MCTNet_400km2_California_South-2.tif,69
36.77527601704918,-119.71340243325335,MCTNet_400km2_California_South-2.tif,69
36.77509635399235,-119.7197804717706,MCTNet_400km2_California_South-2.tif,69
36.774916690935534,-119.72615851028785,MCTNet_400km2_California_South-2.tif,69
36.77473702787871,-119.7325365488051,MCTNet_400km2_California_South-2.tif,69
36.77455736482188,-119.73891458732236,MCTNet_400km2_California_South-2.tif,69
36.77437770176506,-119.7452926258396,MCTNet_400km2_California_South-2.tif,69
36.77428787023665,-119.68959707822418,MCTNet_400km2_California_South-2.tif,69
36.77410820717982,-119.69597511674144,MCTNet_400km2_California_South-2.tif,69
36.773928544123,-119.70235315525869,MCTNet_400km2_California_South-2.tif,69
36.773748881066176,-119.70873119377593,MCTNet_400km2_California_South-2.tif,69
36.77356921800935,-119.71510923229319,MCTNet_400km2_California_South-2.tif,69
36.77338955495253,-119.72148727081043,MCTNet_400km2_California_South-2.tif,69
36.7732098918957,-119.72786530932768,MCTNet_400km2_California_South-2.tif,69
36.77303022883888,-119.73424334784492,MCTNet_400km2_California_South-2.tif,69
36.77285056578206,-119.74062138636218,MCTNet_400km2_California_South-2.tif,69
36.77267090272523,-119.74699942487942,MCTNet_400km2_California_South-2.tif,69
36.77258107119682,-119.69130387726402,MCTNet_400km2_California_South-2.tif,69
36.77240140814,-119.69768191578126,MCTNet_400km2_California_South-2.tif,69
36.77222174508317,-119.70405995429851,MCTNet_400km2_California_South-2.tif,69
36.772042082026346,-119.71043799281576,MCTNet_400km2_California_South-2.tif,69
36.771862418969526,-119.71681603133301,MCTNet_400km2_California_South-2.tif,69
36.7716827559127,-119.72319406985025,MCTNet_400km2_California_South-2.tif,69
36.77150309285587,-119.7295721083675,MCTNet_400km2_California_South-2.tif,69
36.771323429799054,-119.73595014688476,MCTNet_400km2_California_South-2.tif,69
36.77114376674223,-119.742328185402,MCTNet_400km2_California_South-2.tif,69
36.77096410368541,-119.74870622391926,MCTNet_400km2_California_South-2.tif,69
36.770874272156995,-119.69301067630384,MCTNet_400km2_California_South-2.tif,69
36.77069460910017,-119.6993887148211,MCTNet_400km2_California_South-2.tif,69
36.77051494604334,-119.70576675333834,MCTNet_400km2_California_South-2.tif,69
36.77033528298652,-119.7121447918556,MCTNet_400km2_California_South-2.tif,69
36.770155619929696,-119.71852283037283,MCTNet_400km2_California_South-2.tif,69
36.76997595687288,-119.72490086889009,MCTNet_400km2_California_South-2.tif,69
36.76979629381605,-119.73127890740733,MCTNet_400km2_California_South-2.tif,69
36.769616630759224,-119.73765694592458,MCTNet_400km2_California_South-2.tif,69
36.769436967702404,-119.74403498444183,MCTNet_400km2_California_South-2.tif,69
36.76934713617399,-119.68833943682642,MCTNet_400km2_California_South-2.tif,69
36.769167473117164,-119.69471747534367,MCTNet_400km2_California_South-2.tif,69
36.768987810060345,-119.70109551386092,MCTNet_400km2_California_South-2.tif,69
36.76880814700352,-119.70747355237816,MCTNet_400km2_California_South-2.tif,69
36.76862848394669,-119.71385159089542,MCTNet_400km2_California_South-2.tif,69
36.76844882088987,-119.72022962941266,MCTNet_400km2_California_South-2.tif,69
36.768269157833046,-119.72660766792991,MCTNet_400km2_California_South-2.tif,69
36.76808949477622,-119.73298570644717,MCTNet_400km2_California_South-2.tif,69
36.7679098317194,-119.73936374496441,MCTNet_400km2_California_South-2.tif,69
36.767730168662574,-119.74574178348166,MCTNet_400km2_California_South-2.tif,69
36.76764033713416,-119.69004623586625,MCTNet_400km2_California_South-2.tif,69
36.76746067407734,-119.6964242743835,MCTNet_400km2_California_South-2.tif,69
36.767281011020515,-119.70280231290074,MCTNet_400km2_California_South-2.tif,69
36.76710134796369,-119.709180351418,MCTNet_400km2_California_South-2.tif,69
36.76692168490687,-119.71555838993524,MCTNet_400km2_California_South-2.tif,69
36.76674202185004,-119.7219364284525,MCTNet_400km2_California_South-2.tif,69
36.766562358793216,-119.72831446696974,MCTNet_400km2_California_South-2.tif,69
36.7663826957364,-119.73469250548699,MCTNet_400km2_California_South-2.tif,69
36.76620303267957,-119.74107054400423,MCTNet_400km2_California_South-2.tif,69
36.76602336962275,-119.74744858252149,MCTNet_400km2_California_South-2.tif,69
36.76593353809434,-119.69175303490607,MCTNet_400km2_California_South-2.tif,69
36.76575387503751,-119.69813107342333,MCTNet_400km2_California_South-2.tif,69
36.765574211980685,-119.70450911194057,MCTNet_400km2_California_South-2.tif,69
36.765394548923865,-119.71088715045782,MCTNet_400km2_California_South-2.tif,69
36.76521488586704,-119.71726518897506,MCTNet_400km2_California_South-2.tif,69
36.76503522281022,-119.72364322749232,MCTNet_400km2_California_South-2.tif,69
36.76485555975339,-119.73002126600957,MCTNet_400km2_California_South-2.tif,69
36.764675896696566,-119.73639930452681,MCTNet_400km2_California_South-2.tif,69
36.76449623363975,-119.74277734304407,MCTNet_400km2_California_South-2.tif,69
36.76431657058292,-119.74915538156131,MCTNet_400km2_California_South-2.tif,69
36.76422673905451,-119.69345983394591,MCTNet_400km2_California_South-2.tif,69
36.76404707599769,-119.69983787246315,MCTNet_400km2_California_South-2.tif,69
36.76386741294086,-119.7062159109804,MCTNet_400km2_California_South-2.tif,69
36.763687749884035,-119.71259394949764,MCTNet_400km2_California_South-2.tif,69
36.763508086827215,-119.7189719880149,MCTNet_400km2_California_South-2.tif,69
36.76332842377039,-119.72535002653214,MCTNet_400km2_California_South-2.tif,69
36.76314876071356,-119.7317280650494,MCTNet_400km2_California_South-2.tif,69
36.76296909765674,-119.73810610356664,MCTNet_400km2_California_South-2.tif,69
36.76278943459992,-119.74448414208389,MCTNet_400km2_California_South-2.tif,69
36.7626996030715,-119.68878859446848,MCTNet_400km2_California_South-2.tif,69
36.762519940014684,-119.69516663298573,MCTNet_400km2_California_South-2.tif,69
36.76234027695786,-119.70154467150297,MCTNet_400km2_California_South-2.tif,69
36.76216061390103,-119.70792271002023,MCTNet_400km2_California_South-2.tif,69
36.76198095084421,-119.71430074853747,MCTNet_400km2_California_South-2.tif,69
36.761801287787385,-119.72067878705472,MCTNet_400km2_California_South-2.tif,69
36.76162162473056,-119.72705682557198,MCTNet_400km2_California_South-2.tif,69
36.76144196167374,-119.73343486408922,MCTNet_400km2_California_South-2.tif,69
36.76126229861691,-119.73981290260647,MCTNet_400km2_California_South-2.tif,69
36.76108263556009,-119.74619094112371,MCTNet_400km2_California_South-2.tif,69
36.76099280403168,-119.69049539350831,MCTNet_400km2_California_South-2.tif,69
36.760813140974854,-119.69687343202555,MCTNet_400km2_California_South-2.tif,69
36.76063347791803,-119.70325147054281,MCTNet_400km2_California_South-2.tif,69
36.76045381486121,-119.70962950906005,MCTNet_400km2_California_South-2.tif,69
36.76027415180438,-119.7160075475773,MCTNet_400km2_California_South-2.tif,69
36.76009448874756,-119.72238558609455,MCTNet_400km2_California_South-2.tif,69
36.759914825690736,-119.7287636246118,MCTNet_400km2_California_South-2.tif,69
36.75973516263391,-119.73514166312904,MCTNet_400km2_California_South-2.tif,69
36.75955549957709,-119.7415197016463,MCTNet_400km2_California_South-2.tif,69
36.75937583652026,-119.74789774016354,MCTNet_400km2_California_South-2.tif,69
36.75928600499185,-119.69220219254814,MCTNet_400km2_California_South-2.tif,69
36.75910634193503,-119.69858023106538,MCTNet_400km2_California_South-2.tif,69
36.758926678878204,-119.70495826958263,MCTNet_400km2_California_South-2.tif,69
36.75874701582138,-119.71133630809987,MCTNet_400km2_California_South-2.tif,69
36.75856735276456,-119.71771434661713,MCTNet_400km2_California_South-2.tif,69
36.75838768970773,-119.72409238513438,MCTNet_400km2_California_South-2.tif,69
36.758208026650905,-119.73047042365162,MCTNet_400km2_California_South-2.tif,69
36.758028363594086,-119.73684846216888,MCTNet_400km2_California_South-2.tif,69
36.75784870053726,-119.74322650068612,MCTNet_400km2_California_South-2.tif,69
36.75766903748043,-119.74960453920337,MCTNet_400km2_California_South-2.tif,69
36.75757920595203,-119.69390899158796,MCTNet_400km2_California_South-2.tif,69
36.7573995428952,-119.70028703010522,MCTNet_400km2_California_South-2.tif,69
36.757219879838374,-119.70666506862246,MCTNet_400km2_California_South-2.tif,69
36.757040216781554,-119.71304310713971,MCTNet_400km2_California_South-2.tif,69
36.75686055372473,-119.71942114565695,MCTNet_400km2_California_South-2.tif,69
36.7566808906679,-119.7257991841742,MCTNet_400km2_California_South-2.tif,69
36.75650122761108,-119.73217722269145,MCTNet_400km2_California_South-2.tif,69
36.756321564554256,-119.7385552612087,MCTNet_400km2_California_South-2.tif,69
36.756141901497436,-119.74493329972594,MCTNet_400km2_California_South-2.tif,69
36.75605206996902,-119.68923775211054,MCTNet_400km2_California_South-2.tif,69
36.7558724069122,-119.69561579062778,MCTNet_400km2_California_South-2.tif,69
36.75569274385537,-119.70199382914504,MCTNet_400km2_California_South-2.tif,69
36.75551308079855,-119.70837186766228,MCTNet_400km2_California_South-2.tif,69
36.755333417741724,-119.71474990617953,MCTNet_400km2_California_South-2.tif,69
36.755153754684905,-119.72112794469679,MCTNet_400km2_California_South-2.tif,69
36.75497409162808,-119.72750598321403,MCTNet_400km2_California_South-2.tif,69
36.75479442857125,-119.73388402173128,MCTNet_400km2_California_South-2.tif,69
36.75461476551443,-119.74026206024853,MCTNet_400km2_California_South-2.tif,69
36.754435102457606,-119.74664009876578,MCTNet_400km2_California_South-2.tif,69
36.75434527092919,-119.69094455115037,MCTNet_400km2_California_South-2.tif,69
36.75416560787237,-119.69732258966762,MCTNet_400km2_California_South-2.tif,69
36.75398594481555,-119.70370062818486,MCTNet_400km2_California_South-2.tif,69
36.75380628175872,-119.71007866670212,MCTNet_400km2_California_South-2.tif,69
36.7536266187019,-119.71645670521936,MCTNet_400km2_California_South-2.tif,69
36.753446955645074,-119.72283474373661,MCTNet_400km2_California_South-2.tif,69
36.75326729258825,-119.72921278225385,MCTNet_400km2_California_South-2.tif,69
36.75308762953143,-119.73559082077111,MCTNet_400km2_California_South-2.tif,69
36.7529079664746,-119.74196885928835,MCTNet_400km2_California_South-2.tif,69
36.752728303417776,-119.7483468978056,MCTNet_400km2_California_South-2.tif,69
36.75263847188937,-119.69265135019019,MCTNet_400km2_California_South-2.tif,69
36.75245880883254,-119.69902938870744,MCTNet_400km2_California_South-2.tif,69
36.75227914577572,-119.70540742722469,MCTNet_400km2_California_South-2.tif,69
36.7520994827189,-119.71178546574194,MCTNet_400km2_California_South-2.tif,69
36.75191981966207,-119.7181635042592,MCTNet_400km2_California_South-2.tif,69
36.751740156605244,-119.72454154277644,MCTNet_400km2_California_South-2.tif,69
36.751560493548425,-119.73091958129369,MCTNet_400km2_California_South-2.tif,69
36.7513808304916,-119.73729761981093,MCTNet_400km2_California_South-2.tif,69
36.75120116743478,-119.74367565832819,MCTNet_400km2_California_South-2.tif,69
36.75102150437795,-119.75005369684543,MCTNet_400km2_California_South-2.tif,69
36.75093167284954,-119.69435814923003,MCTNet_400km2_California_South-2.tif,69
36.75075200979271,-119.70073618774727,MCTNet_400km2_California_South-2.tif,69
36.75057234673589,-119.70711422626452,MCTNet_400km2_California_South-2.tif,69
36.75039268367907,-119.71349226478176,MCTNet_400km2_California_South-2.tif,69
36.75021302062225,-119.71987030329902,MCTNet_400km2_California_South-2.tif,69
36.75003335756542,-119.72624834181626,MCTNet_400km2_California_South-2.tif,69
36.749853694508595,-119.73262638033351,MCTNet_400km2_California_South-2.tif,69
36.749674031451775,-119.73900441885075,MCTNet_400km2_California_South-2.tif,69
36.74949436839495,-119.74538245736801,MCTNet_400km2_California_South-2.tif,69
36.749404536866535,-119.6896869097526,MCTNet_400km2_California_South-2.tif,69
36.749224873809716,-119.69606494826985,MCTNet_400km2_California_South-2.tif,69
36.74904521075289,-119.70244298678709,MCTNet_400km2_California_South-2.tif,69
36.74886554769606,-119.70882102530435,MCTNet_400km2_California_South-2.tif,69
36.748685884639244,-119.7151990638216,MCTNet_400km2_California_South-2.tif,69
36.74850622158242,-119.72157710233884,MCTNet_400km2_California_South-2.tif,69
36.74832655852559,-119.7279551408561,MCTNet_400km2_California_South-2.tif,69
36.74814689546877,-119.73433317937334,MCTNet_400km2_California_South-2.tif,69
36.747967232411945,-119.74071121789059,MCTNet_400km2_California_South-2.tif,69
36.74778756935512,-119.74708925640783,MCTNet_400km2_California_South-2.tif,69
36.74769773782671,-119.69139370879243,MCTNet_400km2_California_South-2.tif,69
36.747518074769886,-119.69777174730967,MCTNet_400km2_California_South-2.tif,69
36.74733841171306,-119.70414978582693,MCTNet_400km2_California_South-2.tif,69
36.74715874865624,-119.71052782434417,MCTNet_400km2_California_South-2.tif,69
36.74697908559941,-119.71690586286142,MCTNet_400km2_California_South-2.tif,69
36.74679942254259,-119.72328390137866,MCTNet_400km2_California_South-2.tif,69
36.74661975948577,-119.72966193989592,MCTNet_400km2_California_South-2.tif,69
36.74644009642894,-119.73603997841316,MCTNet_400km2_California_South-2.tif,69
36.74626043337212,-119.74241801693042,MCTNet_400km2_California_South-2.tif,69
36.746080770315295,-119.74879605544767,MCTNet_400km2_California_South-2.tif,69
36.74599093878688,-119.69310050783226,MCTNet_400km2_California_South-2.tif,69
36.745811275730055,-119.6994785463495,MCTNet_400km2_California_South-2.tif,69
36.745631612673236,-119.70585658486675,MCTNet_400km2_California_South-2.tif,69
36.74545194961641,-119.712234623384,MCTNet_400km2_California_South-2.tif,69
36.74527228655959,-119.71861266190125,MCTNet_400km2_California_South-2.tif,69
36.745092623502764,-119.7249907004185,MCTNet_400km2_California_South-2.tif,69
36.74491296044594,-119.73136873893574,MCTNet_400km2_California_South-2.tif,69
36.74473329738912,-119.737746777453,MCTNet_400km2_California_South-2.tif,69
36.74455363433229,-119.74412481597024,MCTNet_400km2_California_South-2.tif,69
36.74446380280388,-119.68842926835484,MCTNet_400km2_California_South-2.tif,69
36.74428413974706,-119.69480730687208,MCTNet_400km2_California_South-2.tif,69
36.74410447669023,-119.70118534538933,MCTNet_400km2_California_South-2.tif,69
36.743924813633406,-119.70756338390657,MCTNet_400km2_California_South-2.tif,69
36.743745150576586,-119.71394142242383,MCTNet_400km2_California_South-2.tif,69
36.74356548751976,-119.72031946094107,MCTNet_400km2_California_South-2.tif,69
36.74338582446293,-119.72669749945833,MCTNet_400km2_California_South-2.tif,69
36.743206161406114,-119.73307553797557,MCTNet_400km2_California_South-2.tif,69
36.74302649834929,-119.73945357649282,MCTNet_400km2_California_South-2.tif,69
36.74284683529246,-119.74583161501008,MCTNet_400km2_California_South-2.tif,69
36.742757003764055,-119.69013606739466,MCTNet_400km2_California_South-2.tif,69
36.74257734070723,-119.6965141059119,MCTNet_400km2_California_South-2.tif,69
36.7423976776504,-119.70289214442916,MCTNet_400km2_California_South-2.tif,69
36.74221801459358,-119.70927018294641,MCTNet_400km2_California_South-2.tif,69
36.742038351536756,-119.71564822146365,MCTNet_400km2_California_South-2.tif,69
36.74185868847993,-119.72202625998091,MCTNet_400km2_California_South-2.tif,69
36.74167902542311,-119.72840429849815,MCTNet_400km2_California_South-2.tif,69
36.741499362366284,-119.7347823370154,MCTNet_400km2_California_South-2.tif,69
36.741319699309464,-119.74116037553264,MCTNet_400km2_California_South-2.tif,69
36.74114003625264,-119.7475384140499,MCTNet_400km2_California_South-2.tif,69
36.741050204724225,-119.69184286643448,MCTNet_400km2_California_South-2.tif,69
36.7408705416674,-119.69822090495174,MCTNet_400km2_California_South-2.tif,69
36.74069087861058,-119.70459894346898,MCTNet_400km2_California_South-2.tif,69
36.74051121555375,-119.71097698198624,MCTNet_400km2_California_South-2.tif,69
36.740331552496926,-119.71735502050348,MCTNet_400km2_California_South-2.tif,69
36.74015188944011,-119.72373305902073,MCTNet_400km2_California_South-2.tif,69
36.73997222638328,-119.73011109753797,MCTNet_400km2_California_South-2.tif,69
36.73979256332646,-119.73648913605523,MCTNet_400km2_California_South-2.tif,69
36.739612900269634,-119.74286717457248,MCTNet_400km2_California_South-2.tif,69
36.73943323721281,-119.74924521308972,MCTNet_400km2_California_South-2.tif,69
36.739343405684394,-119.69354966547431,MCTNet_400km2_California_South-2.tif,69
36.739163742627575,-119.69992770399156,MCTNet_400km2_California_South-2.tif,69
36.73898407957075,-119.70630574250882,MCTNet_400km2_California_South-2.tif,69
36.73880441651393,-119.71268378102606,MCTNet_400km2_California_South-2.tif,69
36.7386247534571,-119.71906181954331,MCTNet_400km2_California_South-2.tif,69
36.738445090400276,-119.72543985806055,MCTNet_400km2_California_South-2.tif,69
36.73826542734346,-119.73181789657781,MCTNet_400km2_California_South-2.tif,69
36.73808576428663,-119.73819593509505,MCTNet_400km2_California_South-2.tif,69
36.737906101229804,-119.7445739736123,MCTNet_400km2_California_South-2.tif,69
36.7378162697014,-119.68887842599689,MCTNet_400km2_California_South-2.tif,69
36.73763660664457,-119.69525646451415,MCTNet_400km2_California_South-2.tif,69
36.737456943587745,-119.70163450303139,MCTNet_400km2_California_South-2.tif,69
36.737277280530925,-119.70801254154864,MCTNet_400km2_California_South-2.tif,69
36.7370976174741,-119.71439058006588,MCTNet_400km2_California_South-2.tif,69
36.73691795441727,-119.72076861858314,MCTNet_400km2_California_South-2.tif,69
36.73673829136045,-119.72714665710038,MCTNet_400km2_California_South-2.tif,69
36.73655862830363,-119.73352469561763,MCTNet_400km2_California_South-2.tif,69
36.7363789652468,-119.73990273413489,MCTNet_400km2_California_South-2.tif,69
36.73619930218998,-119.74628077265213,MCTNet_400km2_California_South-2.tif,69
36.73610947066157,-119.69058522503671,MCTNet_400km2_California_South-2.tif,69
36.73592980760474,-119.69696326355397,MCTNet_400km2_California_South-2.tif,69
36.73575014454792,-119.70334130207122,MCTNet_400km2_California_South-2.tif,69
36.735570481491095,-119.70971934058846,MCTNet_400km2_California_South-2.tif,69
36.73539081843427,-119.71609737910572,MCTNet_400km2_California_South-2.tif,69
36.73521115537745,-119.72247541762296,MCTNet_400km2_California_South-2.tif,69
36.73503149232062,-119.72885345614021,MCTNet_400km2_California_South-2.tif,69
36.7348518292638,-119.73523149465746,MCTNet_400km2_California_South-2.tif,69
36.73467216620698,-119.74160953317471,MCTNet_400km2_California_South-2.tif,69
36.73449250315015,-119.74798757169195,MCTNet_400km2_California_South-2.tif,69
36.73440267162174,-119.69229202407655,MCTNet_400km2_California_South-2.tif,69
36.73422300856492,-119.69867006259379,MCTNet_400km2_California_South-2.tif,69
36.73404334550809,-119.70504810111105,MCTNet_400km2_California_South-2.tif,69
36.73386368245127,-119.71142613962829,MCTNet_400km2_California_South-2.tif,69
36.733684019394445,-119.71780417814554,MCTNet_400km2_California_South-2.tif,69
36.73350435633762,-119.72418221666278,MCTNet_400km2_California_South-2.tif,69
36.7333246932808,-119.73056025518004,MCTNet_400km2_California_South-2.tif,69
36.73314503022397,-119.73693829369729,MCTNet_400km2_California_South-2.tif,69
36.73296536716715,-119.74331633221453,MCTNet_400km2_California_South-2.tif,69
36.73278570411033,-119.74969437073179,MCTNet_400km2_California_South-2.tif,69
36.732695872581914,-119.69399882311637,MCTNet_400km2_California_South-2.tif,69
36.73251620952509,-119.70037686163363,MCTNet_400km2_California_South-2.tif,69
36.73233654646827,-119.70675490015087,MCTNet_400km2_California_South-2.tif,69
36.73215688341144,-119.71313293866812,MCTNet_400km2_California_South-2.tif,69
36.731977220354615,-119.71951097718537,MCTNet_400km2_California_South-2.tif,69
36.731797557297796,-119.72588901570262,MCTNet_400km2_California_South-2.tif,69
36.73161789424097,-119.73226705421986,MCTNet_400km2_California_South-2.tif,69
36.73143823118414,-119.73864509273712,MCTNet_400km2_California_South-2.tif,69
36.73125856812732,-119.74502313125436,MCTNet_400km2_California_South-2.tif,69
36.73116873659891,-119.68932758363896,MCTNet_400km2_California_South-2.tif,69
36.730989073542084,-119.6957056221562,MCTNet_400km2_California_South-2.tif,69
36.730809410485264,-119.70208366067345,MCTNet_400km2_California_South-2.tif,69
36.73062974742844,-119.70846169919069,MCTNet_400km2_California_South-2.tif,69
36.73045008437161,-119.71483973770795,MCTNet_400km2_California_South-2.tif,69
36.73027042131479,-119.72121777622519,MCTNet_400km2_California_South-2.tif,69
36.730090758257965,-119.72759581474244,MCTNet_400km2_California_South-2.tif,69
36.729911095201146,-119.7339738532597,MCTNet_400km2_California_South-2.tif,69
36.72973143214432,-119.74035189177694,MCTNet_400km2_California_South-2.tif,69
36.72955176908749,-119.7467299302942,MCTNet_400km2_California_South-2.tif,69
36.72946193755908,-119.69103438267878,MCTNet_400km2_California_South-2.tif,69
36.72928227450226,-119.69741242119603,MCTNet_400km2_California_South-2.tif,69
36.729102611445434,-119.70379045971328,MCTNet_400km2_California_South-2.tif,69
36.728922948388615,-119.71016849823053,MCTNet_400km2_California_South-2.tif,69
36.72874328533179,-119.71654653674777,MCTNet_400km2_California_South-2.tif,69
36.72856362227496,-119.72292457526503,MCTNet_400km2_California_South-2.tif,69
36.72838395921814,-119.72930261378227,MCTNet_400km2_California_South-2.tif,69
36.728204296161316,-119.73568065229952,MCTNet_400km2_California_South-2.tif,69
36.72802463310449,-119.74205869081676,MCTNet_400km2_California_South-2.tif,69
36.72784497004767,-119.74843672933402,MCTNet_400km2_California_South-2.tif,69
36.72775513851926,-119.6927411817186,MCTNet_400km2_California_South-2.tif,69
36.72757547546243,-119.69911922023586,MCTNet_400km2_California_South-2.tif,69
36.72739581240561,-119.7054972587531,MCTNet_400km2_California_South-2.tif,69
36.727216149348784,-119.71187529727035,MCTNet_400km2_California_South-2.tif,69
36.72703648629196,-119.7182533357876,MCTNet_400km2_California_South-2.tif,69
36.72685682323514,-119.72463137430485,MCTNet_400km2_California_South-2.tif,69
36.72667716017831,-119.7310094128221,MCTNet_400km2_California_South-2.tif,69
36.726497497121485,-119.73738745133934,MCTNet_400km2_California_South-2.tif,69
36.726317834064666,-119.7437654898566,MCTNet_400km2_California_South-2.tif,69
36.72613817100784,-119.75014352837384,MCTNet_400km2_California_South-2.tif,69
36.726048339479426,-119.69444798075844,MCTNet_400km2_California_South-2.tif,69
36.72586867642261,-119.70082601927568,MCTNet_400km2_California_South-2.tif,69
36.72568901336578,-119.70720405779294,MCTNet_400km2_California_South-2.tif,69
36.725509350308954,-119.71358209631018,MCTNet_400km2_California_South-2.tif,69
36.725329687252135,-119.71996013482743,MCTNet_400km2_California_South-2.tif,69
36.72515002419531,-119.72633817334467,MCTNet_400km2_California_South-2.tif,69
36.72497036113849,-119.73271621186193,MCTNet_400km2_California_South-2.tif,69
36.72479069808166,-119.73909425037917,MCTNet_400km2_California_South-2.tif,69
36.724611035024836,-119.74547228889642,MCTNet_400km2_California_South-2.tif,69
36.72452120349642,-119.68977674128101,MCTNet_400km2_California_South-2.tif,69
36.7243415404396,-119.69615477979826,MCTNet_400km2_California_South-2.tif,69
36.72416187738278,-119.7025328183155,MCTNet_400km2_California_South-2.tif,69
36.72398221432596,-119.70891085683276,MCTNet_400km2_California_South-2.tif,69
36.72380255126913,-119.71528889535,MCTNet_400km2_California_South-2.tif,69
36.723622888212304,-119.72166693386725,MCTNet_400km2_California_South-2.tif,69
36.723443225155485,-119.72804497238451,MCTNet_400km2_California_South-2.tif,69
36.72326356209866,-119.73442301090175,MCTNet_400km2_California_South-2.tif,69
36.72308389904183,-119.740801049419,MCTNet_400km2_California_South-2.tif,69
36.72290423598501,-119.74717908793625,MCTNet_400km2_California_South-2.tif,69
36.7228144044566,-119.69148354032085,MCTNet_400km2_California_South-2.tif,69
36.72263474139977,-119.69786157883809,MCTNet_400km2_California_South-2.tif,69
36.72245507834295,-119.70423961735534,MCTNet_400km2_California_South-2.tif,69
36.72227541528613,-119.71061765587258,MCTNet_400km2_California_South-2.tif,69
36.7220957522293,-119.71699569438984,MCTNet_400km2_California_South-2.tif,69
36.72191608917248,-119.72337373290708,MCTNet_400km2_California_South-2.tif,69
36.721736426115655,-119.72975177142433,MCTNet_400km2_California_South-2.tif,69
36.72155676305883,-119.73612980994157,MCTNet_400km2_California_South-2.tif,69
36.72137710000201,-119.74250784845883,MCTNet_400km2_California_South-2.tif,69
36.72119743694518,-119.74888588697607,MCTNet_400km2_California_South-2.tif,69
36.72110760541677,-119.69319033936067,MCTNet_400km2_California_South-2.tif,69
36.72092794235995,-119.69956837787791,MCTNet_400km2_California_South-2.tif,69
36.72074827930312,-119.70594641639516,MCTNet_400km2_California_South-2.tif,69
36.7205686162463,-119.7123244549124,MCTNet_400km2_California_South-2.tif,69
36.72038895318948,-119.71870249342966,MCTNet_400km2_California_South-2.tif,69
36.72020929013265,-119.72508053194692,MCTNet_400km2_California_South-2.tif,69
36.72002962707583,-119.73145857046416,MCTNet_400km2_California_South-2.tif,69
36.719849964019005,-119.73783660898141,MCTNet_400km2_California_South-2.tif,69
36.71967030096218,-119.74421464749865,MCTNet_400km2_California_South-2.tif,69
36.719580469433765,-119.68851909988325,MCTNet_400km2_California_South-2.tif,69
36.719400806376946,-119.69489713840049,MCTNet_400km2_California_South-2.tif,69
36.71922114332012,-119.70127517691775,MCTNet_400km2_California_South-2.tif,69
36.7190414802633,-119.70765321543499,MCTNet_400km2_California_South-2.tif,69
36.718861817206474,-119.71403125395224,MCTNet_400km2_California_South-2.tif,69
36.71868215414965,-119.72040929246948,MCTNet_400km2_California_South-2.tif,69
36.71850249109283,-119.72678733098674,MCTNet_400km2_California_South-2.tif,69
36.718322828036,-119.73316536950398,MCTNet_400km2_California_South-2.tif,69
36.718143164979175,-119.73954340802123,MCTNet_400km2_California_South-2.tif,69
36.717963501922355,-119.74592144653847,MCTNet_400km2_California_South-2.tif,69
36.71787367039394,-119.69022589892307,MCTNet_400km2_California_South-2.tif,69
36.717694007337116,-119.69660393744032,MCTNet_400km2_California_South-2.tif,69
36.717514344280296,-119.70298197595757,MCTNet_400km2_California_South-2.tif,69
36.71733468122347,-119.70936001447481,MCTNet_400km2_California_South-2.tif,69
36.71715501816664,-119.71573805299207,MCTNet_400km2_California_South-2.tif,69
36.716975355109824,-119.72211609150932,MCTNet_400km2_California_South-2.tif,69
36.716795692053,-119.72849413002656,MCTNet_400km2_California_South-2.tif,69
36.71661602899617,-119.73487216854382,MCTNet_400km2_California_South-2.tif,69
36.71643636593935,-119.74125020706106,MCTNet_400km2_California_South-2.tif,69
36.716256702882525,-119.74762824557831,MCTNet_400km2_California_South-2.tif,69
36.71616687135411,-119.6919326979629,MCTNet_400km2_California_South-2.tif,69
36.71598720829729,-119.69831073648015,MCTNet_400km2_California_South-2.tif,69
36.715807545240466,-119.7046887749974,MCTNet_400km2_California_South-2.tif,69
36.71562788218364,-119.71106681351465,MCTNet_400km2_California_South-2.tif,69
36.71544821912682,-119.71744485203189,MCTNet_400km2_California_South-2.tif,69
36.715268556069994,-119.72382289054914,MCTNet_400km2_California_South-2.tif,69
36.715088893013174,-119.73020092906638,MCTNet_400km2_California_South-2.tif,69
36.71490922995635,-119.73657896758364,MCTNet_400km2_California_South-2.tif,69
36.71472956689952,-119.74295700610088,MCTNet_400km2_California_South-2.tif,69
36.7145499038427,-119.74933504461814,MCTNet_400km2_California_South-2.tif,69
36.71446007231429,-119.69363949700272,MCTNet_400km2_California_South-2.tif,69
36.71428040925746,-119.70001753551998,MCTNet_400km2_California_South-2.tif,69
36.71410074620064,-119.70639557403722,MCTNet_400km2_California_South-2.tif,69
36.713921083143816,-119.71277361255447,MCTNet_400km2_California_South-2.tif,69
36.71374142008699,-119.71915165107173,MCTNet_400km2_California_South-2.tif,69
36.71356175703017,-119.72552968958897,MCTNet_400km2_California_South-2.tif,69
36.713382093973344,-119.73190772810622,MCTNet_400km2_California_South-2.tif,69
36.71320243091652,-119.73828576662346,MCTNet_400km2_California_South-2.tif,69
36.7130227678597,-119.74466380514072,MCTNet_400km2_California_South-2.tif,69
36.712932936331285,-119.6889682575253,MCTNet_400km2_California_South-2.tif,69
36.71275327327446,-119.69534629604256,MCTNet_400km2_California_South-2.tif,69
36.71257361021764,-119.7017243345598,MCTNet_400km2_California_South-2.tif,69
36.71239394716081,-119.70810237307705,MCTNet_400km2_California_South-2.tif,69
36.712214284103986,-119.7144804115943,MCTNet_400km2_California_South-2.tif,69
36.71203462104717,-119.72085845011155,MCTNet_400km2_California_South-2.tif,69
36.71185495799034,-119.72723648862879,MCTNet_400km2_California_South-2.tif,69
36.711675294933514,-119.73361452714605,MCTNet_400km2_California_South-2.tif,69
36.711495631876694,-119.73999256566329,MCTNet_400km2_California_South-2.tif,69
36.71131596881987,-119.74637060418054,MCTNet_400km2_California_South-2.tif,69
36.711226137291455,-119.69067505656513,MCTNet_400km2_California_South-2.tif,69
36.711046474234635,-119.69705309508238,MCTNet_400km2_California_South-2.tif,69
36.71086681117781,-119.70343113359962,MCTNet_400km2_California_South-2.tif,69
36.71068714812098,-119.70980917211688,MCTNet_400km2_California_South-2.tif,69
36.71050748506416,-119.71618721063413,MCTNet_400km2_California_South-2.tif,69
36.710327822007336,-119.72256524915137,MCTNet_400km2_California_South-2.tif,69
36.71014815895052,-119.72894328766863,MCTNet_400km2_California_South-2.tif,69
36.70996849589369,-119.73532132618587,MCTNet_400km2_California_South-2.tif,69
36.709788832836864,-119.74169936470312,MCTNet_400km2_California_South-2.tif,69
36.709609169780045,-119.74807740322036,MCTNet_400km2_California_South-2.tif,69
36.70951933825163,-119.69238185560496,MCTNet_400km2_California_South-2.tif,69
36.709339675194805,-119.6987598941222,MCTNet_400km2_California_South-2.tif,69
36.709160012137986,-119.70513793263946,MCTNet_400km2_California_South-2.tif,69
36.70898034908116,-119.7115159711567,MCTNet_400km2_California_South-2.tif,69
36.70880068602433,-119.71789400967396,MCTNet_400km2_California_South-2.tif,69
36.70862102296751,-119.7242720481912,MCTNet_400km2_California_South-2.tif,69
36.70844135991069,-119.73065008670845,MCTNet_400km2_California_South-2.tif,69
36.70826169685386,-119.73702812522569,MCTNet_400km2_California_South-2.tif,69
36.70808203379704,-119.74340616374295,MCTNet_400km2_California_South-2.tif,69
36.707902370740214,-119.7497842022602,MCTNet_400km2_California_South-2.tif,69
36.7078125392118,-119.69408865464479,MCTNet_400km2_California_South-2.tif,69
36.70763287615498,-119.70046669316203,MCTNet_400km2_California_South-2.tif,69
36.707453213098155,-119.70684473167928,MCTNet_400km2_California_South-2.tif,69
36.70727355004133,-119.71322277019654,MCTNet_400km2_California_South-2.tif,69
36.70709388698451,-119.71960080871378,MCTNet_400km2_California_South-2.tif,69
36.70691422392768,-119.72597884723103,MCTNet_400km2_California_South-2.tif,69
36.706734560870856,-119.73235688574827,MCTNet_400km2_California_South-2.tif,69
36.70655489781404,-119.73873492426553,MCTNet_400km2_California_South-2.tif,69
36.70637523475721,-119.74511296278277,MCTNet_400km2_California_South-2.tif,69
36.7062854032288,-119.68941741516737,MCTNet_400km2_California_South-2.tif,69
36.70610574017198,-119.69579545368461,MCTNet_400km2_California_South-2.tif,69
36.70592607711515,-119.70217349220187,MCTNet_400km2_California_South-2.tif,69
36.705746414058325,-119.7085515307191,MCTNet_400km2_California_South-2.tif,69
36.705566751001506,-119.71492956923636,MCTNet_400km2_California_South-2.tif,69
36.70538708794468,-119.7213076077536,MCTNet_400km2_California_South-2.tif,69
36.70520742488785,-119.72768564627086,MCTNet_400km2_California_South-2.tif,69
36.70502776183103,-119.7340636847881,MCTNet_400km2_California_South-2.tif,69
36.70484809877421,-119.74044172330535,MCTNet_400km2_California_South-2.tif,69
36.70466843571739,-119.74681976182261,MCTNet_400km2_California_South-2.tif,69
36.704578604188974,-119.69112421420719,MCTNet_400km2_California_South-2.tif,69
36.70439894113215,-119.69750225272443,MCTNet_400km2_California_South-2.tif,69
36.70421927807532,-119.70388029124169,MCTNet_400km2_California_South-2.tif,69
36.7040396150185,-119.71025832975894,MCTNet_400km2_California_South-2.tif,69
36.703859951961675,-119.71663636827618,MCTNet_400km2_California_South-2.tif,69
36.703680288904856,-119.72301440679344,MCTNet_400km2_California_South-2.tif,69
36.70350062584803,-119.72939244531068,MCTNet_400km2_California_South-2.tif,69
36.7033209627912,-119.73577048382793,MCTNet_400km2_California_South-2.tif,69
36.70314129973438,-119.74214852234518,MCTNet_400km2_California_South-2.tif,69
36.70296163667756,-119.74852656086243,MCTNet_400km2_California_South-2.tif,69
36.702871805149144,-119.69283101324702,MCTNet_400km2_California_South-2.tif,69
36.702692142092324,-119.69920905176427,MCTNet_400km2_California_South-2.tif,69
36.7025124790355,-119.70558709028151,MCTNet_400km2_California_South-2.tif,69
36.70233281597867,-119.71196512879877,MCTNet_400km2_California_South-2.tif,69
36.70215315292185,-119.71834316731601,MCTNet_400km2_California_South-2.tif,69
36.701973489865026,-119.72472120583326,MCTNet_400km2_California_South-2.tif,69
36.7017938268082,-119.7310992443505,MCTNet_400km2_California_South-2.tif,69
36.70161416375138,-119.73747728286776,MCTNet_400km2_California_South-2.tif,69
36.70143450069455,-119.74385532138501,MCTNet_400km2_California_South-2.tif,69
36.70125483763773,-119.75023335990225,MCTNet_400km2_California_South-2.tif,69
36.70116500610932,-119.69453781228684,MCTNet_400km2_California_South-2.tif,69
36.700985343052494,-119.7009158508041,MCTNet_400km2_California_South-2.tif,69
36.70080567999567,-119.70729388932135,MCTNet_400km2_California_South-2.tif,69
36.70062601693885,-119.71367192783859,MCTNet_400km2_California_South-2.tif,69
36.70044635388202,-119.72004996635584,MCTNet_400km2_California_South-2.tif,69
36.700266690825195,-119.72642800487309,MCTNet_400km2_California_South-2.tif,69
36.700087027768376,-119.73280604339034,MCTNet_400km2_California_South-2.tif,69
36.69990736471155,-119.73918408190758,MCTNet_400km2_California_South-2.tif,69
36.69972770165473,-119.74556212042484,MCTNet_400km2_California_South-2.tif,69
36.69963787012632,-119.68986657280942,MCTNet_400km2_California_South-2.tif,69
36.69945820706949,-119.69624461132668,MCTNet_400km2_California_South-2.tif,69
36.699278544012664,-119.70262264984392,MCTNet_400km2_California_South-2.tif,69
36.699098880955844,-119.70900068836117,MCTNet_400km2_California_South-2.tif,69
36.69891921789902,-119.71537872687841,MCTNet_400km2_California_South-2.tif,69
36.6987395548422,-119.72175676539567,MCTNet_400km2_California_South-2.tif,69
36.69855989178537,-119.72813480391291,MCTNet_400km2_California_South-2.tif,69
36.698380228728546,-119.73451284243016,MCTNet_400km2_California_South-2.tif,69
36.698200565671726,-119.74089088094742,MCTNet_400km2_California_South-2.tif,69
36.6980209026149,-119.74726891946466,MCTNet_400km2_California_South-2.tif,69
36.69793107108649,-119.69157337184924,MCTNet_400km2_California_South-2.tif,69
36.69775140802967,-119.6979514103665,MCTNet_400km2_California_South-2.tif,69
36.69757174497284,-119.70432944888375,MCTNet_400km2_California_South-2.tif,69
36.697392081916014,-119.710707487401,MCTNet_400km2_California_South-2.tif,69
36.697212418859195,-119.71708552591825,MCTNet_400km2_California_South-2.tif,69
36.69703275580237,-119.72346356443549,MCTNet_400km2_California_South-2.tif,69
36.69685309274554,-119.72984160295275,MCTNet_400km2_California_South-2.tif,69
36.69667342968872,-119.73621964146999,MCTNet_400km2_California_South-2.tif,69
36.696493766631896,-119.74259767998724,MCTNet_400km2_California_South-2.tif,69
36.69631410357507,-119.74897571850448,MCTNet_400km2_California_South-2.tif,69
36.69622427204666,-119.69328017088908,MCTNet_400km2_California_South-2.tif,69
36.69604460898984,-119.69965820940632,MCTNet_400km2_California_South-2.tif,69
36.69586494593301,-119.70603624792358,MCTNet_400km2_California_South-2.tif,69
36.69568528287619,-119.71241428644082,MCTNet_400km2_California_South-2.tif,69
36.695505619819365,-119.71879232495807,MCTNet_400km2_California_South-2.tif,69
36.69532595676254,-119.72517036347531,MCTNet_400km2_California_South-2.tif,69
36.69514629370572,-119.73154840199257,MCTNet_400km2_California_South-2.tif,69
36.69496663064889,-119.73792644050982,MCTNet_400km2_California_South-2.tif,69
36.69478696759207,-119.74430447902706,MCTNet_400km2_California_South-2.tif,69
36.69469713606366,-119.68860893141165,MCTNet_400km2_California_South-2.tif,69
36.69451747300683,-119.6949869699289,MCTNet_400km2_California_South-2.tif,69
36.69433780995001,-119.70136500844616,MCTNet_400km2_California_South-2.tif,69
36.69415814689319,-119.7077430469634,MCTNet_400km2_California_South-2.tif,69
36.69397848383636,-119.71412108548066,MCTNet_400km2_California_South-2.tif,69
36.69379882077954,-119.7204991239979,MCTNet_400km2_California_South-2.tif,69
36.693619157722715,-119.72687716251515,MCTNet_400km2_California_South-2.tif,69
36.69343949466589,-119.73325520103239,MCTNet_400km2_California_South-2.tif,69
36.69325983160907,-119.73963323954965,MCTNet_400km2_California_South-2.tif,69
36.69308016855224,-119.74601127806689,MCTNet_400km2_California_South-2.tif,69
36.69299033702383,-119.69031573045149,MCTNet_400km2_California_South-2.tif,69
36.69281067396701,-119.69669376896873,MCTNet_400km2_California_South-2.tif,69
36.69263101091018,-119.70307180748598,MCTNet_400km2_California_South-2.tif,69
36.69245134785336,-119.70944984600322,MCTNet_400km2_California_South-2.tif,69
36.69227168479654,-119.71582788452048,MCTNet_400km2_California_South-2.tif,69
36.69209202173971,-119.72220592303772,MCTNet_400km2_California_South-2.tif,69
36.691912358682885,-119.72858396155497,MCTNet_400km2_California_South-2.tif,69
36.691732695626065,-119.73496200007223,MCTNet_400km2_California_South-2.tif,69
36.69155303256924,-119.74134003858947,MCTNet_400km2_California_South-2.tif,69
36.69137336951241,-119.74771807710673,MCTNet_400km2_California_South-2.tif,69
36.691283537984006,-119.69202252949131,MCTNet_400km2_California_South-2.tif,69
36.69110387492718,-119.69840056800857,MCTNet_400km2_California_South-2.tif,69
36.69092421187035,-119.7047786065258,MCTNet_400km2_California_South-2.tif,69
36.690744548813534,-119.71115664504306,MCTNet_400km2_California_South-2.tif,69
36.69056488575671,-119.7175346835603,MCTNet_400km2_California_South-2.tif,69
36.69038522269988,-119.72391272207756,MCTNet_400km2_California_South-2.tif,69
36.69020555964306,-119.7302907605948,MCTNet_400km2_California_South-2.tif,69
36.690025896586235,-119.73666879911205,MCTNet_400km2_California_South-2.tif,69
36.689846233529416,-119.7430468376293,MCTNet_400km2_California_South-2.tif,69
36.68966657047259,-119.74942487614655,MCTNet_400km2_California_South-2.tif,69
36.689576738944176,-119.69372932853113,MCTNet_400km2_California_South-2.tif,69
36.68939707588735,-119.70010736704839,MCTNet_400km2_California_South-2.tif,69
36.68921741283053,-119.70648540556563,MCTNet_400km2_California_South-2.tif,69
36.6890377497737,-119.71286344408288,MCTNet_400km2_California_South-2.tif,69
36.688858086716884,-119.71924148260013,MCTNet_400km2_California_South-2.tif,69
36.68867842366006,-119.72561952111738,MCTNet_400km2_California_South-2.tif,69
36.68849876060323,-119.73199755963464,MCTNet_400km2_California_South-2.tif,69
36.68831909754641,-119.73837559815188,MCTNet_400km2_California_South-2.tif,69
36.688139434489585,-119.74475363666913,MCTNet_400km2_California_South-2.tif,69
36.68804960296117,-119.68905808905372,MCTNet_400km2_California_South-2.tif,69
36.68786993990435,-119.69543612757097,MCTNet_400km2_California_South-2.tif,69
36.687690276847526,-119.70181416608821,MCTNet_400km2_California_South-2.tif,69
36.6875106137907,-119.70819220460547,MCTNet_400km2_California_South-2.tif,69
36.68733095073388,-119.71457024312271,MCTNet_400km2_California_South-2.tif,69
36.687151287677054,-119.72094828163996,MCTNet_400km2_California_South-2.tif,69
36.68697162462023,-119.7273263201572,MCTNet_400km2_California_South-2.tif,69
36.68679196156341,-119.73370435867446,MCTNet_400km2_California_South-2.tif,69
36.68661229850658,-119.7400823971917,MCTNet_400km2_California_South-2.tif,69
36.686432635449755,-119.74646043570895,MCTNet_400km2_California_South-2.tif,69
36.68634280392135,-119.69076488809354,MCTNet_400km2_California_South-2.tif,69
36.68616314086452,-119.6971429266108,MCTNet_400km2_California_South-2.tif,69
36.685983477807696,-119.70352096512804,MCTNet_400km2_California_South-2.tif,69
36.68580381475088,-119.70989900364529,MCTNet_400km2_California_South-2.tif,69
36.68562415169405,-119.71627704216253,MCTNet_400km2_California_South-2.tif,69
36.68544448863722,-119.72265508067979,MCTNet_400km2_California_South-2.tif,69
36.685264825580404,-119.72903311919704,MCTNet_400km2_California_South-2.tif,69
36.68508516252358,-119.73541115771428,MCTNet_400km2_California_South-2.tif,69
36.68490549946676,-119.74178919623154,MCTNet_400km2_California_South-2.tif,69
36.68472583640993,-119.74816723474878,MCTNet_400km2_California_South-2.tif,69
36.68463600488152,-119.69247168713338,MCTNet_400km2_California_South-2.tif,69
36.68445634182469,-119.69884972565062,MCTNet_400km2_California_South-2.tif,69
36.68427667876787,-119.70522776416787,MCTNet_400km2_California_South-2.tif,69
36.684097015711046,-119.71160580268511,MCTNet_400km2_California_South-2.tif,69
36.68391735265423,-119.71798384120237,MCTNet_400km2_California_South-2.tif,69
36.6837376895974,-119.72436187971961,MCTNet_400km2_California_South-2.tif,69
36.683558026540574,-119.73073991823686,MCTNet_400km2_California_South-2.tif,69
36.683378363483754,-119.7371179567541,MCTNet_400km2_California_South-2.tif,69
36.68319870042693,-119.74349599527136,MCTNet_400km2_California_South-2.tif,69
36.6830190373701,-119.7498740337886,MCTNet_400km2_California_South-2.tif,69
36.682929205841695,-119.6941784861732,MCTNet_400km2_California_South-2.tif,69
36.68274954278487,-119.70055652469044,MCTNet_400km2_California_South-2.tif,69
36.68256987972804,-119.7069345632077,MCTNet_400km2_California_South-2.tif,69
36.68239021667122,-119.71331260172494,MCTNet_400km2_California_South-2.tif,69
36.6822105536144,-119.71969064024219,MCTNet_400km2_California_South-2.tif,69
36.68203089055757,-119.72606867875945,MCTNet_400km2_California_South-2.tif,69
36.68185122750075,-119.73244671727669,MCTNet_400km2_California_South-2.tif,69
36.681671564443924,-119.73882475579394,MCTNet_400km2_California_South-2.tif,69
36.6814919013871,-119.74520279431118,MCTNet_400km2_California_South-2.tif,69
36.68140206985869,-119.68950724669578,MCTNet_400km2_California_South-2.tif,69
36.681222406801865,-119.69588528521302,MCTNet_400km2_California_South-2.tif,69
36.68104274374504,-119.70226332373028,MCTNet_400km2_California_South-2.tif,69
36.68086308068822,-119.70864136224752,MCTNet_400km2_California_South-2.tif,69
36.68068341763139,-119.71501940076477,MCTNet_400km2_California_South-2.tif,69
36.680503754574566,-119.72139743928201,MCTNet_400km2_California_South-2.tif,69
36.68032409151775,-119.72777547779927,MCTNet_400km2_California_South-2.tif,69
36.68014442846092,-119.73415351631651,MCTNet_400km2_California_South-2.tif,69
36.6799647654041,-119.74053155483377,MCTNet_400km2_California_South-2.tif,69
36.679785102347275,-119.746909593351,MCTNet_400km2_California_South-2.tif,69
36.67969527081886,-119.6912140457356,MCTNet_400km2_California_South-2.tif,69
36.679515607762035,-119.69759208425285,MCTNet_400km2_California_South-2.tif,69
36.679335944705215,-119.7039701227701,MCTNet_400km2_California_South-2.tif,69
36.67915628164839,-119.71034816128734,MCTNet_400km2_California_South-2.tif,69
36.67897661859157,-119.7167261998046,MCTNet_400km2_California_South-2.tif,69
36.67879695553474,-119.72310423832185,MCTNet_400km2_California_South-2.tif,69
36.67861729247792,-119.7294822768391,MCTNet_400km2_California_South-2.tif,69
36.6784376294211,-119.73586031535635,MCTNet_400km2_California_South-2.tif,69
36.67825796636427,-119.74223835387359,MCTNet_400km2_California_South-2.tif,69
36.678078303307444,-119.74861639239084,MCTNet_400km2_California_South-2.tif,69
36.67798847177904,-119.69292084477543,MCTNet_400km2_California_South-2.tif,69
36.67780880872221,-119.69929888329268,MCTNet_400km2_California_South-2.tif,69
36.677629145665385,-119.70567692180992,MCTNet_400km2_California_South-2.tif,69
36.677449482608566,-119.71205496032718,MCTNet_400km2_California_South-2.tif,69
36.67726981955174,-119.71843299884442,MCTNet_400km2_California_South-2.tif,69
36.67709015649491,-119.72481103736168,MCTNet_400km2_California_South-2.tif,69
36.67691049343809,-119.73118907587892,MCTNet_400km2_California_South-2.tif,69
36.67673083038127,-119.73756711439617,MCTNet_400km2_California_South-2.tif,69
36.67655116732444,-119.74394515291341,MCTNet_400km2_California_South-2.tif,69
36.67637150426762,-119.75032319143067,MCTNet_400km2_California_South-2.tif,69
36.67628167273921,-119.69462764381525,MCTNet_400km2_California_South-2.tif,69
36.67610200968238,-119.70100568233251,MCTNet_400km2_California_South-2.tif,69
36.67592234662556,-119.70738372084975,MCTNet_400km2_California_South-2.tif,69
36.675742683568735,-119.713761759367,MCTNet_400km2_California_South-2.tif,69
36.67556302051191,-119.72013979788426,MCTNet_400km2_California_South-2.tif,69
36.67538335745509,-119.7265178364015,MCTNet_400km2_California_South-2.tif,69
36.67520369439826,-119.73289587491875,MCTNet_400km2_California_South-2.tif,69
36.67502403134144,-119.739273913436,MCTNet_400km2_California_South-2.tif,69
36.67484436828462,-119.74565195195325,MCTNet_400km2_California_South-2.tif,69
36.674754536756204,-119.68995640433783,MCTNet_400km2_California_South-2.tif,69
36.67457487369938,-119.69633444285509,MCTNet_400km2_California_South-2.tif,69
36.67439521064256,-119.70271248137233,MCTNet_400km2_California_South-2.tif,69
36.67421554758573,-119.70909051988959,MCTNet_400km2_California_South-2.tif,69
36.674035884528905,-119.71546855840683,MCTNet_400km2_California_South-2.tif,69
36.673856221472086,-119.72184659692408,MCTNet_400km2_California_South-2.tif,69
36.67367655841526,-119.72822463544132,MCTNet_400km2_California_South-2.tif,69
36.67349689535844,-119.73460267395858,MCTNet_400km2_California_South-2.tif,69
36.67331723230161,-119.74098071247582,MCTNet_400km2_California_South-2.tif,69
36.67313756924479,-119.74735875099307,MCTNet_400km2_California_South-2.tif,69
36.673047737716374,-119.69166320337766,MCTNet_400km2_California_South-2.tif,69
36.672868074659554,-119.69804124189491,MCTNet_400km2_California_South-2.tif,69
36.67268841160273,-119.70441928041215,MCTNet_400km2_California_South-2.tif,69
36.67250874854591,-119.71079731892941,MCTNet_400km2_California_South-2.tif,69
36.67232908548908,-119.71717535744666,MCTNet_400km2_California_South-2.tif,69
36.672149422432256,-119.7235533959639,MCTNet_400km2_California_South-2.tif,69
36.671969759375436,-119.72993143448116,MCTNet_400km2_California_South-2.tif,69
36.67179009631861,-119.7363094729984,MCTNet_400km2_California_South-2.tif,69
36.67161043326178,-119.74268751151565,MCTNet_400km2_California_South-2.tif,69
36.671430770204964,-119.7490655500329,MCTNet_400km2_California_South-2.tif,69
36.67134093867655,-119.6933700024175,MCTNet_400km2_California_South-2.tif,69
36.671161275619724,-119.69974804093474,MCTNet_400km2_California_South-2.tif,69
36.670981612562905,-119.70612607945199,MCTNet_400km2_California_South-2.tif,69
36.67080194950608,-119.71250411796923,MCTNet_400km2_California_South-2.tif,69
36.67062228644925,-119.71888215648649,MCTNet_400km2_California_South-2.tif,69
36.67044262339243,-119.72526019500373,MCTNet_400km2_California_South-2.tif,69
36.670262960335606,-119.73163823352098,MCTNet_400km2_California_South-2.tif,69
36.67008329727878,-119.73801627203822,MCTNet_400km2_California_South-2.tif,69
36.66990363422196,-119.74439431055548,MCTNet_400km2_California_South-2.tif,69
36.66981380269355,-119.68869876294006,MCTNet_400km2_California_South-2.tif,69
36.66963413963672,-119.69507680145732,MCTNet_400km2_California_South-2.tif,69
36.6694544765799,-119.70145483997456,MCTNet_400km2_California_South-2.tif,69
36.669274813523074,-119.70783287849181,MCTNet_400km2_California_South-2.tif,69
36.66909515046625,-119.71421091700907,MCTNet_400km2_California_South-2.tif,69
36.66891548740943,-119.72058895552631,MCTNet_400km2_California_South-2.tif,69
36.6687358243526,-119.72696699404356,MCTNet_400km2_California_South-2.tif,69
36.66855616129578,-119.7333450325608,MCTNet_400km2_California_South-2.tif,69
36.668376498238956,-119.73972307107806,MCTNet_400km2_California_South-2.tif,69
36.66819683518213,-119.7461011095953,MCTNet_400km2_California_South-2.tif,69
36.668107003653716,-119.6904055619799,MCTNet_400km2_California_South-2.tif,69
36.6679273405969,-119.69678360049714,MCTNet_400km2_California_South-2.tif,69
36.66774767754007,-119.7031616390144,MCTNet_400km2_California_South-2.tif,69
36.66756801448325,-119.70953967753164,MCTNet_400km2_California_South-2.tif,69
36.667388351426425,-119.71591771604889,MCTNet_400km2_California_South-2.tif,69
36.6672086883696,-119.72229575456613,MCTNet_400km2_California_South-2.tif,69
36.66702902531278,-119.72867379308339,MCTNet_400km2_California_South-2.tif,69
36.66684936225595,-119.73505183160063,MCTNet_400km2_California_South-2.tif,69
36.666669699199126,-119.74142987011788,MCTNet_400km2_California_South-2.tif,69
36.66649003614231,-119.74780790863514,MCTNet_400km2_California_South-2.tif,69
36.66640020461389,-119.69211236101972,MCTNet_400km2_California_South-2.tif,69
36.66622054155707,-119.69849039953696,MCTNet_400km2_California_South-2.tif,69
36.66604087850025,-119.70486843805422,MCTNet_400km2_California_South-2.tif,69
36.66586121544342,-119.71124647657147,MCTNet_400km2_California_South-2.tif,69
36.665681552386594,-119.71762451508872,MCTNet_400km2_California_South-2.tif,69
36.665501889329775,-119.72400255360597,MCTNet_400km2_California_South-2.tif,69
36.66532222627295,-119.73038059212321,MCTNet_400km2_California_South-2.tif,69
36.66514256321612,-119.73675863064047,MCTNet_400km2_California_South-2.tif,69
36.6649629001593,-119.7431366691577,MCTNet_400km2_California_South-2.tif,69
36.664783237102476,-119.74951470767496,MCTNet_400km2_California_South-2.tif,69
36.66469340557406,-119.69381916005955,MCTNet_400km2_California_South-2.tif,69
36.664513742517244,-119.7001971985768,MCTNet_400km2_California_South-2.tif,69
36.66433407946042,-119.70657523709404,MCTNet_400km2_California_South-2.tif,69
36.66415441640359,-119.7129532756113,MCTNet_400km2_California_South-2.tif,69
36.66397475334677,-119.71933131412854,MCTNet_400km2_California_South-2.tif,69
36.663795090289945,-119.7257093526458,MCTNet_400km2_California_South-2.tif,69
36.663615427233125,-119.73208739116303,MCTNet_400km2_California_South-2.tif,69
36.6634357641763,-119.73846542968029,MCTNet_400km2_California_South-2.tif,69
36.66325610111947,-119.74484346819754,MCTNet_400km2_California_South-2.tif,69
36.66316626959106,-119.68914792058213,MCTNet_400km2_California_South-2.tif,69
36.66298660653424,-119.69552595909937,MCTNet_400km2_California_South-2.tif,69
36.66280694347741,-119.70190399761663,MCTNet_400km2_California_South-2.tif,69
36.662627280420594,-119.70828203613388,MCTNet_400km2_California_South-2.tif,69
36.66244761736377,-119.71466007465112,MCTNet_400km2_California_South-2.tif,69
36.66226795430694,-119.72103811316838,MCTNet_400km2_California_South-2.tif,69
36.66208829125012,-119.72741615168562,MCTNet_400km2_California_South-2.tif,69
36.661908628193295,-119.73379419020287,MCTNet_400km2_California_South-2.tif,69
36.66172896513647,-119.74017222872011,MCTNet_400km2_California_South-2.tif,69
36.66154930207965,-119.74655026723737,MCTNet_400km2_California_South-2.tif,69
36.661459470551236,-119.69085471962195,MCTNet_400km2_California_South-2.tif,69
36.66127980749441,-119.69723275813921,MCTNet_400km2_California_South-2.tif,69
36.66110014443759,-119.70361079665645,MCTNet_400km2_California_South-2.tif,69
36.660920481380764,-119.7099888351737,MCTNet_400km2_California_South-2.tif,69
36.66074081832394,-119.71636687369094,MCTNet_400km2_California_South-2.tif,69
36.66056115526712,-119.7227449122082,MCTNet_400km2_California_South-2.tif,69
36.66038149221029,-119.72912295072544,MCTNet_400km2_California_South-2.tif,69
36.660201829153465,-119.7355009892427,MCTNet_400km2_California_South-2.tif,69
36.660022166096645,-119.74187902775995,MCTNet_400km2_California_South-2.tif,69
36.65984250303982,-119.74825706627719,MCTNet_400km2_California_South-2.tif,69
36.659752671511406,-119.69256151866178,MCTNet_400km2_California_South-2.tif,69
36.659573008454586,-119.69893955717903,MCTNet_400km2_California_South-2.tif,69
36.65939334539776,-119.70531759569629,MCTNet_400km2_California_South-2.tif,69
36.65921368234093,-119.71169563421353,MCTNet_400km2_California_South-2.tif,69
36.659034019284114,-119.71807367273078,MCTNet_400km2_California_South-2.tif,69
36.65885435622729,-119.72445171124802,MCTNet_400km2_California_South-2.tif,69
36.65867469317047,-119.73082974976528,MCTNet_400km2_California_South-2.tif,69
36.65849503011364,-119.73720778828252,MCTNet_400km2_California_South-2.tif,69
36.658315367056815,-119.74358582679977,MCTNet_400km2_California_South-2.tif,69
36.658135703999996,-119.74996386531701,MCTNet_400km2_California_South-2.tif,69
36.65804587247158,-119.69426831770161,MCTNet_400km2_California_South-2.tif,69
36.657866209414756,-119.70064635621885,MCTNet_400km2_California_South-2.tif,69
36.65768654635794,-119.70702439473611,MCTNet_400km2_California_South-2.tif,69
36.65750688330111,-119.71340243325335,MCTNet_400km2_California_South-2.tif,69
36.657327220244284,-119.7197804717706,MCTNet_400km2_California_South-2.tif,69
36.657147557187464,-119.72615851028785,MCTNet_400km2_California_South-2.tif,69
36.65696789413064,-119.7325365488051,MCTNet_400km2_California_South-2.tif,69
36.65678823107381,-119.73891458732236,MCTNet_400km2_California_South-2.tif,69
36.65660856801699,-119.7452926258396,MCTNet_400km2_California_South-2.tif,69
36.65651873648858,-119.68959707822418,MCTNet_400km2_California_South-2.tif,69
36.65633907343175,-119.69597511674144,MCTNet_400km2_California_South-2.tif,69
36.65615941037493,-119.70235315525869,MCTNet_400km2_California_South-2.tif,69
36.655979747318106,-119.70873119377593,MCTNet_400km2_California_South-2.tif,69
36.65580008426128,-119.71510923229319,MCTNet_400km2_California_South-2.tif,69
36.65562042120446,-119.72148727081043,MCTNet_400km2_California_South-2.tif,69
36.655440758147634,-119.72786530932768,MCTNet_400km2_California_South-2.tif,69
36.65526109509081,-119.73424334784492,MCTNet_400km2_California_South-2.tif,69
36.65508143203399,-119.74062138636218,MCTNet_400km2_California_South-2.tif,69
36.65490176897716,-119.74699942487942,MCTNet_400km2_California_South-2.tif,69
36.65481193744875,-119.69130387726402,MCTNet_400km2_California_South-2.tif,69
36.65463227439193,-119.69768191578126,MCTNet_400km2_California_South-2.tif,69
36.6544526113351,-119.70405995429851,MCTNet_400km2_California_South-2.tif,69
36.654272948278276,-119.71043799281576,MCTNet_400km2_California_South-2.tif,69
36.65409328522146,-119.71681603133301,MCTNet_400km2_California_South-2.tif,69
36.65391362216463,-119.72319406985025,MCTNet_400km2_California_South-2.tif,69
36.65373395910781,-119.7295721083675,MCTNet_400km2_California_South-2.tif,69
36.653554296050984,-119.73595014688476,MCTNet_400km2_California_South-2.tif,69
36.65337463299416,-119.742328185402,MCTNet_400km2_California_South-2.tif,69
36.65319496993734,-119.74870622391926,MCTNet_400km2_California_South-2.tif,69
36.653105138408925,-119.69301067630384,MCTNet_400km2_California_South-2.tif,69
36.6529254753521,-119.6993887148211,MCTNet_400km2_California_South-2.tif,69
36.65274581229528,-119.70576675333834,MCTNet_400km2_California_South-2.tif,69
36.65256614923845,-119.7121447918556,MCTNet_400km2_California_South-2.tif,69
36.652386486181626,-119.71852283037283,MCTNet_400km2_California_South-2.tif,69
36.65220682312481,-119.72490086889009,MCTNet_400km2_California_South-2.tif,69
36.65202716006798,-119.73127890740733,MCTNet_400km2_California_South-2.tif,69
36.651847497011154,-119.73765694592458,MCTNet_400km2_California_South-2.tif,69
36.651667833954335,-119.74403498444183,MCTNet_400km2_California_South-2.tif,69
36.65157800242592,-119.68833943682642,MCTNet_400km2_California_South-2.tif,69
36.651398339369095,-119.69471747534367,MCTNet_400km2_California_South-2.tif,69
36.651218676312276,-119.70109551386092,MCTNet_400km2_California_South-2.tif,69
36.65103901325545,-119.70747355237816,MCTNet_400km2_California_South-2.tif,69
36.65085935019862,-119.71385159089542,MCTNet_400km2_California_South-2.tif,69
36.6506796871418,-119.72022962941266,MCTNet_400km2_California_South-2.tif,69
36.65050002408498,-119.72660766792991,MCTNet_400km2_California_South-2.tif,69
36.65032036102815,-119.73298570644717,MCTNet_400km2_California_South-2.tif,69
36.65014069797133,-119.73936374496441,MCTNet_400km2_California_South-2.tif,69
36.649961034914504,-119.74574178348166,MCTNet_400km2_California_South-2.tif,69
36.64987120338609,-119.69004623586625,MCTNet_400km2_California_South-2.tif,69
36.64969154032927,-119.6964242743835,MCTNet_400km2_California_South-2.tif,69
36.649511877272445,-119.70280231290074,MCTNet_400km2_California_South-2.tif,69
36.64933221421562,-119.709180351418,MCTNet_400km2_California_South-2.tif,69
36.6491525511588,-119.71555838993524,MCTNet_400km2_California_South-2.tif,69
36.64897288810197,-119.7219364284525,MCTNet_400km2_California_South-2.tif,69
36.648793225045154,-119.72831446696974,MCTNet_400km2_California_South-2.tif,69
36.64861356198833,-119.73469250548699,MCTNet_400km2_California_South-2.tif,69
36.6484338989315,-119.74107054400423,MCTNet_400km2_California_South-2.tif,69
36.64825423587468,-119.74744858252149,MCTNet_400km2_California_South-2.tif,69
36.64816440434627,-119.69175303490607,MCTNet_400km2_California_South-2.tif,69
36.64798474128944,-119.69813107342333,MCTNet_400km2_California_South-2.tif,69
36.64780507823262,-119.70450911194057,MCTNet_400km2_California_South-2.tif,69
36.647625415175796,-119.71088715045782,MCTNet_400km2_California_South-2.tif,69
36.64744575211897,-119.71726518897506,MCTNet_400km2_California_South-2.tif,69
36.64726608906215,-119.72364322749232,MCTNet_400km2_California_South-2.tif,69
36.64708642600532,-119.73002126600957,MCTNet_400km2_California_South-2.tif,69
36.6469067629485,-119.73639930452681,MCTNet_400km2_California_South-2.tif,69
36.64672709989168,-119.74277734304407,MCTNet_400km2_California_South-2.tif,69
36.64654743683485,-119.74915538156131,MCTNet_400km2_California_South-2.tif,69
36.64645760530644,-119.69345983394591,MCTNet_400km2_California_South-2.tif,69
36.64627794224962,-119.69983787246315,MCTNet_400km2_California_South-2.tif,69
36.64609827919279,-119.7062159109804,MCTNet_400km2_California_South-2.tif,69
36.645918616135965,-119.71259394949764,MCTNet_400km2_California_South-2.tif,69
36.645738953079146,-119.7189719880149,MCTNet_400km2_California_South-2.tif,69
36.64555929002232,-119.72535002653214,MCTNet_400km2_California_South-2.tif,69
36.64537962696549,-119.7317280650494,MCTNet_400km2_California_South-2.tif,69
36.645199963908674,-119.73810610356664,MCTNet_400km2_California_South-2.tif,69
36.64502030085185,-119.74448414208389,MCTNet_400km2_California_South-2.tif,69
36.644930469323434,-119.68878859446848,MCTNet_400km2_California_South-2.tif,69
36.644750806266615,-119.69516663298573,MCTNet_400km2_California_South-2.tif,69
36.64457114320979,-119.70154467150297,MCTNet_400km2_California_South-2.tif,69
36.64439148015296,-119.70792271002023,MCTNet_400km2_California_South-2.tif,69
36.64421181709614,-119.71430074853747,MCTNet_400km2_California_South-2.tif,69
36.644032154039316,-119.72067878705472,MCTNet_400km2_California_South-2.tif,69
36.643852490982496,-119.72705682557198,MCTNet_400km2_California_South-2.tif,69
36.64367282792567,-119.73343486408922,MCTNet_400km2_California_South-2.tif,69
36.64349316486884,-119.73981290260647,MCTNet_400km2_California_South-2.tif,69
36.643313501812024,-119.74619094112371,MCTNet_400km2_California_South-2.tif,69
36.64322367028361,-119.69049539350831,MCTNet_400km2_California_South-2.tif,69
36.643044007226784,-119.69687343202555,MCTNet_400km2_California_South-2.tif,69
36.642864344169965,-119.70325147054281,MCTNet_400km2_California_South-2.tif,69
36.64268468111314,-119.70962950906005,MCTNet_400km2_California_South-2.tif,69
36.64250501805631,-119.7160075475773,MCTNet_400km2_California_South-2.tif,69
36.64232535499949,-119.72238558609455,MCTNet_400km2_California_South-2.tif,69
36.642145691942666,-119.7287636246118,MCTNet_400km2_California_South-2.tif,69
36.64196602888584,-119.73514166312904,MCTNet_400km2_California_South-2.tif,69
36.64178636582902,-119.7415197016463,MCTNet_400km2_California_South-2.tif,69
36.641606702772194,-119.74789774016354,MCTNet_400km2_California_South-2.tif,69
36.64151687124378,-119.69220219254814,MCTNet_400km2_California_South-2.tif,69
36.64133720818696,-119.69858023106538,MCTNet_400km2_California_South-2.tif,69
36.641157545130135,-119.70495826958263,MCTNet_400km2_California_South-2.tif,69
36.64097788207331,-119.71133630809987,MCTNet_400km2_California_South-2.tif,69
36.64079821901649,-119.71771434661713,MCTNet_400km2_California_South-2.tif,69
36.64061855595966,-119.72409238513438,MCTNet_400km2_California_South-2.tif,69
36.640438892902836,-119.73047042365162,MCTNet_400km2_California_South-2.tif,69
36.640259229846016,-119.73684846216888,MCTNet_400km2_California_South-2.tif,69
36.64007956678919,-119.74322650068612,MCTNet_400km2_California_South-2.tif,69
36.63989990373236,-119.74960453920337,MCTNet_400km2_California_South-2.tif,69
36.63981007220396,-119.69390899158796,MCTNet_400km2_California_South-2.tif,69
36.63963040914713,-119.70028703010522,MCTNet_400km2_California_South-2.tif,69
36.639450746090304,-119.70666506862246,MCTNet_400km2_California_South-2.tif,69
36.639271083033485,-119.71304310713971,MCTNet_400km2_California_South-2.tif,69
36.63909141997666,-119.71942114565695,MCTNet_400km2_California_South-2.tif,69
36.63891175691983,-119.7257991841742,MCTNet_400km2_California_South-2.tif,69
36.63873209386301,-119.73217722269145,MCTNet_400km2_California_South-2.tif,69
36.638552430806186,-119.7385552612087,MCTNet_400km2_California_South-2.tif,69
36.63837276774937,-119.74493329972594,MCTNet_400km2_California_South-2.tif,69
36.63828293622095,-119.68923775211054,MCTNet_400km2_California_South-2.tif,69
36.63810327316413,-119.69561579062778,MCTNet_400km2_California_South-2.tif,69
36.6379236101073,-119.70199382914504,MCTNet_400km2_California_South-2.tif,69
36.63774394705048,-119.70837186766228,MCTNet_400km2_California_South-2.tif,69
36.637564283993655,-119.71474990617953,MCTNet_400km2_California_South-2.tif,69
36.637384620936835,-119.72112794469679,MCTNet_400km2_California_South-2.tif,69
36.63720495788001,-119.72750598321403,MCTNet_400km2_California_South-2.tif,69
36.63702529482318,-119.73388402173128,MCTNet_400km2_California_South-2.tif,69
36.63684563176636,-119.74026206024853,MCTNet_400km2_California_South-2.tif,69
36.636665968709536,-119.74664009876578,MCTNet_400km2_California_South-2.tif,69
36.63657613718112,-119.69094455115037,MCTNet_400km2_California_South-2.tif,69
36.636396474124304,-119.69732258966762,MCTNet_400km2_California_South-2.tif,69
36.63621681106748,-119.70370062818486,MCTNet_400km2_California_South-2.tif,69
36.63603714801065,-119.71007866670212,MCTNet_400km2_California_South-2.tif,69
36.63585748495383,-119.71645670521936,MCTNet_400km2_California_South-2.tif,69
36.635677821897005,-119.72283474373661,MCTNet_400km2_California_South-2.tif,69
36.63549815884018,-119.72921278225385,MCTNet_400km2_California_South-2.tif,69
36.63531849578336,-119.73559082077111,MCTNet_400km2_California_South-2.tif,69
36.63513883272653,-119.74196885928835,MCTNet_400km2_California_South-2.tif,69
36.634959169669706,-119.7483468978056,MCTNet_400km2_California_South-2.tif,69
36.6348693381413,-119.69265135019019,MCTNet_400km2_California_South-2.tif,69
36.63468967508447,-119.69902938870744,MCTNet_400km2_California_South-2.tif,69
36.63451001202765,-119.70540742722469,MCTNet_400km2_California_South-2.tif,69
36.63433034897083,-119.71178546574194,MCTNet_400km2_California_South-2.tif,69
36.634150685914,-119.7181635042592,MCTNet_400km2_California_South-2.tif,69
36.633971022857175,-119.72454154277644,MCTNet_400km2_California_South-2.tif,69
36.633791359800355,-119.73091958129369,MCTNet_400km2_California_South-2.tif,69
36.63361169674353,-119.73729761981093,MCTNet_400km2_California_South-2.tif,69
36.63343203368671,-119.74367565832819,MCTNet_400km2_California_South-2.tif,69
36.63325237062988,-119.75005369684543,MCTNet_400km2_California_South-2.tif,69
36.63316253910147,-119.69435814923003,MCTNet_400km2_California_South-2.tif,69
36.63298287604464,-119.70073618774727,MCTNet_400km2_California_South-2.tif,69
36.632803212987824,-119.70711422626452,MCTNet_400km2_California_South-2.tif,69
36.632623549931,-119.71349226478176,MCTNet_400km2_California_South-2.tif,69
36.63244388687418,-119.71987030329902,MCTNet_400km2_California_South-2.tif,69
36.63226422381735,-119.72624834181626,MCTNet_400km2_California_South-2.tif,69
36.632084560760525,-119.73262638033351,MCTNet_400km2_California_South-2.tif,69
36.631904897703706,-119.73900441885075,MCTNet_400km2_California_South-2.tif,69
36.63172523464688,-119.74538245736801,MCTNet_400km2_California_South-2.tif,69
36.631635403118466,-119.6896869097526,MCTNet_400km2_California_South-2.tif,69
36.63145574006165,-119.69606494826985,MCTNet_400km2_California_South-2.tif,69
36.63127607700482,-119.70244298678709,MCTNet_400km2_California_South-2.tif,69
36.63109641394799,-119.70882102530435,MCTNet_400km2_California_South-2.tif,69
36.630916750891174,-119.7151990638216,MCTNet_400km2_California_South-2.tif,69
36.63073708783435,-119.72157710233884,MCTNet_400km2_California_South-2.tif,69
36.63055742477752,-119.7279551408561,MCTNet_400km2_California_South-2.tif,69
36.6303777617207,-119.73433317937334,MCTNet_400km2_California_South-2.tif,69
36.630198098663875,-119.74071121789059,MCTNet_400km2_California_South-2.tif,69
36.63001843560705,-119.74708925640783,MCTNet_400km2_California_South-2.tif,69
36.62992860407864,-119.69139370879243,MCTNet_400km2_California_South-2.tif,69
36.629748941021816,-119.69777174730967,MCTNet_400km2_California_South-2.tif,69
36.62956927796499,-119.70414978582693,MCTNet_400km2_California_South-2.tif,69
36.62938961490817,-119.71052782434417,MCTNet_400km2_California_South-2.tif,69
36.629209951851344,-119.71690586286142,MCTNet_400km2_California_South-2.tif,69
36.62903028879452,-119.88426200029288,MCTNet_400km2_California_South-3.tif,69
36.62903028879452,-119.76649286654481,MCTNet_400km2_California_South-3.tif,69
36.628940457266104,-119.80970183171097,MCTNet_400km2_California_South-3.tif,69
36.62885062573769,-119.85291079687711,MCTNet_400km2_California_South-3.tif,69
36.628760794209285,-119.89611976204326,MCTNet_400km2_California_South-3.tif,69
36.628760794209285,-119.77835062829519,MCTNet_400km2_California_South-3.tif,69
36.62867096268087,-119.82155959346134,MCTNet_400km2_California_South-3.tif,69
36.62858113115246,-119.86476855862749,MCTNet_400km2_California_South-3.tif,69
36.628491299624045,-119.90797752379363,MCTNet_400km2_California_South-3.tif,69
36.628491299624045,-119.79020839004556,MCTNet_400km2_California_South-3.tif,69
36.62840146809563,-119.83341735521172,MCTNet_400km2_California_South-3.tif,69
36.628311636567226,-119.87662632037787,MCTNet_400km2_California_South-3.tif,69
36.628311636567226,-119.7588571866298,MCTNet_400km2_California_South-3.tif,69
36.62822180503881,-119.80206615179594,MCTNet_400km2_California_South-3.tif,69
36.6281319735104,-119.8452751169621,MCTNet_400km2_California_South-3.tif,69
36.628042141981986,-119.88848408212824,MCTNet_400km2_California_South-3.tif,69
36.628042141981986,-119.77071494838017,MCTNet_400km2_California_South-3.tif,69
36.62795231045357,-119.81392391354632,MCTNet_400km2_California_South-3.tif,69
36.62786247892516,-119.85713287871248,MCTNet_400km2_California_South-3.tif,69
36.62777264739675,-119.90034184387862,MCTNet_400km2_California_South-3.tif,69
36.62777264739675,-119.78257271013055,MCTNet_400km2_California_South-3.tif,69
36.62768281586834,-119.8257816752967,MCTNet_400km2_California_South-3.tif,69
36.62759298433993,-119.86899064046285,MCTNet_400km2_California_South-3.tif,69
36.62759298433993,-119.75122150671478,MCTNet_400km2_California_South-3.tif,69
36.627503152811514,-119.79443047188093,MCTNet_400km2_California_South-3.tif,69
36.6274133212831,-119.83763943704707,MCTNet_400km2_California_South-3.tif,69
36.627323489754694,-119.88084840221323,MCTNet_400km2_California_South-3.tif,69
36.627323489754694,-119.76307926846516,MCTNet_400km2_California_South-3.tif,69
36.62723365822628,-119.8062882336313,MCTNet_400km2_California_South-3.tif,69
36.62714382669787,-119.84949719879747,MCTNet_400km2_California_South-3.tif,69
36.627053995169454,-119.89270616396361,MCTNet_400km2_California_South-3.tif,69
36.627053995169454,-119.77493703021554,MCTNet_400km2_California_South-3.tif,69
36.62696416364104,-119.81814599538168,MCTNet_400km2_California_South-3.tif,69
36.62687433211263,-119.86135496054784,MCTNet_400km2_California_South-3.tif,69
36.62678450058422,-119.90456392571399,MCTNet_400km2_California_South-3.tif,69
36.62678450058422,-119.78679479196592,MCTNet_400km2_California_South-3.tif,69
36.62669466905581,-119.83000375713206,MCTNet_400km2_California_South-3.tif,69
36.626604837527395,-119.87321272229822,MCTNet_400km2_California_South-3.tif,69
36.626604837527395,-119.75544358855015,MCTNet_400km2_California_South-3.tif,69
36.62651500599898,-119.7986525537163,MCTNet_400km2_California_South-3.tif,69
36.62642517447057,-119.84186151888244,MCTNet_400km2_California_South-3.tif,69
36.62633534294216,-119.8850704840486,MCTNet_400km2_California_South-3.tif,69
36.62633534294216,-119.76730135030053,MCTNet_400km2_California_South-3.tif,69
36.62624551141375,-119.81051031546667,MCTNet_400km2_California_South-3.tif,69
36.626155679885336,-119.85371928063282,MCTNet_400km2_California_South-3.tif,69
36.62606584835692,-119.89692824579897,MCTNet_400km2_California_South-3.tif,69
36.62606584835692,-119.7791591120509,MCTNet_400km2_California_South-3.tif,69
36.62597601682851,-119.82236807721705,MCTNet_400km2_California_South-3.tif,69
36.6258861853001,-119.8655770423832,MCTNet_400km2_California_South-3.tif,69
36.62579635377169,-119.90878600754935,MCTNet_400km2_California_South-3.tif,69
36.62579635377169,-119.79101687380128,MCTNet_400km2_California_South-3.tif,69
36.62570652224328,-119.83422583896743,MCTNet_400km2_California_South-3.tif,69
36.625616690714864,-119.87743480413357,MCTNet_400km2_California_South-3.tif,69
36.625616690714864,-119.7596656703855,MCTNet_400km2_California_South-3.tif,69
36.62552685918645,-119.80287463555166,MCTNet_400km2_California_South-3.tif,69
36.62543702765804,-119.8460836007178,MCTNet_400km2_California_South-3.tif,69
36.62534719612963,-119.88929256588395,MCTNet_400km2_California_South-3.tif,69
36.62534719612963,-119.77152343213588,MCTNet_400km2_California_South-3.tif,69
36.62525736460122,-119.81473239730204,MCTNet_400km2_California_South-3.tif,69
36.625167533072805,-119.85794136246818,MCTNet_400km2_California_South-3.tif,69
36.62507770154439,-119.90115032763433,MCTNet_400km2_California_South-3.tif,69
36.62507770154439,-119.78338119388626,MCTNet_400km2_California_South-3.tif,69
36.62498787001598,-119.82659015905242,MCTNet_400km2_California_South-3.tif,69
36.624898038487565,-119.86979912421856,MCTNet_400km2_California_South-3.tif,69
36.624898038487565,-119.75202999047049,MCTNet_400km2_California_South-3.tif,69
36.62480820695916,-119.79523895563663,MCTNet_400km2_California_South-3.tif,69
36.624718375430746,-119.83844792080279,MCTNet_400km2_California_South-3.tif,69
36.62462854390233,-119.88165688596894,MCTNet_400km2_California_South-3.tif,69
36.62462854390233,-119.76388775222087,MCTNet_400km2_California_South-3.tif,69
36.62453871237392,-119.80709671738701,MCTNet_400km2_California_South-3.tif,69
36.624448880845506,-119.85030568255317,MCTNet_400km2_California_South-3.tif,69
36.6243590493171,-119.89351464771931,MCTNet_400km2_California_South-3.tif,69
36.6243590493171,-119.77574551397124,MCTNet_400km2_California_South-3.tif,69
36.62426921778869,-119.81895447913739,MCTNet_400km2_California_South-3.tif,69
36.62417938626027,-119.86216344430355,MCTNet_400km2_California_South-3.tif,69
36.62408955473186,-119.90537240946969,MCTNet_400km2_California_South-3.tif,69
36.62408955473186,-119.78760327572162,MCTNet_400km2_California_South-3.tif,69
36.62399972320345,-119.83081224088777,MCTNet_400km2_California_South-3.tif,69
36.623909891675034,-119.87402120605392,MCTNet_400km2_California_South-3.tif,69
36.623909891675034,-119.75625207230586,MCTNet_400km2_California_South-3.tif,69
36.62382006014663,-119.799461037472,MCTNet_400km2_California_South-3.tif,69
36.623730228618214,-119.84267000263814,MCTNet_400km2_California_South-3.tif,69
36.6236403970898,-119.8858789678043,MCTNet_400km2_California_South-3.tif,69
36.6236403970898,-119.76810983405623,MCTNet_400km2_California_South-3.tif,69
36.62355056556139,-119.81131879922238,MCTNet_400km2_California_South-3.tif,69
36.623460734032975,-119.85452776438852,MCTNet_400km2_California_South-3.tif,69
36.62337090250457,-119.89773672955468,MCTNet_400km2_California_South-3.tif,69
36.62337090250457,-119.77996759580661,MCTNet_400km2_California_South-3.tif,69
36.623281070976155,-119.82317656097275,MCTNet_400km2_California_South-3.tif,69
36.62319123944774,-119.8663855261389,MCTNet_400km2_California_South-3.tif,69
36.62310140791933,-119.90959449130506,MCTNet_400km2_California_South-3.tif,69
36.62310140791933,-119.79182535755699,MCTNet_400km2_California_South-3.tif,69
36.623011576390915,-119.83503432272313,MCTNet_400km2_California_South-3.tif,69
36.6229217448625,-119.87824328788928,MCTNet_400km2_California_South-3.tif,69
36.6229217448625,-119.7604741541412,MCTNet_400km2_California_South-3.tif,69
36.622831913334096,-119.80368311930737,MCTNet_400km2_California_South-3.tif,69
36.62274208180568,-119.84689208447351,MCTNet_400km2_California_South-3.tif,69
36.62265225027727,-119.89010104963965,MCTNet_400km2_California_South-3.tif,69
36.62265225027727,-119.77233191589158,MCTNet_400km2_California_South-3.tif,69
36.622562418748856,-119.81554088105774,MCTNet_400km2_California_South-3.tif,69
36.62247258722044,-119.85874984622389,MCTNet_400km2_California_South-3.tif,69
36.62238275569204,-119.90195881139003,MCTNet_400km2_California_South-3.tif,69
36.62238275569204,-119.78418967764198,MCTNet_400km2_California_South-3.tif,69
36.622292924163624,-119.82739864280812,MCTNet_400km2_California_South-3.tif,69
36.62220309263521,-119.87060760797426,MCTNet_400km2_California_South-3.tif,69
36.62220309263521,-119.7528384742262,MCTNet_400km2_California_South-3.tif,69
36.6221132611068,-119.79604743939235,MCTNet_400km2_California_South-3.tif,69
36.622023429578384,-119.8392564045585,MCTNet_400km2_California_South-3.tif,69
36.62193359804997,-119.88246536972464,MCTNet_400km2_California_South-3.tif,69
36.62193359804997,-119.76469623597657,MCTNet_400km2_California_South-3.tif,69
36.621843766521565,-119.80790520114273,MCTNet_400km2_California_South-3.tif,69
36.62175393499315,-119.85111416630888,MCTNet_400km2_California_South-3.tif,69
36.62166410346474,-119.89432313147502,MCTNet_400km2_California_South-3.tif,69
36.62166410346474,-119.77655399772695,MCTNet_400km2_California_South-3.tif,69
36.621574271936325,-119.81976296289311,MCTNet_400km2_California_South-3.tif,69
36.62148444040791,-119.86297192805925,MCTNet_400km2_California_South-3.tif,69
36.621394608879505,-119.9061808932254,MCTNet_400km2_California_South-3.tif,69
36.621394608879505,-119.78841175947733,MCTNet_400km2_California_South-3.tif,69
36.62130477735109,-119.83162072464349,MCTNet_400km2_California_South-3.tif,69
36.62121494582268,-119.87482968980963,MCTNet_400km2_California_South-3.tif,69
36.62121494582268,-119.75706055606156,MCTNet_400km2_California_South-3.tif,69
36.621125114294266,-119.8002695212277,MCTNet_400km2_California_South-3.tif,69
36.62103528276585,-119.84347848639386,MCTNet_400km2_California_South-3.tif,69
36.62094545123744,-119.88668745156001,MCTNet_400km2_California_South-3.tif,69
36.62094545123744,-119.76891831781194,MCTNet_400km2_California_South-3.tif,69
36.62085561970903,-119.81212728297808,MCTNet_400km2_California_South-3.tif,69
36.62076578818062,-119.85533624814424,MCTNet_400km2_California_South-3.tif,69
36.62067595665221,-119.89854521331038,MCTNet_400km2_California_South-3.tif,69
36.62067595665221,-119.78077607956232,MCTNet_400km2_California_South-3.tif,69
36.62058612512379,-119.82398504472846,MCTNet_400km2_California_South-3.tif,69
36.62049629359538,-119.86719400989462,MCTNet_400km2_California_South-3.tif,69
36.620406462066974,-119.91040297506076,MCTNet_400km2_California_South-3.tif,69
36.620406462066974,-119.79263384131269,MCTNet_400km2_California_South-3.tif,69
36.62031663053856,-119.83584280647884,MCTNet_400km2_California_South-3.tif,69
36.62022679901015,-119.879051771645,MCTNet_400km2_California_South-3.tif,69
36.62022679901015,-119.76128263789693,MCTNet_400km2_California_South-3.tif,69
36.620136967481734,-119.80449160306307,MCTNet_400km2_California_South-3.tif,69
36.62004713595332,-119.84770056822921,MCTNet_400km2_California_South-3.tif,69
36.61995730442491,-119.89090953339537,MCTNet_400km2_California_South-3.tif,69
36.61995730442491,-119.7731403996473,MCTNet_400km2_California_South-3.tif,69
36.6198674728965,-119.81634936481345,MCTNet_400km2_California_South-3.tif,69
36.61977764136809,-119.85955832997959,MCTNet_400km2_California_South-3.tif,69
36.619687809839675,-119.90276729514575,MCTNet_400km2_California_South-3.tif,69
36.619687809839675,-119.78499816139768,MCTNet_400km2_California_South-3.tif,69
36.61959797831126,-119.82820712656383,MCTNet_400km2_California_South-3.tif,69
36.61950814678285,-119.87141609172997,MCTNet_400km2_California_South-3.tif,69
36.61950814678285,-119.7536469579819,MCTNet_400km2_California_South-3.tif,69
36.61941831525444,-119.79685592314806,MCTNet_400km2_California_South-3.tif,69
36.61932848372603,-119.8400648883142,MCTNet_400km2_California_South-3.tif,69
36.619238652197616,-119.88327385348035,MCTNet_400km2_California_South-3.tif,69
36.619238652197616,-119.76550471973228,MCTNet_400km2_California_South-3.tif,69
36.6191488206692,-119.80871368489844,MCTNet_400km2_California_South-3.tif,69
36.61905898914079,-119.85192265006458,MCTNet_400km2_California_South-3.tif,69
36.618969157612376,-119.89513161523072,MCTNet_400km2_California_South-3.tif,69
36.618969157612376,-119.77736248148265,MCTNet_400km2_California_South-3.tif,69
36.61887932608397,-119.82057144664881,MCTNet_400km2_California_South-3.tif,69
36.61878949455556,-119.86378041181496,MCTNet_400km2_California_South-3.tif,69
36.618699663027144,-119.9069893769811,MCTNet_400km2_California_South-3.tif,69
36.618699663027144,-119.78922024323303,MCTNet_400km2_California_South-3.tif,69
36.61860983149873,-119.83242920839919,MCTNet_400km2_California_South-3.tif,69
36.61851999997032,-119.87563817356533,MCTNet_400km2_California_South-3.tif,69
36.61851999997032,-119.75786903981727,MCTNet_400km2_California_South-3.tif,69
36.61843016844191,-119.80107800498341,MCTNet_400km2_California_South-3.tif,69
36.6183403369135,-119.84428697014957,MCTNet_400km2_California_South-3.tif,69
36.618250505385085,-119.88749593531571,MCTNet_400km2_California_South-3.tif,69
36.618250505385085,-119.76972680156764,MCTNet_400km2_California_South-3.tif,69
36.61816067385667,-119.81293576673379,MCTNet_400km2_California_South-3.tif,69
36.61807084232826,-119.85614473189995,MCTNet_400km2_California_South-3.tif,69
36.617981010799845,-119.89935369706609,MCTNet_400km2_California_South-3.tif,69
36.617981010799845,-119.78158456331802,MCTNet_400km2_California_South-3.tif,69
36.61789117927144,-119.82479352848416,MCTNet_400km2_California_South-3.tif,69
36.617801347743026,-119.86800249365032,MCTNet_400km2_California_South-3.tif,69
36.61771151621461,-119.91121145881647,MCTNet_400km2_California_South-3.tif,69
36.61771151621461,-119.7934423250684,MCTNet_400km2_California_South-3.tif,69
36.6176216846862,-119.83665129023454,MCTNet_400km2_California_South-3.tif,69
36.617531853157786,-119.8798602554007,MCTNet_400km2_California_South-3.tif,69
36.617531853157786,-119.76209112165263,MCTNet_400km2_California_South-3.tif,69
36.61744202162938,-119.80530008681878,MCTNet_400km2_California_South-3.tif,69
36.617352190100966,-119.84850905198493,MCTNet_400km2_California_South-3.tif,69
36.61726235857255,-119.89171801715108,MCTNet_400km2_California_South-3.tif,69
36.61726235857255,-119.77394888340301,MCTNet_400km2_California_South-3.tif,69
36.61717252704414,-119.81715784856915,MCTNet_400km2_California_South-3.tif,69
36.61708269551573,-119.86036681373531,MCTNet_400km2_California_South-3.tif,69
36.61699286398731,-119.90357577890146,MCTNet_400km2_California_South-3.tif,69
36.61699286398731,-119.78580664515339,MCTNet_400km2_California_South-3.tif,69
36.61690303245891,-119.82901561031953,MCTNet_400km2_California_South-3.tif,69
36.616813200930494,-119.87222457548569,MCTNet_400km2_California_South-3.tif,69
36.616813200930494,-119.75445544173762,MCTNet_400km2_California_South-3.tif,69
36.61672336940208,-119.79766440690376,MCTNet_400km2_California_South-3.tif,69
36.61663353787367,-119.84087337206991,MCTNet_400km2_California_South-3.tif,69
36.616543706345254,-119.88408233723607,MCTNet_400km2_California_South-3.tif,69
36.616543706345254,-119.766313203488,MCTNet_400km2_California_South-3.tif,69
36.61645387481685,-119.80952216865414,MCTNet_400km2_California_South-3.tif,69
36.616364043288435,-119.85273113382028,MCTNet_400km2_California_South-3.tif,69
36.61627421176002,-119.89594009898644,MCTNet_400km2_California_South-3.tif,69
36.61627421176002,-119.77817096523837,MCTNet_400km2_California_South-3.tif,69
36.61618438023161,-119.82137993040452,MCTNet_400km2_California_South-3.tif,69
36.616094548703195,-119.86458889557066,MCTNet_400km2_California_South-3.tif,69
36.61600471717478,-119.90779786073682,MCTNet_400km2_California_South-3.tif,69
36.61600471717478,-119.79002872698875,MCTNet_400km2_California_South-3.tif,69
36.615914885646376,-119.8332376921549,MCTNet_400km2_California_South-3.tif,69
36.61582505411796,-119.87644665732104,MCTNet_400km2_California_South-3.tif,69
36.61582505411796,-119.75867752357297,MCTNet_400km2_California_South-3.tif,69
36.61573522258955,-119.80188648873913,MCTNet_400km2_California_South-3.tif,69
36.615645391061136,-119.84509545390527,MCTNet_400km2_California_South-3.tif,69
36.61555555953272,-119.88830441907142,MCTNet_400km2_California_South-3.tif,69
36.61555555953272,-119.77053528532335,MCTNet_400km2_California_South-3.tif,69
36.61546572800432,-119.8137442504895,MCTNet_400km2_California_South-3.tif,69
36.6153758964759,-119.85695321565565,MCTNet_400km2_California_South-3.tif,69
36.61528606494749,-119.9001621808218,MCTNet_400km2_California_South-3.tif,69
36.61528606494749,-119.78239304707373,MCTNet_400km2_California_South-3.tif,69
36.61519623341908,-119.82560201223988,MCTNet_400km2_California_South-3.tif,69
36.615106401890664,-119.86881097740603,MCTNet_400km2_California_South-3.tif,69
36.615106401890664,-119.75104184365796,MCTNet_400km2_California_South-3.tif,69
36.61501657036225,-119.7942508088241,MCTNet_400km2_California_South-3.tif,69
36.614926738833844,-119.83745977399026,MCTNet_400km2_California_South-3.tif,69
36.61483690730543,-119.8806687391564,MCTNet_400km2_California_South-3.tif,69
36.61483690730543,-119.76289960540834,MCTNet_400km2_California_South-3.tif,69
36.61474707577702,-119.80610857057448,MCTNet_400km2_California_South-3.tif,69
36.614657244248605,-119.84931753574064,MCTNet_400km2_California_South-3.tif,69
36.61456741272019,-119.89252650090678,MCTNet_400km2_California_South-3.tif,69
36.61456741272019,-119.77475736715871,MCTNet_400km2_California_South-3.tif,69
36.614477581191785,-119.81796633232486,MCTNet_400km2_California_South-3.tif,69
36.61438774966337,-119.86117529749102,MCTNet_400km2_California_South-3.tif,69
36.61429791813496,-119.90438426265716,MCTNet_400km2_California_South-3.tif,69
36.61429791813496,-119.78661512890909,MCTNet_400km2_California_South-3.tif,69
36.614208086606546,-119.82982409407524,MCTNet_400km2_California_South-3.tif,69
36.61411825507813,-119.8730330592414,MCTNet_400km2_California_South-3.tif,69
36.61411825507813,-119.75526392549332,MCTNet_400km2_California_South-3.tif,69
36.61402842354972,-119.79847289065947,MCTNet_400km2_California_South-3.tif,69
36.61393859202131,-119.84168185582561,MCTNet_400km2_California_South-3.tif,69
36.6138487604929,-119.88489082099177,MCTNet_400km2_California_South-3.tif,69
36.6138487604929,-119.7671216872437,MCTNet_400km2_California_South-3.tif,69
36.61375892896449,-119.81033065240985,MCTNet_400km2_California_South-3.tif,69
36.61366909743607,-119.85353961757599,MCTNet_400km2_California_South-3.tif,69
36.61357926590766,-119.89674858274215,MCTNet_400km2_California_South-3.tif,69
36.61357926590766,-119.77897944899408,MCTNet_400km2_California_South-3.tif,69
36.613489434379254,-119.82218841416022,MCTNet_400km2_California_South-3.tif,69
36.61339960285084,-119.86539737932637,MCTNet_400km2_California_South-3.tif,69
36.61330977132243,-119.90860634449253,MCTNet_400km2_California_South-3.tif,69
36.61330977132243,-119.79083721074446,MCTNet_400km2_California_South-3.tif,69
36.613219939794014,-119.8340461759106,MCTNet_400km2_California_South-3.tif,69
36.6131301082656,-119.87725514107674,MCTNet_400km2_California_South-3.tif,69
36.6131301082656,-119.75948600732868,MCTNet_400km2_California_South-3.tif,69
36.61304027673719,-119.80269497249483,MCTNet_400km2_California_South-3.tif,69
36.61295044520878,-119.84590393766098,MCTNet_400km2_California_South-3.tif,69
36.61286061368037,-119.88911290282712,MCTNet_400km2_California_South-3.tif,69
36.61286061368037,-119.77134376907905,MCTNet_400km2_California_South-3.tif,69
36.612770782151955,-119.81455273424521,MCTNet_400km2_California_South-3.tif,69
36.61268095062354,-119.85776169941136,MCTNet_400km2_California_South-3.tif,69
36.61259111909513,-119.9009706645775,MCTNet_400km2_California_South-3.tif,69
36.61259111909513,-119.78320153082944,MCTNet_400km2_California_South-3.tif,69
36.612501287566715,-119.82641049599559,MCTNet_400km2_California_South-3.tif,69
36.61241145603831,-119.86961946116173,MCTNet_400km2_California_South-3.tif,69
36.61241145603831,-119.75185032741366,MCTNet_400km2_California_South-3.tif,69
36.612321624509896,-119.79505929257982,MCTNet_400km2_California_South-3.tif,69
36.61223179298148,-119.83826825774597,MCTNet_400km2_California_South-3.tif,69
36.61214196145307,-119.88147722291211,MCTNet_400km2_California_South-3.tif,69
36.61214196145307,-119.76370808916404,MCTNet_400km2_California_South-3.tif,69
36.612052129924656,-119.8069170543302,MCTNet_400km2_California_South-3.tif,69
36.61196229839625,-119.85012601949634,MCTNet_400km2_California_South-3.tif,69
36.61187246686784,-119.89333498466249,MCTNet_400km2_California_South-3.tif,69
36.61187246686784,-119.77556585091442,MCTNet_400km2_California_South-3.tif,69
36.611782635339424,-119.81877481608058,MCTNet_400km2_California_South-3.tif,69
36.61169280381101,-119.86198378124672,MCTNet_400km2_California_South-3.tif,69
36.6116029722826,-119.90519274641287,MCTNet_400km2_California_South-3.tif,69
36.6116029722826,-119.7874236126648,MCTNet_400km2_California_South-3.tif,69
36.611513140754184,-119.83063257783095,MCTNet_400km2_California_South-3.tif,69
36.61142330922578,-119.8738415429971,MCTNet_400km2_California_South-3.tif,69
36.61142330922578,-119.75607240924903,MCTNet_400km2_California_South-3.tif,69
36.611333477697364,-119.79928137441517,MCTNet_400km2_California_South-3.tif,69
36.61124364616895,-119.84249033958133,MCTNet_400km2_California_South-3.tif,69
36.61115381464054,-119.88569930474748,MCTNet_400km2_California_South-3.tif,69
36.61115381464054,-119.7679301709994,MCTNet_400km2_California_South-3.tif,69
36.611063983112125,-119.81113913616555,MCTNet_400km2_California_South-3.tif,69
36.61097415158372,-119.85434810133171,MCTNet_400km2_California_South-3.tif,69
36.610884320055305,-119.89755706649785,MCTNet_400km2_California_South-3.tif,69
36.610884320055305,-119.77978793274978,MCTNet_400km2_California_South-3.tif,69
36.61079448852689,-119.82299689791593,MCTNet_400km2_California_South-3.tif,69
36.61070465699848,-119.86620586308209,MCTNet_400km2_California_South-3.tif,69
36.610614825470066,-119.90941482824823,MCTNet_400km2_California_South-3.tif,69
36.610614825470066,-119.79164569450016,MCTNet_400km2_California_South-3.tif,69
36.61052499394165,-119.8348546596663,MCTNet_400km2_California_South-3.tif,69
36.610435162413246,-119.87806362483246,MCTNet_400km2_California_South-3.tif,69
36.610435162413246,-119.7602944910844,MCTNet_400km2_California_South-3.tif,69
36.61034533088483,-119.80350345625054,MCTNet_400km2_California_South-3.tif,69
36.61025549935642,-119.84671242141668,MCTNet_400km2_California_South-3.tif,69
36.61016566782801,-119.88992138658284,MCTNet_400km2_California_South-3.tif,69
36.61016566782801,-119.77215225283477,MCTNet_400km2_California_South-3.tif,69
36.61007583629959,-119.81536121800092,MCTNet_400km2_California_South-3.tif,69
36.62903028879452,-119.69759208425285,MCTNet_400km2_California_South-4.tif,69
36.62885062573769,-119.7039701227701,MCTNet_400km2_California_South-4.tif,69
36.62867096268087,-119.71034816128734,MCTNet_400km2_California_South-4.tif,69
36.628491299624045,-119.7167261998046,MCTNet_400km2_California_South-4.tif,69
36.628311636567226,-119.72310423832185,MCTNet_400km2_California_South-4.tif,69
36.6281319735104,-119.7294822768391,MCTNet_400km2_California_South-4.tif,69
36.62795231045357,-119.73586031535635,MCTNet_400km2_California_South-4.tif,69
36.62777264739675,-119.74223835387359,MCTNet_400km2_California_South-4.tif,69
36.62759298433993,-119.74861639239084,MCTNet_400km2_California_South-4.tif,69
36.627503152811514,-119.69292084477543,MCTNet_400km2_California_South-4.tif,69
36.627323489754694,-119.69929888329268,MCTNet_400km2_California_South-4.tif,69
36.62714382669787,-119.70567692180992,MCTNet_400km2_California_South-4.tif,69
36.62696416364104,-119.71205496032718,MCTNet_400km2_California_South-4.tif,69
36.62678450058422,-119.71843299884442,MCTNet_400km2_California_South-4.tif,69
36.626604837527395,-119.72481103736168,MCTNet_400km2_California_South-4.tif,69
36.62642517447057,-119.73118907587892,MCTNet_400km2_California_South-4.tif,69
36.62624551141375,-119.73756711439617,MCTNet_400km2_California_South-4.tif,69
36.62606584835692,-119.74394515291341,MCTNet_400km2_California_South-4.tif,69
36.6258861853001,-119.75032319143067,MCTNet_400km2_California_South-4.tif,69
36.62579635377169,-119.69462764381525,MCTNet_400km2_California_South-4.tif,69
36.625616690714864,-119.70100568233251,MCTNet_400km2_California_South-4.tif,69
36.62543702765804,-119.70738372084975,MCTNet_400km2_California_South-4.tif,69
36.62525736460122,-119.713761759367,MCTNet_400km2_California_South-4.tif,69
36.62507770154439,-119.72013979788426,MCTNet_400km2_California_South-4.tif,69
36.624898038487565,-119.7265178364015,MCTNet_400km2_California_South-4.tif,69
36.624718375430746,-119.73289587491875,MCTNet_400km2_California_South-4.tif,69
36.62453871237392,-119.739273913436,MCTNet_400km2_California_South-4.tif,69
36.6243590493171,-119.74565195195325,MCTNet_400km2_California_South-4.tif,69
36.62426921778869,-119.68995640433783,MCTNet_400km2_California_South-4.tif,69
36.62408955473186,-119.69633444285509,MCTNet_400km2_California_South-4.tif,69
36.623909891675034,-119.70271248137233,MCTNet_400km2_California_South-4.tif,69
36.623730228618214,-119.70909051988959,MCTNet_400km2_California_South-4.tif,69
36.62355056556139,-119.71546855840683,MCTNet_400km2_California_South-4.tif,69
36.62337090250457,-119.72184659692408,MCTNet_400km2_California_South-4.tif,69
36.62319123944774,-119.72822463544132,MCTNet_400km2_California_South-4.tif,69
36.623011576390915,-119.73460267395858,MCTNet_400km2_California_South-4.tif,69
36.622831913334096,-119.74098071247582,MCTNet_400km2_California_South-4.tif,69
36.62265225027727,-119.74735875099307,MCTNet_400km2_California_South-4.tif,69
36.622562418748856,-119.69166320337766,MCTNet_400km2_California_South-4.tif,69
36.62238275569204,-119.69804124189491,MCTNet_400km2_California_South-4.tif,69
36.62220309263521,-119.70441928041215,MCTNet_400km2_California_South-4.tif,69
36.622023429578384,-119.71079731892941,MCTNet_400km2_California_South-4.tif,69
36.621843766521565,-119.71717535744666,MCTNet_400km2_California_South-4.tif,69
36.62166410346474,-119.7235533959639,MCTNet_400km2_California_South-4.tif,69
36.62148444040791,-119.72993143448116,MCTNet_400km2_California_South-4.tif,69
36.62130477735109,-119.7363094729984,MCTNet_400km2_California_South-4.tif,69
36.621125114294266,-119.74268751151565,MCTNet_400km2_California_South-4.tif,69
36.62094545123744,-119.7490655500329,MCTNet_400km2_California_South-4.tif,69
36.62085561970903,-119.6933700024175,MCTNet_400km2_California_South-4.tif,69
36.62067595665221,-119.69974804093474,MCTNet_400km2_California_South-4.tif,69
36.62049629359538,-119.70612607945199,MCTNet_400km2_California_South-4.tif,69
36.62031663053856,-119.71250411796923,MCTNet_400km2_California_South-4.tif,69
36.620136967481734,-119.71888215648649,MCTNet_400km2_California_South-4.tif,69
36.61995730442491,-119.72526019500373,MCTNet_400km2_California_South-4.tif,69
36.61977764136809,-119.73163823352098,MCTNet_400km2_California_South-4.tif,69
36.61959797831126,-119.73801627203822,MCTNet_400km2_California_South-4.tif,69
36.61941831525444,-119.74439431055548,MCTNet_400km2_California_South-4.tif,69
36.61932848372603,-119.68869876294006,MCTNet_400km2_California_South-4.tif,69
36.6191488206692,-119.69507680145732,MCTNet_400km2_California_South-4.tif,69
36.618969157612376,-119.70145483997456,MCTNet_400km2_California_South-4.tif,69
36.61878949455556,-119.70783287849181,MCTNet_400km2_California_South-4.tif,69
36.61860983149873,-119.71421091700907,MCTNet_400km2_California_South-4.tif,69
36.61843016844191,-119.72058895552631,MCTNet_400km2_California_South-4.tif,69
36.618250505385085,-119.72696699404356,MCTNet_400km2_California_South-4.tif,69
36.61807084232826,-119.7333450325608,MCTNet_400km2_California_South-4.tif,69
36.61789117927144,-119.73972307107806,MCTNet_400km2_California_South-4.tif,69
36.61771151621461,-119.7461011095953,MCTNet_400km2_California_South-4.tif,69
36.6176216846862,-119.6904055619799,MCTNet_400km2_California_South-4.tif,69
36.61744202162938,-119.69678360049714,MCTNet_400km2_California_South-4.tif,69
36.61726235857255,-119.7031616390144,MCTNet_400km2_California_South-4.tif,69
36.61708269551573,-119.70953967753164,MCTNet_400km2_California_South-4.tif,69
36.61690303245891,-119.71591771604889,MCTNet_400km2_California_South-4.tif,69
36.61672336940208,-119.72229575456613,MCTNet_400km2_California_South-4.tif,69
36.616543706345254,-119.72867379308339,MCTNet_400km2_California_South-4.tif,69
36.616364043288435,-119.73505183160063,MCTNet_400km2_California_South-4.tif,69
36.61618438023161,-119.74142987011788,MCTNet_400km2_California_South-4.tif,69
36.61600471717478,-119.74780790863514,MCTNet_400km2_California_South-4.tif,69
36.615914885646376,-119.69211236101972,MCTNet_400km2_California_South-4.tif,69
36.61573522258955,-119.69849039953696,MCTNet_400km2_California_South-4.tif,69
36.61555555953272,-119.70486843805422,MCTNet_400km2_California_South-4.tif,69
36.6153758964759,-119.71124647657147,MCTNet_400km2_California_South-4.tif,69
36.61519623341908,-119.71762451508872,MCTNet_400km2_California_South-4.tif,69
36.61501657036225,-119.72400255360597,MCTNet_400km2_California_South-4.tif,69
36.61483690730543,-119.73038059212321,MCTNet_400km2_California_South-4.tif,69
36.614657244248605,-119.73675863064047,MCTNet_400km2_California_South-4.tif,69
36.614477581191785,-119.7431366691577,MCTNet_400km2_California_South-4.tif,69
36.61429791813496,-119.74951470767496,MCTNet_400km2_California_South-4.tif,69
36.614208086606546,-119.69381916005955,MCTNet_400km2_California_South-4.tif,69
36.61402842354972,-119.7001971985768,MCTNet_400km2_California_South-4.tif,69
36.6138487604929,-119.70657523709404,MCTNet_400km2_California_South-4.tif,69
36.61366909743607,-119.7129532756113,MCTNet_400km2_California_South-4.tif,69
36.613489434379254,-119.71933131412854,MCTNet_400km2_California_South-4.tif,69
36.61330977132243,-119.7257093526458,MCTNet_400km2_California_South-4.tif,69
36.6131301082656,-119.73208739116303,MCTNet_400km2_California_South-4.tif,69
36.61295044520878,-119.73846542968029,MCTNet_400km2_California_South-4.tif,69
36.612770782151955,-119.74484346819754,MCTNet_400km2_California_South-4.tif,69
36.61268095062354,-119.68914792058213,MCTNet_400km2_California_South-4.tif,69
36.612501287566715,-119.69552595909937,MCTNet_400km2_California_South-4.tif,69
36.612321624509896,-119.70190399761663,MCTNet_400km2_California_South-4.tif,69
36.61214196145307,-119.70828203613388,MCTNet_400km2_California_South-4.tif,69
36.61196229839625,-119.71466007465112,MCTNet_400km2_California_South-4.tif,69
36.611782635339424,-119.72103811316838,MCTNet_400km2_California_South-4.tif,69
36.6116029722826,-119.72741615168562,MCTNet_400km2_California_South-4.tif,69
36.61142330922578,-119.73379419020287,MCTNet_400km2_California_South-4.tif,69
36.61124364616895,-119.74017222872011,MCTNet_400km2_California_South-4.tif,69
36.611063983112125,-119.74655026723737,MCTNet_400km2_California_South-4.tif,69
36.61097415158372,-119.69085471962195,MCTNet_400km2_California_South-4.tif,69
36.61079448852689,-119.69723275813921,MCTNet_400km2_California_South-4.tif,69
36.610614825470066,-119.70361079665645,MCTNet_400km2_California_South-4.tif,69
36.610435162413246,-119.7099888351737,MCTNet_400km2_California_South-4.tif,69
36.61025549935642,-119.71636687369094,MCTNet_400km2_California_South-4.tif,69
36.61007583629959,-119.7227449122082,MCTNet_400km2_California_South-4.tif,69
38.652979539680004,-121.72720072142829,MCTNet_14GB_California_North-5.tif,69
38.652799876623185,-121.81361865176059,MCTNet_14GB_California_North-5.tif,69
38.652799876623185,-121.57808038426445,MCTNet_14GB_California_North-5.tif,69
38.65262021356636,-121.66449831459676,MCTNet_14GB_California_North-5.tif,69
38.65244055050953,-121.75091624492904,MCTNet_14GB_California_North-5.tif,69
38.65226088745271,-121.83733417526135,MCTNet_14GB_California_North-5.tif,69
38.65226088745271,-121.60179590776521,MCTNet_14GB_California_North-5.tif,69
38.652081224395886,-121.68821383809751,MCTNet_14GB_California_North-5.tif,69
38.65190156133906,-121.7746317684298,MCTNet_14GB_California_North-5.tif,69
38.65172189828224,-121.8610496987621,MCTNet_14GB_California_North-5.tif,69
38.65172189828224,-121.62551143126596,MCTNet_14GB_California_North-5.tif,69
38.65154223522541,-121.71192936159827,MCTNet_14GB_California_North-5.tif,69
38.65136257216859,-121.79834729193057,MCTNet_14GB_California_North-5.tif,69
38.65118290911177,-121.88476522226286,MCTNet_14GB_California_North-5.tif,69
38.65118290911177,-121.64922695476672,MCTNet_14GB_California_North-5.tif,69
38.65100324605494,-121.73564488509902,MCTNet_14GB_California_North-5.tif,69
38.65082358299812,-121.82206281543132,MCTNet_14GB_California_North-5.tif,69
38.65082358299812,-121.58652454793518,MCTNet_14GB_California_North-5.tif,69
38.650643919941295,-121.67294247826747,MCTNet_14GB_California_North-5.tif,69
38.65046425688447,-121.75936040859978,MCTNet_14GB_California_North-5.tif,69
38.65028459382765,-121.84577833893208,MCTNet_14GB_California_North-5.tif,69
38.65028459382765,-121.61024007143594,MCTNet_14GB_California_North-5.tif,69
38.65010493077082,-121.69665800176823,MCTNet_14GB_California_North-5.tif,69
38.649925267713996,-121.78307593210053,MCTNet_14GB_California_North-5.tif,69
38.64974560465718,-121.86949386243283,MCTNet_14GB_California_North-5.tif,69
38.64974560465718,-121.6339555949367,MCTNet_14GB_California_North-5.tif,69
38.64956594160035,-121.72037352526898,MCTNet_14GB_California_North-5.tif,69
38.649386278543524,-121.80679145560129,MCTNet_14GB_California_North-5.tif,69
38.649206615486705,-121.89320938593359,MCTNet_14GB_California_North-5.tif,69
38.649206615486705,-121.65767111843745,MCTNet_14GB_California_North-5.tif,69
38.64902695242988,-121.74408904876974,MCTNet_14GB_California_North-5.tif,69
38.64884728937306,-121.83050697910204,MCTNet_14GB_California_North-5.tif,69
38.64884728937306,-121.5949687116059,MCTNet_14GB_California_North-5.tif,69
38.64866762631623,-121.6813866419382,MCTNet_14GB_California_North-5.tif,69
38.648487963259406,-121.76780457227049,MCTNet_14GB_California_North-5.tif,69
38.64830830020259,-121.8542225026028,MCTNet_14GB_California_North-5.tif,69
38.64830830020259,-121.61868423510666,MCTNet_14GB_California_North-5.tif,69
38.64812863714576,-121.70510216543896,MCTNet_14GB_California_North-5.tif,69
38.64794897408893,-121.79152009577125,MCTNet_14GB_California_North-5.tif,69
38.647769311032114,-121.87793802610355,MCTNet_14GB_California_North-5.tif,69
38.647769311032114,-121.64239975860741,MCTNet_14GB_California_North-5.tif,69
38.64758964797529,-121.72881768893971,MCTNet_14GB_California_North-5.tif,69
38.64740998491846,-121.815235619272,MCTNet_14GB_California_North-5.tif,69
38.64740998491846,-121.57969735177586,MCTNet_14GB_California_North-5.tif,69
38.64723032186164,-121.66611528210817,MCTNet_14GB_California_North-5.tif,69
38.647050658804815,-121.75253321244047,MCTNet_14GB_California_North-5.tif,69
38.646870995747996,-121.83895114277276,MCTNet_14GB_California_North-5.tif,69
38.646870995747996,-121.60341287527663,MCTNet_14GB_California_North-5.tif,69
38.64669133269117,-121.68983080560892,MCTNet_14GB_California_North-5.tif,69
38.64651166963434,-121.77624873594122,MCTNet_14GB_California_North-5.tif,69
38.64633200657752,-121.86266666627353,MCTNet_14GB_California_North-5.tif,69
38.64633200657752,-121.62712839877739,MCTNet_14GB_California_North-5.tif,69
38.6461523435207,-121.71354632910968,MCTNet_14GB_California_North-5.tif,69
38.64597268046387,-121.79996425944198,MCTNet_14GB_California_North-5.tif,69
38.64579301740705,-121.88638218977428,MCTNet_14GB_California_North-5.tif,69
38.64579301740705,-121.65084392227814,MCTNet_14GB_California_North-5.tif,69
38.645613354350225,-121.73726185261043,MCTNet_14GB_California_North-5.tif,69
38.6454336912934,-121.82367978294273,MCTNet_14GB_California_North-5.tif,69
38.6454336912934,-121.5881415154466,MCTNet_14GB_California_North-5.tif,69
38.64525402823658,-121.6745594457789,MCTNet_14GB_California_North-5.tif,69
38.64507436517975,-121.76097737611119,MCTNet_14GB_California_North-5.tif,69
38.64489470212293,-121.84739530644349,MCTNet_14GB_California_North-5.tif,69
38.64489470212293,-121.61185703894735,MCTNet_14GB_California_North-5.tif,69
38.64471503906611,-121.69827496927965,MCTNet_14GB_California_North-5.tif,69
38.64453537600928,-121.78469289961194,MCTNet_14GB_California_North-5.tif,69
38.64435571295246,-121.87111082994424,MCTNet_14GB_California_North-5.tif,69
38.64435571295246,-121.6355725624481,MCTNet_14GB_California_North-5.tif,69
38.644176049895634,-121.7219904927804,MCTNet_14GB_California_North-5.tif,69
38.64399638683881,-121.8084084231127,MCTNet_14GB_California_North-5.tif,69
38.64399638683881,-121.57287015561656,MCTNet_14GB_California_North-5.tif,69
38.64381672378199,-121.65928808594886,MCTNet_14GB_California_North-5.tif,69
38.64363706072516,-121.74570601628116,MCTNet_14GB_California_North-5.tif,69
38.643457397668335,-121.83212394661345,MCTNet_14GB_California_North-5.tif,69
38.643457397668335,-121.59658567911731,MCTNet_14GB_California_North-5.tif,69
38.643277734611516,-121.68300360944961,MCTNet_14GB_California_North-5.tif,69
38.64309807155469,-121.76942153978192,MCTNet_14GB_California_North-5.tif,69
38.64291840849787,-121.8558394701142,MCTNet_14GB_California_North-5.tif,69
38.64291840849787,-121.62030120261807,MCTNet_14GB_California_North-5.tif,69
38.642738745441044,-121.70671913295037,MCTNet_14GB_California_North-5.tif,69
38.64255908238422,-121.79313706328267,MCTNet_14GB_California_North-5.tif,69
38.6423794193274,-121.87955499361496,MCTNet_14GB_California_North-5.tif,69
38.6423794193274,-121.64401672611882,MCTNet_14GB_California_North-5.tif,69
38.64219975627057,-121.73043465645112,MCTNet_14GB_California_North-5.tif,69
38.642020093213745,-121.81685258678343,MCTNet_14GB_California_North-5.tif,69
38.642020093213745,-121.58131431928729,MCTNet_14GB_California_North-5.tif,69
38.641840430156925,-121.66773224961959,MCTNet_14GB_California_North-5.tif,69
38.6416607671001,-121.75415017995188,MCTNet_14GB_California_North-5.tif,69
38.64148110404327,-121.84056811028418,MCTNet_14GB_California_North-5.tif,69
38.64148110404327,-121.60502984278804,MCTNet_14GB_California_North-5.tif,69
38.64130144098645,-121.69144777312034,MCTNet_14GB_California_North-5.tif,69
38.64112177792963,-121.77786570345263,MCTNet_14GB_California_North-5.tif,69
38.64094211487281,-121.86428363378494,MCTNet_14GB_California_North-5.tif,69
38.64094211487281,-121.6287453662888,MCTNet_14GB_California_North-5.tif,69
38.64076245181598,-121.7151632966211,MCTNet_14GB_California_North-5.tif,69
38.640582788759154,-121.80158122695339,MCTNet_14GB_California_North-5.tif,69
38.640403125702335,-121.88799915728569,MCTNet_14GB_California_North-5.tif,69
38.640403125702335,-121.65246088978955,MCTNet_14GB_California_North-5.tif,69
38.64022346264551,-121.73887882012185,MCTNet_14GB_California_North-5.tif,69
38.64004379958868,-121.82529675045414,MCTNet_14GB_California_North-5.tif,69
38.64004379958868,-121.589758482958,MCTNet_14GB_California_North-5.tif,69
38.63986413653186,-121.6761764132903,MCTNet_14GB_California_North-5.tif,69
38.639684473475036,-121.76259434362261,MCTNet_14GB_California_North-5.tif,69
38.63950481041821,-121.8490122739549,MCTNet_14GB_California_North-5.tif,69
38.63950481041821,-121.61347400645876,MCTNet_14GB_California_North-5.tif,69
38.63932514736139,-121.69989193679106,MCTNet_14GB_California_North-5.tif,69
38.639145484304564,-121.78630986712336,MCTNet_14GB_California_North-5.tif,69
38.638965821247744,-121.87272779745565,MCTNet_14GB_California_North-5.tif,69
38.638965821247744,-121.63718952995951,MCTNet_14GB_California_North-5.tif,69
38.63878615819092,-121.72360746029182,MCTNet_14GB_California_North-5.tif,69
38.63860649513409,-121.81002539062412,MCTNet_14GB_California_North-5.tif,69
38.63860649513409,-121.57448712312798,MCTNet_14GB_California_North-5.tif,69
38.63842683207727,-121.66090505346027,MCTNet_14GB_California_North-5.tif,69
38.638247169020445,-121.74732298379257,MCTNet_14GB_California_North-5.tif,69
38.63806750596362,-121.83374091412487,MCTNet_14GB_California_North-5.tif,69
38.63806750596362,-121.59820264662874,MCTNet_14GB_California_North-5.tif,69
38.6378878429068,-121.68462057696102,MCTNet_14GB_California_North-5.tif,69
38.63770817984997,-121.77103850729333,MCTNet_14GB_California_North-5.tif,69
38.63752851679315,-121.85745643762563,MCTNet_14GB_California_North-5.tif,69
38.63752851679315,-121.62191817012949,MCTNet_14GB_California_North-5.tif,69
38.63734885373633,-121.70833610046178,MCTNet_14GB_California_North-5.tif,69
38.6371691906795,-121.79475403079408,MCTNet_14GB_California_North-5.tif,69
38.63698952762268,-121.88117196112638,MCTNet_14GB_California_North-5.tif,69
38.63698952762268,-121.64563369363024,MCTNet_14GB_California_North-5.tif,69
38.636809864565855,-121.73205162396255,MCTNet_14GB_California_North-5.tif,69
38.63663020150903,-121.81846955429484,MCTNet_14GB_California_North-5.tif,69
38.63663020150903,-121.5829312867987,MCTNet_14GB_California_North-5.tif,69
38.63645053845221,-121.669349217131,MCTNet_14GB_California_North-5.tif,69
38.63627087539538,-121.7557671474633,MCTNet_14GB_California_North-5.tif,69
38.636091212338556,-121.84218507779559,MCTNet_14GB_California_North-5.tif,69
38.636091212338556,-121.60664681029945,MCTNet_14GB_California_North-5.tif,69
38.63591154928174,-121.69306474063175,MCTNet_14GB_California_North-5.tif,69
38.63573188622491,-121.77948267096406,MCTNet_14GB_California_North-5.tif,69
38.635552223168084,-121.86590060129635,MCTNet_14GB_California_North-5.tif,69
38.635552223168084,-121.6303623338002,MCTNet_14GB_California_North-5.tif,69
38.635372560111264,-121.71678026413251,MCTNet_14GB_California_North-5.tif,69
38.63519289705444,-121.80319819446481,MCTNet_14GB_California_North-5.tif,69
38.63501323399761,-121.8896161247971,MCTNet_14GB_California_North-5.tif,69
38.63501323399761,-121.65407785730096,MCTNet_14GB_California_North-5.tif,69
38.63483357094079,-121.74049578763326,MCTNet_14GB_California_North-5.tif,69
38.634653907883965,-121.82691371796557,MCTNet_14GB_California_North-5.tif,69
38.634653907883965,-121.59137545046943,MCTNet_14GB_California_North-5.tif,69
38.634474244827146,-121.67779338080172,MCTNet_14GB_California_North-5.tif,69
38.63429458177032,-121.76421131113402,MCTNet_14GB_California_North-5.tif,69
38.63411491871349,-121.85062924146632,MCTNet_14GB_California_North-5.tif,69
38.63411491871349,-121.61509097397018,MCTNet_14GB_California_North-5.tif,69
38.633935255656674,-121.70150890430247,MCTNet_14GB_California_North-5.tif,69
38.63375559259985,-121.78792683463477,MCTNet_14GB_California_North-5.tif,69
38.63357592954302,-121.87434476496708,MCTNet_14GB_California_North-5.tif,69
38.63357592954302,-121.63880649747094,MCTNet_14GB_California_North-5.tif,69
38.6333962664862,-121.72522442780323,MCTNet_14GB_California_North-5.tif,69
38.633216603429375,-121.81164235813553,MCTNet_14GB_California_North-5.tif,69
38.633216603429375,-121.57610409063939,MCTNet_14GB_California_North-5.tif,69
38.63303694037255,-121.66252202097169,MCTNet_14GB_California_North-5.tif,69
38.63285727731573,-121.74893995130398,MCTNet_14GB_California_North-5.tif,69
38.6326776142589,-121.83535788163628,MCTNet_14GB_California_North-5.tif,69
38.6326776142589,-121.59981961414015,MCTNet_14GB_California_North-5.tif,69
38.63249795120208,-121.68623754447245,MCTNet_14GB_California_North-5.tif,69
38.63231828814526,-121.77265547480474,MCTNet_14GB_California_North-5.tif,69
38.63213862508843,-121.85907340513704,MCTNet_14GB_California_North-5.tif,69
38.63213862508843,-121.6235351376409,MCTNet_14GB_California_North-5.tif,69
38.63195896203161,-121.7099530679732,MCTNet_14GB_California_North-5.tif,69
38.631779298974784,-121.7963709983055,MCTNet_14GB_California_North-5.tif,69
38.63159963591796,-121.8827889286378,MCTNet_14GB_California_North-5.tif,69
38.63159963591796,-121.64725066114165,MCTNet_14GB_California_North-5.tif,69
38.63141997286114,-121.73366859147396,MCTNet_14GB_California_North-5.tif,69
38.63124030980431,-121.82008652180626,MCTNet_14GB_California_North-5.tif,69
38.63124030980431,-121.58454825431012,MCTNet_14GB_California_North-5.tif,69
38.631060646747486,-121.67096618464241,MCTNet_14GB_California_North-5.tif,69
38.630880983690666,-121.75738411497471,MCTNet_14GB_California_North-5.tif,69
38.63070132063384,-121.84380204530702,MCTNet_14GB_California_North-5.tif,69
38.63070132063384,-121.60826377781088,MCTNet_14GB_California_North-5.tif,69
38.63052165757702,-121.69468170814316,MCTNet_14GB_California_North-5.tif,69
38.630341994520194,-121.78109963847547,MCTNet_14GB_California_North-5.tif,69
38.63016233146337,-121.86751756880777,MCTNet_14GB_California_North-5.tif,69
38.63016233146337,-121.63197930131163,MCTNet_14GB_California_North-5.tif,69
38.62998266840655,-121.71839723164392,MCTNet_14GB_California_North-5.tif,69
38.62980300534972,-121.80481516197622,MCTNet_14GB_California_North-5.tif,69
38.629623342292895,-121.89123309230852,MCTNet_14GB_California_North-5.tif,69
38.629623342292895,-121.65569482481239,MCTNet_14GB_California_North-5.tif,69
38.629443679236076,-121.74211275514467,MCTNet_14GB_California_North-5.tif,69
38.62926401617925,-121.82853068547698,MCTNet_14GB_California_North-5.tif,69
38.62926401617925,-121.59299241798084,MCTNet_14GB_California_North-5.tif,69
38.62908435312242,-121.67941034831314,MCTNet_14GB_California_North-5.tif,69
38.6289046900656,-121.76582827864543,MCTNet_14GB_California_North-5.tif,69
38.62872502700878,-121.85224620897773,MCTNet_14GB_California_North-5.tif,69
38.62872502700878,-121.6167079414816,MCTNet_14GB_California_North-5.tif,69
38.62854536395196,-121.7031258718139,MCTNet_14GB_California_North-5.tif,69
38.62836570089513,-121.78954380214618,MCTNet_14GB_California_North-5.tif,69
38.628186037838304,-121.87596173247849,MCTNet_14GB_California_North-5.tif,69
38.628186037838304,-121.64042346498235,MCTNet_14GB_California_North-5.tif,69
38.628006374781485,-121.72684139531465,MCTNet_14GB_California_North-5.tif,69
38.62782671172466,-121.81325932564694,MCTNet_14GB_California_North-5.tif,69
38.62782671172466,-121.5777210581508,MCTNet_14GB_California_North-5.tif,69
38.62764704866783,-121.6641389884831,MCTNet_14GB_California_North-5.tif,69
38.62746738561101,-121.7505569188154,MCTNet_14GB_California_North-5.tif,69
38.627287722554186,-121.8369748491477,MCTNet_14GB_California_North-5.tif,69
38.627287722554186,-121.60143658165157,MCTNet_14GB_California_North-5.tif,69
38.62710805949736,-121.68785451198386,MCTNet_14GB_California_North-5.tif,69
38.62692839644054,-121.77427244231616,MCTNet_14GB_California_North-5.tif,69
38.626748733383714,-121.86069037264845,MCTNet_14GB_California_North-5.tif,69
38.626748733383714,-121.62515210515232,MCTNet_14GB_California_North-5.tif,69
38.626569070326894,-121.71157003548461,MCTNet_14GB_California_North-5.tif,69
38.62638940727007,-121.79798796581692,MCTNet_14GB_California_North-5.tif,69
38.62620974421324,-121.88440589614922,MCTNet_14GB_California_North-5.tif,69
38.62620974421324,-121.64886762865308,MCTNet_14GB_California_North-5.tif,69
38.62603008115642,-121.73528555898537,MCTNet_14GB_California_North-5.tif,69
38.625850418099596,-121.82170348931767,MCTNet_14GB_California_North-5.tif,69
38.625850418099596,-121.58616522182153,MCTNet_14GB_California_North-5.tif,69
38.62567075504277,-121.67258315215383,MCTNet_14GB_California_North-5.tif,69
38.62549109198595,-121.75900108248612,MCTNet_14GB_California_North-5.tif,69
38.62531142892912,-121.84541901281843,MCTNet_14GB_California_North-5.tif,69
38.62531142892912,-121.60988074532229,MCTNet_14GB_California_North-5.tif,69
38.6251317658723,-121.69629867565459,MCTNet_14GB_California_North-5.tif,69
38.62495210281548,-121.78271660598688,MCTNet_14GB_California_North-5.tif,69
38.62477243975865,-121.86913453631918,MCTNet_14GB_California_North-5.tif,69
38.62477243975865,-121.63359626882304,MCTNet_14GB_California_North-5.tif,69
38.62459277670183,-121.72001419915534,MCTNet_14GB_California_North-5.tif,69
38.624413113645005,-121.80643212948763,MCTNet_14GB_California_North-5.tif,69
38.62423345058818,-121.89285005981993,MCTNet_14GB_California_North-5.tif,69
38.62423345058818,-121.6573117923238,MCTNet_14GB_California_North-5.tif,69
38.62405378753136,-121.7437297226561,MCTNet_14GB_California_North-5.tif,69
38.62387412447453,-121.83014765298839,MCTNet_14GB_California_North-5.tif,69
38.62387412447453,-121.59460938549225,MCTNet_14GB_California_North-5.tif,69
38.623694461417706,-121.68102731582455,MCTNet_14GB_California_North-5.tif,69
38.62351479836089,-121.76744524615685,MCTNet_14GB_California_North-5.tif,69
38.62333513530406,-121.85386317648914,MCTNet_14GB_California_North-5.tif,69
38.62333513530406,-121.618324908993,MCTNet_14GB_California_North-5.tif,69
38.623155472247234,-121.7047428393253,MCTNet_14GB_California_North-5.tif,69
38.622975809190415,-121.79116076965761,MCTNet_14GB_California_North-5.tif,69
38.62279614613359,-121.8775786999899,MCTNet_14GB_California_North-5.tif,69
38.62279614613359,-121.64204043249376,MCTNet_14GB_California_North-5.tif,69
38.62261648307677,-121.72845836282606,MCTNet_14GB_California_North-5.tif,69
38.62243682001994,-121.81487629315836,MCTNet_14GB_California_North-5.tif,69
38.62243682001994,-121.57933802566222,MCTNet_14GB_California_North-5.tif,69
38.622257156963116,-121.66575595599451,MCTNet_14GB_California_North-5.tif,69
38.622077493906296,-121.75217388632682,MCTNet_14GB_California_North-5.tif,69
38.62189783084947,-121.83859181665912,MCTNet_14GB_California_North-5.tif,69
38.62189783084947,-121.60305354916298,MCTNet_14GB_California_North-5.tif,69
38.62171816779264,-121.68947147949528,MCTNet_14GB_California_North-5.tif,69
38.621538504735824,-121.77588940982757,MCTNet_14GB_California_North-5.tif,69
38.621358841679,-121.86230734015987,MCTNet_14GB_California_North-5.tif,69
38.621358841679,-121.62676907266373,MCTNet_14GB_California_North-5.tif,69
38.62117917862217,-121.71318700299604,MCTNet_14GB_California_North-5.tif,69
38.62099951556535,-121.79960493332833,MCTNet_14GB_California_North-5.tif,69
38.620819852508525,-121.88602286366063,MCTNet_14GB_California_North-5.tif,69
38.620819852508525,-121.65048459616449,MCTNet_14GB_California_North-5.tif,69
38.620640189451706,-121.73690252649679,MCTNet_14GB_California_North-5.tif,69
38.62046052639488,-121.82332045682908,MCTNet_14GB_California_North-5.tif,69
38.62046052639488,-121.58778218933294,MCTNet_14GB_California_North-5.tif,69
38.62028086333805,-121.67420011966524,MCTNet_14GB_California_North-5.tif,69
38.62010120028123,-121.76061804999755,MCTNet_14GB_California_North-5.tif,69
38.61992153722441,-121.84703598032984,MCTNet_14GB_California_North-5.tif,69
38.61992153722441,-121.6114977128337,MCTNet_14GB_California_North-5.tif,69
38.61974187416758,-121.697915643166,MCTNet_14GB_California_North-5.tif,69
38.61956221111076,-121.7843335734983,MCTNet_14GB_California_North-5.tif,69
38.619382548053935,-121.87075150383059,MCTNet_14GB_California_North-5.tif,69
38.619382548053935,-121.63521323633445,MCTNet_14GB_California_North-5.tif,69
38.61920288499711,-121.72163116666675,MCTNet_14GB_California_North-5.tif,69
38.61902322194029,-121.80804909699906,MCTNet_14GB_California_North-5.tif,69
38.61902322194029,-121.57251082950292,MCTNet_14GB_California_North-5.tif,69
38.61884355888346,-121.6589287598352,MCTNet_14GB_California_North-5.tif,69
38.61866389582664,-121.74534669016751,MCTNet_14GB_California_North-5.tif,69
38.618484232769816,-121.83176462049981,MCTNet_14GB_California_North-5.tif,69
38.618484232769816,-121.59622635300367,MCTNet_14GB_California_North-5.tif,69
38.61830456971299,-121.68264428333596,MCTNet_14GB_California_North-5.tif,69
38.61812490665617,-121.76906221366826,MCTNet_14GB_California_North-5.tif,69
38.617945243599344,-121.85548014400057,MCTNet_14GB_California_North-5.tif,69
38.617945243599344,-121.61994187650443,MCTNet_14GB_California_North-5.tif,69
38.61776558054252,-121.70635980683672,MCTNet_14GB_California_North-5.tif,69
38.6175859174857,-121.79277773716902,MCTNet_14GB_California_North-5.tif,69
38.61740625442887,-121.87919566750132,MCTNet_14GB_California_North-5.tif,69
38.61740625442887,-121.64365740000518,MCTNet_14GB_California_North-5.tif,69
38.617226591372045,-121.73007533033748,MCTNet_14GB_California_North-5.tif,69
38.617046928315226,-121.81649326066977,MCTNet_14GB_California_North-5.tif,69
38.617046928315226,-121.58095499317363,MCTNet_14GB_California_North-5.tif,69
38.6168672652584,-121.66737292350594,MCTNet_14GB_California_North-5.tif,69
38.61668760220158,-121.75379085383824,MCTNet_14GB_California_North-5.tif,69
38.61650793914475,-121.84020878417053,MCTNet_14GB_California_North-5.tif,69
38.61650793914475,-121.60467051667439,MCTNet_14GB_California_North-5.tif,69
38.61632827608793,-121.69108844700669,MCTNet_14GB_California_North-5.tif,69
38.61614861303111,-121.777506377339,MCTNet_14GB_California_North-5.tif,69
38.61596894997428,-121.86392430767128,MCTNet_14GB_California_North-5.tif,69
38.61596894997428,-121.62838604017514,MCTNet_14GB_California_North-5.tif,69
38.615789286917455,-121.71480397050745,MCTNet_14GB_California_North-5.tif,69
38.615609623860635,-121.80122190083975,MCTNet_14GB_California_North-5.tif,69
38.61542996080381,-121.88763983117204,MCTNet_14GB_California_North-5.tif,69
38.61542996080381,-121.6521015636759,MCTNet_14GB_California_North-5.tif,69
38.61525029774698,-121.7385194940082,MCTNet_14GB_California_North-5.tif,69
38.61507063469016,-121.8249374243405,MCTNet_14GB_California_North-5.tif,69
38.61507063469016,-121.58939915684437,MCTNet_14GB_California_North-5.tif,69
38.614890971633336,-121.67581708717665,MCTNet_14GB_California_North-5.tif,69
38.61471130857652,-121.76223501750896,MCTNet_14GB_California_North-5.tif,69
38.61453164551969,-121.84865294784126,MCTNet_14GB_California_North-5.tif,69
38.61453164551969,-121.61311468034512,MCTNet_14GB_California_North-5.tif,69
38.614351982462864,-121.69953261067741,MCTNet_14GB_California_North-5.tif,69
38.614172319406045,-121.78595054100971,MCTNet_14GB_California_North-5.tif,69
38.61399265634922,-121.87236847134201,MCTNet_14GB_California_North-5.tif,69
38.61399265634922,-121.63683020384588,MCTNet_14GB_California_North-5.tif,69
38.61381299329239,-121.72324813417816,MCTNet_14GB_California_North-5.tif,69
38.61363333023557,-121.80966606451047,MCTNet_14GB_California_North-5.tif,69
38.61363333023557,-121.57412779701433,MCTNet_14GB_California_North-5.tif,69
38.613453667178746,-121.66054572734663,MCTNet_14GB_California_North-5.tif,69
38.61327400412192,-121.74696365767892,MCTNet_14GB_California_North-5.tif,69
38.6130943410651,-121.83338158801122,MCTNet_14GB_California_North-5.tif,69
38.6130943410651,-121.59784332051508,MCTNet_14GB_California_North-5.tif,69
38.61291467800827,-121.68426125084738,MCTNet_14GB_California_North-5.tif,69
38.612735014951454,-121.77067918117967,MCTNet_14GB_California_North-5.tif,69
38.61255535189463,-121.85709711151198,MCTNet_14GB_California_North-5.tif,69
38.61255535189463,-121.62155884401584,MCTNet_14GB_California_North-5.tif,69
38.6123756888378,-121.70797677434814,MCTNet_14GB_California_North-5.tif,69
38.61219602578098,-121.79439470468043,MCTNet_14GB_California_North-5.tif,69
38.612016362724155,-121.88081263501273,MCTNet_14GB_California_North-5.tif,69
38.612016362724155,-121.64527436751659,MCTNet_14GB_California_North-5.tif,69
38.61183669966733,-121.7316922978489,MCTNet_14GB_California_North-5.tif,69
38.61165703661051,-121.8181102281812,MCTNet_14GB_California_North-5.tif,69
38.61165703661051,-121.58257196068506,MCTNet_14GB_California_North-5.tif,69
38.61147737355368,-121.66898989101735,MCTNet_14GB_California_North-5.tif,69
38.611297710496856,-121.75540782134965,MCTNet_14GB_California_North-5.tif,69
38.61111804744004,-121.84182575168195,MCTNet_14GB_California_North-5.tif,69
38.61111804744004,-121.60628748418581,MCTNet_14GB_California_North-5.tif,69
38.61093838438321,-121.6927054145181,MCTNet_14GB_California_North-5.tif,69
38.61075872132639,-121.7791233448504,MCTNet_14GB_California_North-5.tif,69
38.610579058269565,-121.86554127518271,MCTNet_14GB_California_North-5.tif,69
38.610579058269565,-121.63000300768657,MCTNet_14GB_California_North-5.tif,69
38.61039939521274,-121.71642093801886,MCTNet_14GB_California_North-5.tif,69
38.61021973215592,-121.80283886835116,MCTNet_14GB_California_North-5.tif,69
38.61004006909909,-121.88925679868346,MCTNet_14GB_California_North-5.tif,69
38.61004006909909,-121.65371853118732,MCTNet_14GB_California_North-5.tif,69
38.609860406042266,-121.74013646151961,MCTNet_14GB_California_North-5.tif,69
38.60968074298545,-121.82655439185191,MCTNet_14GB_California_North-5.tif,69
38.60968074298545,-121.59101612435578,MCTNet_14GB_California_North-5.tif,69
38.60950107992862,-121.67743405468808,MCTNet_14GB_California_North-5.tif,69
38.60932141687179,-121.76385198502037,MCTNet_14GB_California_North-5.tif,69
38.609141753814974,-121.85026991535267,MCTNet_14GB_California_North-5.tif,69
38.609141753814974,-121.61473164785653,MCTNet_14GB_California_North-5.tif,69
38.60896209075815,-121.70114957818883,MCTNet_14GB_California_North-5.tif,69
38.60878242770133,-121.78756750852112,MCTNet_14GB_California_North-5.tif,69
38.6086027646445,-121.87398543885342,MCTNet_14GB_California_North-5.tif,69
38.6086027646445,-121.63844717135729,MCTNet_14GB_California_North-5.tif,69
38.608423101587675,-121.72486510168959,MCTNet_14GB_California_North-5.tif,69
38.608243438530856,-121.81128303202188,MCTNet_14GB_California_North-5.tif,69
38.608243438530856,-121.57574476452574,MCTNet_14GB_California_North-5.tif,69
38.60806377547403,-121.66216269485804,MCTNet_14GB_California_North-5.tif,69
38.6078841124172,-121.74858062519034,MCTNet_14GB_California_North-5.tif,69
38.607704449360384,-121.83499855552263,MCTNet_14GB_California_North-5.tif,69
38.607704449360384,-121.5994602880265,MCTNet_14GB_California_North-5.tif,69
38.60752478630356,-121.6858782183588,MCTNet_14GB_California_North-5.tif,69
38.60734512324673,-121.7722961486911,MCTNet_14GB_California_North-5.tif,69
38.60716546018991,-121.85871407902339,MCTNet_14GB_California_North-5.tif,69
38.60716546018991,-121.62317581152726,MCTNet_14GB_California_North-5.tif,69
38.606985797133085,-121.70959374185955,MCTNet_14GB_California_North-5.tif,69
38.606806134076265,-121.79601167219185,MCTNet_14GB_California_North-5.tif,69
38.60662647101944,-121.88242960252416,MCTNet_14GB_California_North-5.tif,69
38.60662647101944,-121.64689133502802,MCTNet_14GB_California_North-5.tif,69
38.60644680796261,-121.7333092653603,MCTNet_14GB_California_North-5.tif,69
38.60626714490579,-121.81972719569261,MCTNet_14GB_California_North-5.tif,69
38.60626714490579,-121.58418892819647,MCTNet_14GB_California_North-5.tif,69
38.60608748184897,-121.67060685852877,MCTNet_14GB_California_North-5.tif,69
38.60590781879214,-121.75702478886106,MCTNet_14GB_California_North-5.tif,69
38.60572815573532,-121.84344271919336,MCTNet_14GB_California_North-5.tif,69
38.60572815573532,-121.60790445169722,MCTNet_14GB_California_North-5.tif,69
38.605548492678494,-121.69432238202953,MCTNet_14GB_California_North-5.tif,69
38.60536882962167,-121.78074031236181,MCTNet_14GB_California_North-5.tif,69
38.60518916656485,-121.86715824269412,MCTNet_14GB_California_North-5.tif,69
38.60518916656485,-121.63161997519798,MCTNet_14GB_California_North-5.tif,69
38.60500950350802,-121.71803790553028,MCTNet_14GB_California_North-5.tif,69
38.6048298404512,-121.80445583586257,MCTNet_14GB_California_North-5.tif,69
38.604650177394376,-121.89087376619487,MCTNet_14GB_California_North-5.tif,69
38.604650177394376,-121.65533549869873,MCTNet_14GB_California_North-5.tif,69
38.60447051433755,-121.74175342903104,MCTNet_14GB_California_North-5.tif,69
38.60429085128073,-121.82817135936332,MCTNet_14GB_California_North-5.tif,69
38.60429085128073,-121.59263309186719,MCTNet_14GB_California_North-5.tif,69
38.604111188223904,-121.67905102219949,MCTNet_14GB_California_North-5.tif,69
38.60393152516708,-121.76546895253179,MCTNet_14GB_California_North-5.tif,69
38.60375186211026,-121.85188688286408,MCTNet_14GB_California_North-5.tif,69
38.60375186211026,-121.61634861536794,MCTNet_14GB_California_North-5.tif,69
38.60357219905343,-121.70276654570024,MCTNet_14GB_California_North-5.tif,69
38.603392535996605,-121.78918447603255,MCTNet_14GB_California_North-5.tif,69
38.603212872939785,-121.87560240636483,MCTNet_14GB_California_North-5.tif,69
38.603212872939785,-121.6400641388687,MCTNet_14GB_California_North-5.tif,69
38.60303320988296,-121.726482069201,MCTNet_14GB_California_North-5.tif,69
38.60285354682613,-121.8128999995333,MCTNet_14GB_California_North-5.tif,69
38.60285354682613,-121.57736173203716,MCTNet_14GB_California_North-5.tif,69
38.60267388376931,-121.66377966236945,MCTNet_14GB_California_North-5.tif,69
38.60249422071249,-121.75019759270175,MCTNet_14GB_California_North-5.tif,69
38.60231455765567,-121.83661552303406,MCTNet_14GB_California_North-5.tif,69
38.60231455765567,-121.60107725553792,MCTNet_14GB_California_North-5.tif,69
38.60213489459884,-121.68749518587022,MCTNet_14GB_California_North-5.tif,69
38.601955231542014,-121.77391311620251,MCTNet_14GB_California_North-5.tif,69
38.601775568485195,-121.86033104653481,MCTNet_14GB_California_North-5.tif,69
38.601775568485195,-121.62479277903867,MCTNet_14GB_California_North-5.tif,69
38.60159590542837,-121.71121070937097,MCTNet_14GB_California_North-5.tif,69
38.60141624237154,-121.79762863970326,MCTNet_14GB_California_North-5.tif,69
38.60123657931472,-121.88404657003557,MCTNet_14GB_California_North-5.tif,69
38.60123657931472,-121.64850830253943,MCTNet_14GB_California_North-5.tif,69
38.601056916257896,-121.73492623287173,MCTNet_14GB_California_North-5.tif,69
38.60087725320107,-121.82134416320402,MCTNet_14GB_California_North-5.tif,69
38.60087725320107,-121.58580589570788,MCTNet_14GB_California_North-5.tif,69
38.60069759014425,-121.67222382604018,MCTNet_14GB_California_North-5.tif,69
38.600517927087424,-121.75864175637248,MCTNet_14GB_California_North-5.tif,69
38.600338264030604,-121.84505968670477,MCTNet_14GB_California_North-5.tif,69
38.600338264030604,-121.60952141920863,MCTNet_14GB_California_North-5.tif,69
38.60015860097378,-121.69593934954094,MCTNet_14GB_California_North-5.tif,69
38.59997893791695,-121.78235727987324,MCTNet_14GB_California_North-5.tif,69
38.59979927486013,-121.86877521020553,MCTNet_14GB_California_North-5.tif,69
38.59979927486013,-121.63323694270939,MCTNet_14GB_California_North-5.tif,69
38.599619611803305,-121.71965487304169,MCTNet_14GB_California_North-5.tif,69
38.59943994874648,-121.806072803374,MCTNet_14GB_California_North-5.tif,69
38.59926028568966,-121.89249073370628,MCTNet_14GB_California_North-5.tif,69
38.59926028568966,-121.65695246621014,MCTNet_14GB_California_North-5.tif,69
38.59908062263283,-121.74337039654245,MCTNet_14GB_California_North-5.tif,69
38.59890095957601,-121.82978832687475,MCTNet_14GB_California_North-5.tif,69
38.59890095957601,-121.59425005937861,MCTNet_14GB_California_North-5.tif,69
38.59872129651919,-121.6806679897109,MCTNet_14GB_California_North-5.tif,69
38.59854163346236,-121.7670859200432,MCTNet_14GB_California_North-5.tif,69
38.59836197040554,-121.8535038503755,MCTNet_14GB_California_North-5.tif,69
38.59836197040554,-121.61796558287936,MCTNet_14GB_California_North-5.tif,69
38.598182307348715,-121.70438351321165,MCTNet_14GB_California_North-5.tif,69
38.59800264429189,-121.79080144354396,MCTNet_14GB_California_North-5.tif,69
38.59782298123507,-121.87721937387626,MCTNet_14GB_California_North-5.tif,69
38.59782298123507,-121.64168110638012,MCTNet_14GB_California_North-5.tif,69
38.59764331817824,-121.72809903671241,MCTNet_14GB_California_North-5.tif,69
38.597463655121416,-121.81451696704471,MCTNet_14GB_California_North-5.tif,69
38.597463655121416,-121.57897869954857,MCTNet_14GB_California_North-5.tif,69
38.5972839920646,-121.66539662988087,MCTNet_14GB_California_North-5.tif,69
38.59710432900777,-121.75181456021318,MCTNet_14GB_California_North-5.tif,69
38.596924665950944,-121.83823249054547,MCTNet_14GB_California_North-5.tif,69
38.596924665950944,-121.60269422304933,MCTNet_14GB_California_North-5.tif,74
38.596745002894124,-121.68911215338163,MCTNet_14GB_California_North-5.tif,74
38.5965653398373,-121.77553008371393,MCTNet_14GB_California_North-5.tif,74
38.59638567678048,-121.86194801404622,MCTNet_14GB_California_North-5.tif,74
38.59638567678048,-121.62640974655008,MCTNet_14GB_California_North-5.tif,74
38.59620601372365,-121.71282767688238,MCTNet_14GB_California_North-5.tif,74
38.596026350666826,-121.79924560721469,MCTNet_14GB_California_North-5.tif,74
38.595846687610006,-121.88566353754698,MCTNet_14GB_California_North-5.tif,74
38.595846687610006,-121.65012527005084,MCTNet_14GB_California_North-5.tif,74
38.59566702455318,-121.73654320038314,MCTNet_14GB_California_North-5.tif,74
38.59548736149635,-121.82296113071544,MCTNet_14GB_California_North-5.tif,74
38.59548736149635,-121.5874228632193,MCTNet_14GB_California_North-5.tif,74
38.595307698439534,-121.67384079355159,MCTNet_14GB_California_North-5.tif,74
38.59512803538271,-121.7602587238839,MCTNet_14GB_California_North-5.tif,74
38.59494837232588,-121.8466766542162,MCTNet_14GB_California_North-5.tif,74
38.59494837232588,-121.61113838672006,MCTNet_14GB_California_North-5.tif,74
38.59476870926906,-121.69755631705235,MCTNet_14GB_California_North-5.tif,74
38.594589046212235,-121.78397424738465,MCTNet_14GB_California_North-5.tif,74
38.594409383155416,-121.87039217771695,MCTNet_14GB_California_North-5.tif,74
38.594409383155416,-121.63485391022081,MCTNet_14GB_California_North-5.tif,74
38.59422972009859,-121.7212718405531,MCTNet_14GB_California_North-5.tif,74
38.59405005704176,-121.8076897708854,MCTNet_14GB_California_North-5.tif,74
38.59405005704176,-121.57215150338926,MCTNet_14GB_California_North-5.tif,74
38.59387039398494,-121.65856943372157,MCTNet_14GB_California_North-5.tif,74
38.59369073092812,-121.74498736405386,MCTNet_14GB_California_North-5.tif,74
38.59351106787129,-121.83140529438616,MCTNet_14GB_California_North-5.tif,74
38.59351106787129,-121.59586702689002,MCTNet_14GB_California_North-5.tif,74
38.59333140481447,-121.68228495722232,MCTNet_14GB_California_North-5.tif,74
38.593151741757644,-121.76870288755461,MCTNet_14GB_California_North-5.tif,74
38.59297207870082,-121.85512081788691,MCTNet_14GB_California_North-5.tif,74
38.59297207870082,-121.61958255039077,MCTNet_14GB_California_North-5.tif,74
38.592792415644,-121.70600048072308,MCTNet_14GB_California_North-5.tif,74
38.59261275258717,-121.79241841105537,MCTNet_14GB_California_North-5.tif,74
38.59243308953035,-121.87883634138767,MCTNet_14GB_California_North-5.tif,74
38.59243308953035,-121.64329807389153,MCTNet_14GB_California_North-5.tif,74
38.592253426473526,-121.72971600422383,MCTNet_14GB_California_North-5.tif,74
38.5920737634167,-121.81613393455613,MCTNet_14GB_California_North-5.tif,74
38.5920737634167,-121.58059566706,MCTNet_14GB_California_North-5.tif,74
38.59189410035988,-121.66701359739228,MCTNet_14GB_California_North-5.tif,74
38.591714437303054,-121.75343152772459,MCTNet_14GB_California_North-5.tif,74
38.59153477424623,-121.83984945805689,MCTNet_14GB_California_North-5.tif,74
38.59153477424623,-121.60431119056075,MCTNet_14GB_California_North-5.tif,74
38.59135511118941,-121.69072912089304,MCTNet_14GB_California_North-5.tif,74
38.59117544813258,-121.77714705122534,MCTNet_14GB_California_North-5.tif,74
38.590995785075755,-121.86356498155764,MCTNet_14GB_California_North-5.tif,74
38.590995785075755,-121.6280267140615,MCTNet_14GB_California_North-5.tif,74
38.590816122018936,-121.7144446443938,MCTNet_14GB_California_North-5.tif,74
38.59063645896211,-121.8008625747261,MCTNet_14GB_California_North-5.tif,74
38.59045679590529,-121.8872805050584,MCTNet_14GB_California_North-5.tif,74
38.59045679590529,-121.65174223756226,MCTNet_14GB_California_North-5.tif,74
38.59027713284846,-121.73816016789455,MCTNet_14GB_California_North-5.tif,74
38.59009746979164,-121.82457809822685,MCTNet_14GB_California_North-5.tif,74
38.59009746979164,-121.58903983073071,MCTNet_14GB_California_North-5.tif,74
38.58991780673482,-121.67545776106302,MCTNet_14GB_California_North-5.tif,74
38.58973814367799,-121.7618756913953,MCTNet_14GB_California_North-5.tif,74
38.589558480621164,-121.8482936217276,MCTNet_14GB_California_North-5.tif,74
38.589558480621164,-121.61275535423147,MCTNet_14GB_California_North-5.tif,74
38.589378817564345,-121.69917328456377,MCTNet_14GB_California_North-5.tif,74
38.58919915450752,-121.78559121489606,MCTNet_14GB_California_North-5.tif,74
38.58901949145069,-121.87200914522836,MCTNet_14GB_California_North-5.tif,74
38.58901949145069,-121.63647087773222,MCTNet_14GB_California_North-5.tif,74
38.58883982839387,-121.72288880806452,MCTNet_14GB_California_North-5.tif,74
38.588660165337046,-121.80930673839681,MCTNet_14GB_California_North-5.tif,74
38.588660165337046,-121.57376847090067,MCTNet_14GB_California_North-5.tif,74
38.58848050228023,-121.66018640123298,MCTNet_14GB_California_North-5.tif,74
38.5883008392234,-121.74660433156528,MCTNet_14GB_California_North-5.tif,74
38.588121176166574,-121.83302226189757,MCTNet_14GB_California_North-5.tif,74
38.588121176166574,-121.59748399440143,MCTNet_14GB_California_North-5.tif,74
38.587941513109755,-121.68390192473373,MCTNet_14GB_California_North-5.tif,74
38.58776185005293,-121.77031985506603,MCTNet_14GB_California_North-5.tif,74
38.5875821869961,-121.85673778539832,MCTNet_14GB_California_North-5.tif,74
38.5875821869961,-121.6211995179022,MCTNet_14GB_California_North-5.tif,74
38.58740252393928,-121.70761744823449,MCTNet_14GB_California_North-5.tif,74
38.587222860882456,-121.79403537856679,MCTNet_14GB_California_North-5.tif,74
38.58704319782563,-121.88045330889909,MCTNet_14GB_California_North-5.tif,74
38.58704319782563,-121.64491504140295,MCTNet_14GB_California_North-5.tif,74
38.58686353476881,-121.73133297173524,MCTNet_14GB_California_North-5.tif,74
38.58668387171198,-121.81775090206754,MCTNet_14GB_California_North-5.tif,74
38.58668387171198,-121.5822126345714,MCTNet_14GB_California_North-5.tif,74
38.586504208655164,-121.66863056490371,MCTNet_14GB_California_North-5.tif,74
38.58632454559834,-121.755048495236,MCTNet_14GB_California_North-5.tif,74
38.58614488254151,-121.8414664255683,MCTNet_14GB_California_North-5.tif,74
38.58614488254151,-121.60592815807216,MCTNet_14GB_California_North-5.tif,74
38.58596521948469,-121.69234608840446,MCTNet_14GB_California_North-5.tif,74
38.585785556427865,-121.77876401873675,MCTNet_14GB_California_North-5.tif,74
38.58560589337104,-121.86518194906905,MCTNet_14GB_California_North-5.tif,74
38.58560589337104,-121.62964368157292,MCTNet_14GB_California_North-5.tif,74
38.58542623031422,-121.71606161190522,MCTNet_14GB_California_North-5.tif,74
38.58524656725739,-121.8024795422375,MCTNet_14GB_California_North-5.tif,74
38.585066904200566,-121.88889747256981,MCTNet_14GB_California_North-5.tif,74
38.585066904200566,-121.65335920507367,MCTNet_14GB_California_North-5.tif,74
38.58488724114375,-121.73977713540597,MCTNet_14GB_California_North-5.tif,74
38.58470757808692,-121.82619506573826,MCTNet_14GB_California_North-5.tif,74
38.58470757808692,-121.59065679824212,MCTNet_14GB_California_North-5.tif,74
38.5845279150301,-121.67707472857442,MCTNet_14GB_California_North-5.tif,74
38.584348251973275,-121.76349265890673,MCTNet_14GB_California_North-5.tif,74
38.58416858891645,-121.84991058923902,MCTNet_14GB_California_North-5.tif,74
38.58416858891645,-121.61437232174288,MCTNet_14GB_California_North-5.tif,74
38.58398892585963,-121.70079025207518,MCTNet_14GB_California_North-5.tif,74
38.5838092628028,-121.78720818240748,MCTNet_14GB_California_North-5.tif,74
38.583629599745976,-121.87362611273977,MCTNet_14GB_California_North-5.tif,74
38.583629599745976,-121.63808784524363,MCTNet_14GB_California_North-5.tif,74
38.583449936689156,-121.72450577557593,MCTNet_14GB_California_North-5.tif,74
38.58327027363233,-121.81092370590824,MCTNet_14GB_California_North-5.tif,74
38.58327027363233,-121.5753854384121,MCTNet_14GB_California_North-5.tif,74
38.5830906105755,-121.66180336874439,MCTNet_14GB_California_North-5.tif,74
38.582910947518684,-121.74822129907669,MCTNet_14GB_California_North-5.tif,74
38.58273128446186,-121.83463922940899,MCTNet_14GB_California_North-5.tif,74
38.58273128446186,-121.59910096191285,MCTNet_14GB_California_North-5.tif,74
38.58255162140504,-121.68551889224516,MCTNet_14GB_California_North-5.tif,74
38.58237195834821,-121.77193682257744,MCTNet_14GB_California_North-5.tif,74
38.582192295291385,-121.85835475290975,MCTNet_14GB_California_North-5.tif,74
38.582192295291385,-121.62281648541361,MCTNet_14GB_California_North-5.tif,74
38.582012632234566,-121.70923441574591,MCTNet_14GB_California_North-5.tif,74
38.58183296917774,-121.7956523460782,MCTNet_14GB_California_North-5.tif,74
38.58165330612091,-121.8820702764105,MCTNet_14GB_California_North-5.tif,74
38.58165330612091,-121.64653200891436,MCTNet_14GB_California_North-5.tif,74
38.58147364306409,-121.73294993924667,MCTNet_14GB_California_North-5.tif,74
38.58129398000727,-121.81936786957895,MCTNet_14GB_California_North-5.tif,74
38.58129398000727,-121.58382960208282,MCTNet_14GB_California_North-5.tif,74
38.58111431695044,-121.67024753241512,MCTNet_14GB_California_North-5.tif,74
38.58093465389362,-121.75666546274742,MCTNet_14GB_California_North-5.tif,74
38.580754990836795,-121.84308339307971,MCTNet_14GB_California_North-5.tif,74
38.580754990836795,-121.60754512558357,MCTNet_14GB_California_North-5.tif,74
38.580575327779975,-121.69396305591587,MCTNet_14GB_California_North-5.tif,74
38.58039566472315,-121.78038098624818,MCTNet_14GB_California_North-5.tif,74
38.58021600166632,-121.86679891658046,MCTNet_14GB_California_North-5.tif,74
38.58021600166632,-121.63126064908433,MCTNet_14GB_California_North-5.tif,74
38.5800363386095,-121.71767857941663,MCTNet_14GB_California_North-5.tif,74
38.579856675552676,-121.80409650974893,MCTNet_14GB_California_North-5.tif,74
38.57967701249585,-121.89051444008122,MCTNet_14GB_California_North-5.tif,74
38.57967701249585,-121.65497617258508,MCTNet_14GB_California_North-5.tif,74
38.57949734943903,-121.74139410291738,MCTNet_14GB_California_North-5.tif,74
38.579317686382204,-121.82781203324969,MCTNet_14GB_California_North-5.tif,74
38.579317686382204,-121.59227376575355,MCTNet_14GB_California_North-5.tif,74
38.57913802332538,-121.67869169608583,MCTNet_14GB_California_North-5.tif,74
38.57895836026856,-121.76510962641814,MCTNet_14GB_California_North-5.tif,74
38.57877869721173,-121.85152755675044,MCTNet_14GB_California_North-5.tif,74
38.57877869721173,-121.6159892892543,MCTNet_14GB_California_North-5.tif,74
38.57859903415491,-121.70240721958659,MCTNet_14GB_California_North-5.tif,74
38.578419371098086,-121.78882514991889,MCTNet_14GB_California_North-5.tif,74
38.57823970804126,-121.8752430802512,MCTNet_14GB_California_North-5.tif,74
38.57823970804126,-121.63970481275506,MCTNet_14GB_California_North-5.tif,74
38.57806004498444,-121.72612274308734,MCTNet_14GB_California_North-5.tif,74
38.57788038192761,-121.81254067341965,MCTNet_14GB_California_North-5.tif,74
38.57788038192761,-121.57700240592351,MCTNet_14GB_California_North-5.tif,74
38.57770071887079,-121.66342033625581,MCTNet_14GB_California_North-5.tif,74
38.57752105581397,-121.74983826658811,MCTNet_14GB_California_North-5.tif,74
38.57734139275714,-121.8362561969204,MCTNet_14GB_California_North-5.tif,74
38.57734139275714,-121.60071792942426,MCTNet_14GB_California_North-5.tif,74
38.577161729700315,-121.68713585975657,MCTNet_14GB_California_North-5.tif,74
38.576982066643495,-121.77355379008887,MCTNet_14GB_California_North-5.tif,74
38.57680240358667,-121.85997172042116,MCTNet_14GB_California_North-5.tif,74
38.57680240358667,-121.62443345292502,MCTNet_14GB_California_North-5.tif,74
38.57662274052985,-121.71085138325732,MCTNet_14GB_California_North-5.tif,74
38.57644307747302,-121.79726931358962,MCTNet_14GB_California_North-5.tif,74
38.576263414416196,-121.88368724392191,MCTNet_14GB_California_North-5.tif,74
38.576263414416196,-121.64814897642577,MCTNet_14GB_California_North-5.tif,74
38.57608375135938,-121.73456690675808,MCTNet_14GB_California_North-5.tif,74
38.57590408830255,-121.82098483709038,MCTNet_14GB_California_North-5.tif,74
38.57590408830255,-121.58544656959424,MCTNet_14GB_California_North-5.tif,74
38.575724425245724,-121.67186449992653,MCTNet_14GB_California_North-5.tif,74
38.575544762188905,-121.75828243025883,MCTNet_14GB_California_North-5.tif,74
38.57536509913208,-121.84470036059113,MCTNet_14GB_California_North-5.tif,74
38.57536509913208,-121.609162093095,MCTNet_14GB_California_North-5.tif,74
38.57518543607525,-121.69558002342728,MCTNet_14GB_California_North-5.tif,74
38.57500577301843,-121.78199795375959,MCTNet_14GB_California_North-5.tif,74
38.574826109961606,-121.86841588409189,MCTNet_14GB_California_North-5.tif,74
38.574826109961606,-121.63287761659575,MCTNet_14GB_California_North-5.tif,74
38.57464644690479,-121.71929554692804,MCTNet_14GB_California_North-5.tif,74
38.57446678384796,-121.80571347726034,MCTNet_14GB_California_North-5.tif,74
38.57428712079113,-121.89213140759264,MCTNet_14GB_California_North-5.tif,74
38.57428712079113,-121.6565931400965,MCTNet_14GB_California_North-5.tif,74
38.574107457734314,-121.74301107042879,MCTNet_14GB_California_North-5.tif,74
38.57392779467749,-121.8294290007611,MCTNet_14GB_California_North-5.tif,74
38.57392779467749,-121.59389073326496,MCTNet_14GB_California_North-5.tif,74
38.57374813162066,-121.68030866359726,MCTNet_14GB_California_North-5.tif,74
38.57356846856384,-121.76672659392955,MCTNet_14GB_California_North-5.tif,74
38.573388805507015,-121.85314452426185,MCTNet_14GB_California_North-5.tif,74
38.573388805507015,-121.61760625676571,MCTNet_14GB_California_North-5.tif,74
38.57320914245019,-121.70402418709801,MCTNet_14GB_California_North-5.tif,74
38.57302947939337,-121.7904421174303,MCTNet_14GB_California_North-5.tif,74
38.57284981633654,-121.8768600477626,MCTNet_14GB_California_North-5.tif,74
38.57284981633654,-121.64132178026647,MCTNet_14GB_California_North-5.tif,74
38.572670153279724,-121.72773971059877,MCTNet_14GB_California_North-5.tif,74
38.5724904902229,-121.81415764093107,MCTNet_14GB_California_North-5.tif,74
38.5724904902229,-121.57861937343493,MCTNet_14GB_California_North-5.tif,74
38.57231082716607,-121.66503730376722,MCTNet_14GB_California_North-5.tif,74
38.57213116410925,-121.75145523409952,MCTNet_14GB_California_North-5.tif,74
38.571951501052425,-121.83787316443183,MCTNet_14GB_California_North-5.tif,74
38.571951501052425,-121.60233489693569,MCTNet_14GB_California_North-5.tif,74
38.5717718379956,-121.68875282726798,MCTNet_14GB_California_North-5.tif,74
38.57159217493878,-121.77517075760028,MCTNet_14GB_California_North-5.tif,74
38.57141251188195,-121.86158868793258,MCTNet_14GB_California_North-5.tif,74
38.57141251188195,-121.62605042043644,MCTNet_14GB_California_North-5.tif,74
38.571232848825126,-121.71246835076873,MCTNet_14GB_California_North-5.tif,74
38.57105318576831,-121.79888628110103,MCTNet_14GB_California_North-5.tif,74
38.57087352271148,-121.88530421143334,MCTNet_14GB_California_North-5.tif,74
38.57087352271148,-121.6497659439372,MCTNet_14GB_California_North-5.tif,74
38.570693859654654,-121.73618387426949,MCTNet_14GB_California_North-5.tif,74
38.570514196597834,-121.82260180460179,MCTNet_14GB_California_North-5.tif,74
38.570514196597834,-121.58706353710565,MCTNet_14GB_California_North-5.tif,74
38.57033453354101,-121.67348146743795,MCTNet_14GB_California_North-5.tif,74
38.57015487048419,-121.75989939777024,MCTNet_14GB_California_North-5.tif,74
38.56997520742736,-121.84631732810254,MCTNet_14GB_California_North-5.tif,74
38.56997520742736,-121.6107790606064,MCTNet_14GB_California_North-5.tif,74
38.569795544370535,-121.6971969909387,MCTNet_14GB_California_North-5.tif,74
38.569615881313716,-121.783614921271,MCTNet_14GB_California_North-5.tif,74
38.56943621825689,-121.8700328516033,MCTNet_14GB_California_North-5.tif,74
38.56943621825689,-121.63449458410716,MCTNet_14GB_California_North-5.tif,74
38.56925655520006,-121.72091251443946,MCTNet_14GB_California_North-5.tif,74
38.569076892143244,-121.80733044477175,MCTNet_14GB_California_North-5.tif,74
38.56889722908642,-121.89374837510405,MCTNet_14GB_California_North-5.tif,74
38.56889722908642,-121.65821010760791,MCTNet_14GB_California_North-5.tif,74
38.56871756602959,-121.74462803794022,MCTNet_14GB_California_North-5.tif,74
38.56853790297277,-121.8310459682725,MCTNet_14GB_California_North-5.tif,74
38.56853790297277,-121.59550770077637,MCTNet_14GB_California_North-5.tif,74
38.568358239915945,-121.68192563110867,MCTNet_14GB_California_North-5.tif,74
38.568178576859125,-121.76834356144097,MCTNet_14GB_California_North-5.tif,74
38.5679989138023,-121.85476149177326,MCTNet_14GB_California_North-5.tif,74
38.5679989138023,-121.61922322427714,MCTNet_14GB_California_North-5.tif,74
38.56781925074547,-121.70564115460942,MCTNet_14GB_California_North-5.tif,74
38.56763958768865,-121.79205908494173,MCTNet_14GB_California_North-5.tif,74
38.56745992463183,-121.87847701527403,MCTNet_14GB_California_North-5.tif,74
38.56745992463183,-121.64293874777789,MCTNet_14GB_California_North-5.tif,74
38.567280261575,-121.72935667811018,MCTNet_14GB_California_North-5.tif,74
38.56710059851818,-121.81577460844248,MCTNet_14GB_California_North-5.tif,74
38.56710059851818,-121.58023634094634,MCTNet_14GB_California_North-5.tif,74
38.566920935461354,-121.66665427127865,MCTNet_14GB_California_North-5.tif,74
38.56674127240453,-121.75307220161093,MCTNet_14GB_California_North-5.tif,74
38.56656160934771,-121.83949013194324,MCTNet_14GB_California_North-5.tif,74
38.56656160934771,-121.6039518644471,MCTNet_14GB_California_North-5.tif,74
38.56638194629088,-121.6903697947794,MCTNet_14GB_California_North-5.tif,74
38.56620228323406,-121.77678772511169,MCTNet_14GB_California_North-5.tif,74
38.566022620177236,-121.86320565544399,MCTNet_14GB_California_North-5.tif,74
38.566022620177236,-121.62766738794785,MCTNet_14GB_California_North-5.tif,74
38.56584295712041,-121.71408531828015,MCTNet_14GB_California_North-5.tif,74
38.56566329406359,-121.80050324861244,MCTNet_14GB_California_North-5.tif,74
38.565483631006764,-121.88692117894475,MCTNet_14GB_California_North-5.tif,74
38.565483631006764,-121.65138291144861,MCTNet_14GB_California_North-5.tif,74
38.56530396794994,-121.73780084178091,MCTNet_14GB_California_North-5.tif,74
38.56512430489312,-121.8242187721132,MCTNet_14GB_California_North-5.tif,74
38.56512430489312,-121.58868050461706,MCTNet_14GB_California_North-5.tif,74
38.56494464183629,-121.67509843494936,MCTNet_14GB_California_North-5.tif,74
38.564764978779465,-121.76151636528166,MCTNet_14GB_California_North-5.tif,74
38.564585315722645,-121.84793429561395,MCTNet_14GB_California_North-5.tif,74
38.564585315722645,-121.61239602811781,MCTNet_14GB_California_North-5.tif,74
38.56440565266582,-121.69881395845012,MCTNet_14GB_California_North-5.tif,74
38.564225989609,-121.78523188878242,MCTNet_14GB_California_North-5.tif,74
38.56404632655217,-121.87164981911471,MCTNet_14GB_California_North-5.tif,74
38.56404632655217,-121.63611155161857,MCTNet_14GB_California_North-5.tif,74
38.56386666349535,-121.72252948195087,MCTNet_14GB_California_North-5.tif,74
38.56368700043853,-121.80894741228317,MCTNet_14GB_California_North-5.tif,74
38.56368700043853,-121.57340914478704,MCTNet_14GB_California_North-5.tif,74
38.5635073373817,-121.65982707511932,MCTNet_14GB_California_North-5.tif,74
38.563327674324874,-121.74624500545163,MCTNet_14GB_California_North-5.tif,74
38.563148011268055,-121.83266293578393,MCTNet_14GB_California_North-5.tif,74
38.563148011268055,-121.59712466828779,MCTNet_14GB_California_North-5.tif,74
38.56296834821123,-121.6835425986201,MCTNet_14GB_California_North-5.tif,74
38.5627886851544,-121.76996052895238,MCTNet_14GB_California_North-5.tif,74
38.56260902209758,-121.85637845928468,MCTNet_14GB_California_North-5.tif,74
38.56260902209758,-121.62084019178855,MCTNet_14GB_California_North-5.tif,74
38.562429359040756,-121.70725812212085,MCTNet_14GB_California_North-5.tif,74
38.56224969598394,-121.79367605245314,MCTNet_14GB_California_North-5.tif,74
38.56207003292711,-121.88009398278544,MCTNet_14GB_California_North-5.tif,74
38.56207003292711,-121.6445557152893,MCTNet_14GB_California_North-5.tif,74
38.561890369870284,-121.7309736456216,MCTNet_14GB_California_North-5.tif,74
38.561710706813464,-121.81739157595389,MCTNet_14GB_California_North-5.tif,74
38.561710706813464,-121.58185330845775,MCTNet_14GB_California_North-5.tif,74
38.56153104375664,-121.66827123879006,MCTNet_14GB_California_North-5.tif,74
38.56135138069981,-121.75468916912236,MCTNet_14GB_California_North-5.tif,74
38.56117171764299,-121.84110709945465,MCTNet_14GB_California_North-5.tif,74
38.56117171764299,-121.60556883195851,MCTNet_14GB_California_North-5.tif,74
38.560992054586166,-121.69198676229081,MCTNet_14GB_California_North-5.tif,74
38.56081239152934,-121.77840469262311,MCTNet_14GB_California_North-5.tif,74
38.56063272847252,-121.8648226229554,MCTNet_14GB_California_North-5.tif,74
38.56063272847252,-121.62928435545926,MCTNet_14GB_California_North-5.tif,74
38.56045306541569,-121.71570228579156,MCTNet_14GB_California_North-5.tif,74
38.560273402358874,-121.80212021612387,MCTNet_14GB_California_North-5.tif,74
38.56009373930205,-121.88853814645616,MCTNet_14GB_California_North-5.tif,74
38.56009373930205,-121.65299987896002,MCTNet_14GB_California_North-5.tif,74
38.55991407624522,-121.73941780929232,MCTNet_14GB_California_North-5.tif,74
38.5597344131884,-121.82583573962462,MCTNet_14GB_California_North-5.tif,74
38.5597344131884,-121.59029747212848,MCTNet_14GB_California_North-5.tif,74
38.559554750131575,-121.67671540246077,MCTNet_14GB_California_North-5.tif,74
38.55937508707475,-121.76313333279307,MCTNet_14GB_California_North-5.tif,74
38.55919542401793,-121.84955126312538,MCTNet_14GB_California_North-5.tif,74
38.55919542401793,-121.61401299562924,MCTNet_14GB_California_North-5.tif,74
38.5590157609611,-121.70043092596153,MCTNet_14GB_California_North-5.tif,74
38.558836097904276,-121.78684885629383,MCTNet_14GB_California_North-5.tif,74
38.55865643484746,-121.87326678662613,MCTNet_14GB_California_North-5.tif,74
38.55865643484746,-121.63772851913,MCTNet_14GB_California_North-5.tif,74
38.55847677179063,-121.72414644946228,MCTNet_14GB_California_North-5.tif,74
38.55829710873381,-121.81056437979458,MCTNet_14GB_California_North-5.tif,74
38.55829710873381,-121.57502611229845,MCTNet_14GB_California_North-5.tif,74
38.558117445676984,-121.66144404263075,MCTNet_14GB_California_North-5.tif,74
38.55793778262016,-121.74786197296305,MCTNet_14GB_California_North-5.tif,74
38.55775811956334,-121.83427990329534,MCTNet_14GB_California_North-5.tif,74
38.55775811956334,-121.5987416357992,MCTNet_14GB_California_North-5.tif,74
38.55757845650651,-121.6851595661315,MCTNet_14GB_California_North-5.tif,74
38.557398793449686,-121.7715774964638,MCTNet_14GB_California_North-5.tif,74
38.557219130392866,-121.8579954267961,MCTNet_14GB_California_North-5.tif,74
38.557219130392866,-121.62245715929996,MCTNet_14GB_California_North-5.tif,74
38.55703946733604,-121.70887508963226,MCTNet_14GB_California_North-5.tif,74
38.55685980427921,-121.79529301996456,MCTNet_14GB_California_North-5.tif,74
38.556680141222394,-121.88171095029685,MCTNet_14GB_California_North-5.tif,74
38.556680141222394,-121.64617268280071,MCTNet_14GB_California_North-5.tif,74
38.55650047816557,-121.73259061313301,MCTNet_14GB_California_North-5.tif,74
38.55632081510875,-121.81900854346532,MCTNet_14GB_California_North-5.tif,74
38.55632081510875,-121.58347027596918,MCTNet_14GB_California_North-5.tif,74
38.55614115205192,-121.66988820630147,MCTNet_14GB_California_North-5.tif,74
38.555961488995095,-121.75630613663377,MCTNet_14GB_California_North-5.tif,74
38.555781825938276,-121.84272406696607,MCTNet_14GB_California_North-5.tif,74
38.555781825938276,-121.60718579946993,MCTNet_14GB_California_North-5.tif,74
38.55560216288145,-121.69360372980222,MCTNet_14GB_California_North-5.tif,74
38.55542249982462,-121.78002166013452,MCTNet_14GB_California_North-5.tif,74
38.5552428367678,-121.86643959046683,MCTNet_14GB_California_North-5.tif,74
38.5552428367678,-121.63090132297069,MCTNet_14GB_California_North-5.tif,74
38.55506317371098,-121.71731925330297,MCTNet_14GB_California_North-5.tif,74
38.55488351065415,-121.80373718363528,MCTNet_14GB_California_North-5.tif,74
38.55470384759733,-121.89015511396758,MCTNet_14GB_California_North-5.tif,74
38.55470384759733,-121.65461684647144,MCTNet_14GB_California_North-5.tif,74
38.554524184540504,-121.74103477680373,MCTNet_14GB_California_North-5.tif,74
38.554344521483685,-121.82745270713603,MCTNet_14GB_California_North-5.tif,74
38.554344521483685,-121.5919144396399,MCTNet_14GB_California_North-5.tif,74
38.55416485842686,-121.6783323699722,MCTNet_14GB_California_North-5.tif,74
38.55398519537003,-121.76475030030448,MCTNet_14GB_California_North-5.tif,74
38.55380553231321,-121.85116823063679,MCTNet_14GB_California_North-5.tif,74
38.55380553231321,-121.61562996314065,MCTNet_14GB_California_North-5.tif,74
38.553625869256386,-121.70204789347295,MCTNet_14GB_California_North-5.tif,74
38.55344620619956,-121.78846582380524,MCTNet_14GB_California_North-5.tif,74
38.55326654314274,-121.87488375413754,MCTNet_14GB_California_North-5.tif,74
38.55326654314274,-121.6393454866414,MCTNet_14GB_California_North-5.tif,74
38.553086880085914,-121.7257634169737,MCTNet_14GB_California_North-5.tif,74
38.55290721702909,-121.81218134730601,MCTNet_14GB_California_North-5.tif,74
38.55290721702909,-121.57664307980987,MCTNet_14GB_California_North-5.tif,74
38.55272755397227,-121.66306101014216,MCTNet_14GB_California_North-5.tif,74
38.55254789091544,-121.74947894047446,MCTNet_14GB_California_North-5.tif,74
38.55236822785862,-121.83589687080676,MCTNet_14GB_California_North-5.tif,74
38.55236822785862,-121.60035860331062,MCTNet_14GB_California_North-5.tif,74
38.552188564801796,-121.68677653364291,MCTNet_14GB_California_North-5.tif,74
38.55200890174497,-121.77319446397522,MCTNet_14GB_California_North-5.tif,74
38.55182923868815,-121.85961239430752,MCTNet_14GB_California_North-5.tif,74
38.55182923868815,-121.62407412681138,MCTNet_14GB_California_North-5.tif,74
38.55164957563132,-121.71049205714367,MCTNet_14GB_California_North-5.tif,74
38.5514699125745,-121.79690998747597,MCTNet_14GB_California_North-5.tif,74
38.55129024951768,-121.88332791780827,MCTNet_14GB_California_North-5.tif,74
38.55129024951768,-121.64778965031213,MCTNet_14GB_California_North-5.tif,74
38.55111058646085,-121.73420758064442,MCTNet_14GB_California_North-5.tif,74
38.550930923404024,-121.82062551097673,MCTNet_14GB_California_North-5.tif,74
38.550930923404024,-121.58508724348059,MCTNet_14GB_California_North-5.tif,74
38.550751260347205,-121.67150517381289,MCTNet_14GB_California_North-5.tif,74
38.55057159729038,-121.75792310414518,MCTNet_14GB_California_North-5.tif,74
38.55039193423356,-121.84434103447748,MCTNet_14GB_California_North-5.tif,74
38.55039193423356,-121.60880276698134,MCTNet_14GB_California_North-5.tif,74
38.55021227117673,-121.69522069731364,MCTNet_14GB_California_North-5.tif,74
38.550032608119906,-121.78163862764593,MCTNet_14GB_California_North-5.tif,74
38.54985294506309,-121.86805655797824,MCTNet_14GB_California_North-5.tif,74
38.54985294506309,-121.6325182904821,MCTNet_14GB_California_North-5.tif,74
38.54967328200626,-121.7189362208144,MCTNet_14GB_California_North-5.tif,74
38.549493618949434,-121.80535415114669,MCTNet_14GB_California_North-5.tif,74
38.549313955892615,-121.89177208147899,MCTNet_14GB_California_North-5.tif,74
38.549313955892615,-121.65623381398285,MCTNet_14GB_California_North-5.tif,74
38.54913429283579,-121.74265174431515,MCTNet_14GB_California_North-5.tif,74
38.54895462977896,-121.82906967464744,MCTNet_14GB_California_North-5.tif,74
38.54895462977896,-121.5935314071513,MCTNet_14GB_California_North-5.tif,74
38.54877496672214,-121.6799493374836,MCTNet_14GB_California_North-5.tif,74
38.548595303665316,-121.76636726781591,MCTNet_14GB_California_North-5.tif,74
38.548415640608496,-121.8527851981482,MCTNet_14GB_California_North-5.tif,74
38.548415640608496,-121.61724693065207,MCTNet_14GB_California_North-5.tif,74
38.54823597755167,-121.70366486098436,MCTNet_14GB_California_North-5.tif,74
38.54805631449484,-121.79008279131666,MCTNet_14GB_California_North-5.tif,74
38.547876651438024,-121.87650072164897,MCTNet_14GB_California_North-5.tif,74
38.547876651438024,-121.64096245415283,MCTNet_14GB_California_North-5.tif,74
38.5476969883812,-121.72738038448512,MCTNet_14GB_California_North-5.tif,74
38.54751732532437,-121.81379831481742,MCTNet_14GB_California_North-5.tif,74
38.54751732532437,-121.57826004732128,MCTNet_14GB_California_North-5.tif,74
38.54733766226755,-121.66467797765358,MCTNet_14GB_California_North-5.tif,74
38.547157999210725,-121.75109590798587,MCTNet_14GB_California_North-5.tif,74
38.5469783361539,-121.83751383831817,MCTNet_14GB_California_North-5.tif,74
38.5469783361539,-121.60197557082203,MCTNet_14GB_California_North-5.tif,74
38.54679867309708,-121.68839350115434,MCTNet_14GB_California_North-5.tif,74
38.54661901004025,-121.77481143148663,MCTNet_14GB_California_North-5.tif,74
38.54643934698343,-121.86122936181893,MCTNet_14GB_California_North-5.tif,74
38.54643934698343,-121.62569109432279,MCTNet_14GB_California_North-5.tif,74
38.54625968392661,-121.71210902465509,MCTNet_14GB_California_North-5.tif,74
38.54608002086978,-121.79852695498738,MCTNet_14GB_California_North-5.tif,74
38.54590035781296,-121.88494488531968,MCTNet_14GB_California_North-5.tif,74
38.54590035781296,-121.64940661782354,MCTNet_14GB_California_North-5.tif,74
38.545720694756135,-121.73582454815585,MCTNet_14GB_California_North-5.tif,74
38.54554103169931,-121.82224247848814,MCTNet_14GB_California_North-5.tif,74
38.54554103169931,-121.586704210992,MCTNet_14GB_California_North-5.tif,74
38.54536136864249,-121.6731221413243,MCTNet_14GB_California_North-5.tif,74
38.54518170558566,-121.7595400716566,MCTNet_14GB_California_North-5.tif,74
38.545002042528836,-121.84595800198889,MCTNet_14GB_California_North-5.tif,74
38.545002042528836,-121.61041973449275,MCTNet_14GB_California_North-5.tif,74
38.544822379472016,-121.69683766482505,MCTNet_14GB_California_North-5.tif,74
38.54464271641519,-121.78325559515736,MCTNet_14GB_California_North-5.tif,74
38.54446305335837,-121.86967352548965,MCTNet_14GB_California_North-5.tif,74
38.54446305335837,-121.6341352579935,MCTNet_14GB_California_North-5.tif,74
38.544283390301544,-121.72055318832581,MCTNet_14GB_California_North-5.tif,74
38.54410372724472,-121.80697111865811,MCTNet_14GB_California_North-5.tif,74
38.5439240641879,-121.8933890489904,MCTNet_14GB_California_North-5.tif,74
38.5439240641879,-121.65785078149426,MCTNet_14GB_California_North-5.tif,74
38.54374440113107,-121.74426871182656,MCTNet_14GB_California_North-5.tif,74
38.543564738074245,-121.83068664215887,MCTNet_14GB_California_North-5.tif,74
38.543564738074245,-121.59514837466273,MCTNet_14GB_California_North-5.tif,74
38.543385075017426,-121.68156630499503,MCTNet_14GB_California_North-5.tif,74
38.5432054119606,-121.76798423532732,MCTNet_14GB_California_North-5.tif,74
38.54302574890377,-121.85440216565962,MCTNet_14GB_California_North-5.tif,74
38.54302574890377,-121.61886389816348,MCTNet_14GB_California_North-5.tif,74
38.54284608584695,-121.70528182849579,MCTNet_14GB_California_North-5.tif,74
38.54266642279013,-121.79169975882807,MCTNet_14GB_California_North-5.tif,74
38.54248675973331,-121.87811768916038,MCTNet_14GB_California_North-5.tif,74
38.54248675973331,-121.64257942166424,MCTNet_14GB_California_North-5.tif,74
38.54230709667648,-121.72899735199654,MCTNet_14GB_California_North-5.tif,74
38.542127433619655,-121.81541528232883,MCTNet_14GB_California_North-5.tif,74
38.542127433619655,-121.57987701483269,MCTNet_14GB_California_North-5.tif,74
38.541947770562835,-121.66629494516499,MCTNet_14GB_California_North-5.tif,74
38.54176810750601,-121.7527128754973,MCTNet_14GB_California_North-5.tif,74
38.54158844444918,-121.83913080582958,MCTNet_14GB_California_North-5.tif,74
38.54158844444918,-121.60359253833344,MCTNet_14GB_California_North-5.tif,74
38.54140878139236,-121.69001046866575,MCTNet_14GB_California_North-5.tif,74
38.541229118335536,-121.77642839899805,MCTNet_14GB_California_North-5.tif,74
38.54104945527871,-121.86284632933034,MCTNet_14GB_California_North-5.tif,74
38.54104945527871,-121.6273080618342,MCTNet_14GB_California_North-5.tif,74
38.54086979222189,-121.7137259921665,MCTNet_14GB_California_North-5.tif,74
38.540690129165064,-121.8001439224988,MCTNet_14GB_California_North-5.tif,74
38.540510466108245,-121.8865618528311,MCTNet_14GB_California_North-5.tif,74
38.540510466108245,-121.65102358533495,MCTNet_14GB_California_North-5.tif,74
38.54033080305142,-121.73744151566726,MCTNet_14GB_California_North-5.tif,74
38.54015113999459,-121.82385944599956,MCTNet_14GB_California_North-5.tif,74
38.54015113999459,-121.58832117850342,MCTNet_14GB_California_North-5.tif,74
38.53997147693777,-121.67473910883571,MCTNet_14GB_California_North-5.tif,74
38.539791813880946,-121.76115703916801,MCTNet_14GB_California_North-5.tif,74
38.53961215082412,-121.84757496950031,MCTNet_14GB_California_North-5.tif,74
38.53961215082412,-121.61203670200418,MCTNet_14GB_California_North-5.tif,74
38.5394324877673,-121.69845463233646,MCTNet_14GB_California_North-5.tif,74
38.53925282471047,-121.78487256266877,MCTNet_14GB_California_North-5.tif,74
38.53907316165365,-121.87129049300107,MCTNet_14GB_California_North-5.tif,74
38.53907316165365,-121.63575222550493,MCTNet_14GB_California_North-5.tif,74
38.53889349859683,-121.72217015583722,MCTNet_14GB_California_North-5.tif,74
38.53871383554,-121.80858808616952,MCTNet_14GB_California_North-5.tif,74
38.53871383554,-121.57304981867338,MCTNet_14GB_California_North-5.tif,74
38.53853417248318,-121.65946774900569,MCTNet_14GB_California_North-5.tif,74
38.538354509426355,-121.74588567933799,MCTNet_14GB_California_North-5.tif,74
38.53817484636953,-121.83230360967028,MCTNet_14GB_California_North-5.tif,204
38.53817484636953,-121.59676534217414,MCTNet_14GB_California_North-5.tif,204
38.53799518331271,-121.68318327250644,MCTNet_14GB_California_North-5.tif,204
38.53781552025588,-121.76960120283874,MCTNet_14GB_California_North-5.tif,204
38.53763585719906,-121.85601913317103,MCTNet_14GB_California_North-5.tif,204
38.53763585719906,-121.62048086567489,MCTNet_14GB_California_North-5.tif,204
38.53745619414224,-121.7068987960072,MCTNet_14GB_California_North-5.tif,204
38.53727653108541,-121.7933167263395,MCTNet_14GB_California_North-5.tif,204
38.537096868028584,-121.87973465667179,MCTNet_14GB_California_North-5.tif,204
38.537096868028584,-121.64419638917565,MCTNet_14GB_California_North-5.tif,204
38.536917204971765,-121.73061431950795,MCTNet_14GB_California_North-5.tif,204
38.53673754191494,-121.81703224984025,MCTNet_14GB_California_North-5.tif,204
38.53673754191494,-121.58149398234411,MCTNet_14GB_California_North-5.tif,204
38.53655787885811,-121.6679119126764,MCTNet_14GB_California_North-5.tif,204
38.53637821580129,-121.7543298430087,MCTNet_14GB_California_North-5.tif,204
38.536198552744466,-121.84074777334101,MCTNet_14GB_California_North-5.tif,204
38.536198552744466,-121.60520950584487,MCTNet_14GB_California_North-5.tif,204
38.53601888968765,-121.69162743617716,MCTNet_14GB_California_North-5.tif,204
38.53583922663082,-121.77804536650946,MCTNet_14GB_California_North-5.tif,204
38.535659563573994,-121.86446329684176,MCTNet_14GB_California_North-5.tif,204
38.535659563573994,-121.62892502934562,MCTNet_14GB_California_North-5.tif,204
38.535479900517174,-121.71534295967791,MCTNet_14GB_California_North-5.tif,204
38.53530023746035,-121.80176089001021,MCTNet_14GB_California_North-5.tif,204
38.53512057440352,-121.88817882034252,MCTNet_14GB_California_North-5.tif,204
38.53512057440352,-121.65264055284638,MCTNet_14GB_California_North-5.tif,204
38.5349409113467,-121.73905848317867,MCTNet_14GB_California_North-5.tif,204
38.534761248289875,-121.82547641351097,MCTNet_14GB_California_North-5.tif,204
38.534761248289875,-121.58993814601483,MCTNet_14GB_California_North-5.tif,204
38.53458158523305,-121.67635607634713,MCTNet_14GB_California_North-5.tif,204
38.53440192217623,-121.76277400667942,MCTNet_14GB_California_North-5.tif,204
38.5342222591194,-121.84919193701172,MCTNet_14GB_California_North-5.tif,204
38.5342222591194,-121.61365366951559,MCTNet_14GB_California_North-5.tif,204
38.534042596062584,-121.70007159984789,MCTNet_14GB_California_North-5.tif,204
38.53386293300576,-121.78648953018018,MCTNet_14GB_California_North-5.tif,204
38.53368326994893,-121.87290746051248,MCTNet_14GB_California_North-5.tif,204
38.53368326994893,-121.63736919301634,MCTNet_14GB_California_North-5.tif,204
38.53350360689211,-121.72378712334864,MCTNet_14GB_California_North-5.tif,204
38.533323943835285,-121.81020505368095,MCTNet_14GB_California_North-5.tif,204
38.533323943835285,-121.5746667861848,MCTNet_14GB_California_North-5.tif,204
38.53314428077846,-121.6610847165171,MCTNet_14GB_California_North-5.tif,204
38.53296461772164,-121.7475026468494,MCTNet_14GB_California_North-5.tif,204
38.53278495466481,-121.8339205771817,MCTNet_14GB_California_North-5.tif,204
38.53278495466481,-121.59838230968556,MCTNet_14GB_California_North-5.tif,204
38.532605291607986,-121.68480024001785,MCTNet_14GB_California_North-5.tif,204
38.53242562855117,-121.77121817035015,MCTNet_14GB_California_North-5.tif,204
38.53224596549434,-121.85763610068246,MCTNet_14GB_California_North-5.tif,204
38.53224596549434,-121.62209783318632,MCTNet_14GB_California_North-5.tif,204
38.53206630243752,-121.7085157635186,MCTNet_14GB_California_North-5.tif,204
38.531886639380694,-121.79493369385091,MCTNet_14GB_California_North-5.tif,204
38.53170697632387,-121.88135162418321,MCTNet_14GB_California_North-5.tif,204
38.53170697632387,-121.64581335668707,MCTNet_14GB_California_North-5.tif,204
38.53152731326705,-121.73223128701936,MCTNet_14GB_California_North-5.tif,204
38.53134765021022,-121.81864921735166,MCTNet_14GB_California_North-5.tif,204
38.53134765021022,-121.58311094985552,MCTNet_14GB_California_North-5.tif,204
38.531167987153395,-121.66952888018783,MCTNet_14GB_California_North-5.tif,204
38.530988324096576,-121.75594681052011,MCTNet_14GB_California_North-5.tif,204
38.53080866103975,-121.84236474085242,MCTNet_14GB_California_North-5.tif,204
38.53080866103975,-121.60682647335628,MCTNet_14GB_California_North-5.tif,204
38.53062899798292,-121.69324440368858,MCTNet_14GB_California_North-5.tif,204
38.530449334926104,-121.77966233402087,MCTNet_14GB_California_North-5.tif,204
38.53026967186928,-121.86608026435317,MCTNet_14GB_California_North-5.tif,204
38.53026967186928,-121.63054199685703,MCTNet_14GB_California_North-5.tif,204
38.53009000881246,-121.71695992718934,MCTNet_14GB_California_North-5.tif,204
38.52991034575563,-121.80337785752162,MCTNet_14GB_California_North-5.tif,204
38.529730682698805,-121.88979578785393,MCTNet_14GB_California_North-5.tif,204
38.529730682698805,-121.65425752035779,MCTNet_14GB_California_North-5.tif,204
38.529551019641985,-121.74067545069009,MCTNet_14GB_California_North-5.tif,204
38.52937135658516,-121.82709338102238,MCTNet_14GB_California_North-5.tif,204
38.52937135658516,-121.59155511352624,MCTNet_14GB_California_North-5.tif,204
38.52919169352833,-121.67797304385854,MCTNet_14GB_California_North-5.tif,204
38.52901203047151,-121.76439097419085,MCTNet_14GB_California_North-5.tif,204
38.52883236741469,-121.85080890452313,MCTNet_14GB_California_North-5.tif,204
38.52883236741469,-121.61527063702701,MCTNet_14GB_California_North-5.tif,204
38.52865270435786,-121.7016885673593,MCTNet_14GB_California_North-5.tif,204
38.52847304130104,-121.7881064976916,MCTNet_14GB_California_North-5.tif,204
38.528293378244214,-121.8745244280239,MCTNet_14GB_California_North-5.tif,204
38.528293378244214,-121.63898616052776,MCTNet_14GB_California_North-5.tif,204
38.528113715187395,-121.72540409086005,MCTNet_14GB_California_North-5.tif,204
38.52793405213057,-121.81182202119236,MCTNet_14GB_California_North-5.tif,204
38.52793405213057,-121.57628375369622,MCTNet_14GB_California_North-5.tif,204
38.52775438907374,-121.66270168402852,MCTNet_14GB_California_North-5.tif,204
38.52757472601692,-121.74911961436081,MCTNet_14GB_California_North-5.tif,204
38.527395062960096,-121.83553754469311,MCTNet_14GB_California_North-5.tif,204
38.527395062960096,-121.59999927719697,MCTNet_14GB_California_North-5.tif,204
38.52721539990327,-121.68641720752927,MCTNet_14GB_California_North-5.tif,204
38.52703573684645,-121.77283513786156,MCTNet_14GB_California_North-5.tif,204
38.526856073789624,-121.85925306819387,MCTNet_14GB_California_North-5.tif,204
38.526856073789624,-121.62371480069773,MCTNet_14GB_California_North-5.tif,204
38.5266764107328,-121.71013273103003,MCTNet_14GB_California_North-5.tif,204
38.52649674767598,-121.79655066136232,MCTNet_14GB_California_North-5.tif,204
38.52631708461915,-121.88296859169462,MCTNet_14GB_California_North-5.tif,204
38.52631708461915,-121.64743032419848,MCTNet_14GB_California_North-5.tif,204
38.52613742156233,-121.73384825453078,MCTNet_14GB_California_North-5.tif,204
38.525957758505506,-121.82026618486307,MCTNet_14GB_California_North-5.tif,204
38.525957758505506,-121.58472791736693,MCTNet_14GB_California_North-5.tif,204
38.52577809544868,-121.67114584769924,MCTNet_14GB_California_North-5.tif,204
38.52559843239186,-121.75756377803154,MCTNet_14GB_California_North-5.tif,204
38.52541876933503,-121.84398170836383,MCTNet_14GB_California_North-5.tif,204
38.52541876933503,-121.60844344086769,MCTNet_14GB_California_North-5.tif,204
38.52523910627821,-121.69486137119999,MCTNet_14GB_California_North-5.tif,204
38.52505944322139,-121.7812793015323,MCTNet_14GB_California_North-5.tif,204
38.52487978016456,-121.86769723186458,MCTNet_14GB_California_North-5.tif,204
38.52487978016456,-121.63215896436844,MCTNet_14GB_California_North-5.tif,204
38.524700117107734,-121.71857689470075,MCTNet_14GB_California_North-5.tif,204
38.524520454050915,-121.80499482503305,MCTNet_14GB_California_North-5.tif,204
38.52434079099409,-121.89141275536534,MCTNet_14GB_California_North-5.tif,204
38.52434079099409,-121.6558744878692,MCTNet_14GB_California_North-5.tif,204
38.52416112793727,-121.7422924182015,MCTNet_14GB_California_North-5.tif,204
38.52398146488044,-121.8287103485338,MCTNet_14GB_California_North-5.tif,204
38.52398146488044,-121.59317208103766,MCTNet_14GB_California_North-5.tif,204
38.523801801823616,-121.67959001136997,MCTNet_14GB_California_North-5.tif,204
38.5236221387668,-121.76600794170226,MCTNet_14GB_California_North-5.tif,204
38.52344247570997,-121.85242587203456,MCTNet_14GB_California_North-5.tif,204
38.52344247570997,-121.61688760453842,MCTNet_14GB_California_North-5.tif,204
38.523262812653144,-121.70330553487072,MCTNet_14GB_California_North-5.tif,204
38.523083149596324,-121.78972346520301,MCTNet_14GB_California_North-5.tif,204
38.5229034865395,-121.87614139553531,MCTNet_14GB_California_North-5.tif,204
38.5229034865395,-121.64060312803917,MCTNet_14GB_California_North-5.tif,204
38.52272382348267,-121.72702105837148,MCTNet_14GB_California_North-5.tif,204
38.52254416042585,-121.81343898870377,MCTNet_14GB_California_North-5.tif,204
38.52254416042585,-121.57790072120763,MCTNet_14GB_California_North-5.tif,204
38.522364497369026,-121.66431865153993,MCTNet_14GB_California_North-5.tif,204
38.522184834312206,-121.75073658187223,MCTNet_14GB_California_North-5.tif,204
38.52200517125538,-121.83715451220452,MCTNet_14GB_California_North-5.tif,204
38.52200517125538,-121.60161624470838,MCTNet_14GB_California_North-5.tif,204
38.52182550819855,-121.68803417504068,MCTNet_14GB_California_North-5.tif,204
38.521645845141734,-121.77445210537299,MCTNet_14GB_California_North-5.tif,204
38.52146618208491,-121.86087003570528,MCTNet_14GB_California_North-5.tif,204
38.52146618208491,-121.62533176820914,MCTNet_14GB_California_North-5.tif,204
38.52128651902808,-121.71174969854144,MCTNet_14GB_California_North-5.tif,204
38.52110685597126,-121.79816762887374,MCTNet_14GB_California_North-5.tif,204
38.520927192914435,-121.88458555920603,MCTNet_14GB_California_North-5.tif,204
38.520927192914435,-121.64904729170989,MCTNet_14GB_California_North-5.tif,204
38.52074752985761,-121.7354652220422,MCTNet_14GB_California_North-5.tif,204
38.52056786680079,-121.8218831523745,MCTNet_14GB_California_North-5.tif,204
38.52056786680079,-121.58634488487836,MCTNet_14GB_California_North-5.tif,204
38.52038820374396,-121.67276281521065,MCTNet_14GB_California_North-5.tif,204
38.52020854068714,-121.75918074554295,MCTNet_14GB_California_North-5.tif,204
38.52002887763032,-121.84559867587525,MCTNet_14GB_California_North-5.tif,204
38.52002887763032,-121.61006040837911,MCTNet_14GB_California_North-5.tif,204
38.51984921457349,-121.6964783387114,MCTNet_14GB_California_North-5.tif,204
38.51966955151667,-121.7828962690437,MCTNet_14GB_California_North-5.tif,204
38.519489888459844,-121.869314199376,MCTNet_14GB_California_North-5.tif,204
38.519489888459844,-121.63377593187987,MCTNet_14GB_California_North-5.tif,204
38.51931022540302,-121.72019386221216,MCTNet_14GB_California_North-5.tif,204
38.5191305623462,-121.80661179254446,MCTNet_14GB_California_North-5.tif,204
38.51895089928937,-121.89302972287676,MCTNet_14GB_California_North-5.tif,204
38.51895089928937,-121.65749145538062,MCTNet_14GB_California_North-5.tif,204
38.518771236232546,-121.74390938571293,MCTNet_14GB_California_North-5.tif,204
38.518591573175726,-121.83032731604521,MCTNet_14GB_California_North-5.tif,204
38.518591573175726,-121.59478904854907,MCTNet_14GB_California_North-5.tif,204
38.5184119101189,-121.68120697888138,MCTNet_14GB_California_North-5.tif,204
38.51823224706208,-121.76762490921368,MCTNet_14GB_California_North-5.tif,204
38.518052584005254,-121.85404283954597,MCTNet_14GB_California_North-5.tif,204
38.518052584005254,-121.61850457204983,MCTNet_14GB_California_North-5.tif,204
38.51787292094843,-121.70492250238213,MCTNet_14GB_California_North-5.tif,204
38.51769325789161,-121.79134043271443,MCTNet_14GB_California_North-5.tif,204
38.51751359483478,-121.87775836304672,MCTNet_14GB_California_North-5.tif,204
38.51751359483478,-121.64222009555058,MCTNet_14GB_California_North-5.tif,204
38.517333931777955,-121.72863802588289,MCTNet_14GB_California_North-5.tif,204
38.517154268721136,-121.81505595621519,MCTNet_14GB_California_North-5.tif,204
38.517154268721136,-121.57951768871905,MCTNet_14GB_California_North-5.tif,204
38.51697460566431,-121.66593561905134,MCTNet_14GB_California_North-5.tif,204
38.51679494260748,-121.75235354938364,MCTNet_14GB_California_North-5.tif,204
38.51661527955066,-121.83877147971594,MCTNet_14GB_California_North-5.tif,204
38.51661527955066,-121.6032332122198,MCTNet_14GB_California_North-5.tif,204
38.51643561649384,-121.6896511425521,MCTNet_14GB_California_North-5.tif,204
38.51625595343702,-121.7760690728844,MCTNet_14GB_California_North-5.tif,204
38.51607629038019,-121.8624870032167,MCTNet_14GB_California_North-5.tif,204
38.51607629038019,-121.62694873572056,MCTNet_14GB_California_North-5.tif,204
38.515896627323364,-121.71336666605285,MCTNet_14GB_California_North-5.tif,204
38.515716964266545,-121.79978459638515,MCTNet_14GB_California_North-5.tif,204
38.51553730120972,-121.88620252671745,MCTNet_14GB_California_North-5.tif,204
38.51553730120972,-121.65066425922132,MCTNet_14GB_California_North-5.tif,204
38.51535763815289,-121.7370821895536,MCTNet_14GB_California_North-5.tif,204
38.51517797509607,-121.8235001198859,MCTNet_14GB_California_North-5.tif,204
38.51517797509607,-121.58796185238977,MCTNet_14GB_California_North-5.tif,204
38.514998312039246,-121.67437978272207,MCTNet_14GB_California_North-5.tif,204
38.51481864898242,-121.76079771305436,MCTNet_14GB_California_North-5.tif,204
38.5146389859256,-121.84721564338666,MCTNet_14GB_California_North-5.tif,204
38.5146389859256,-121.61167737589052,MCTNet_14GB_California_North-5.tif,204
38.514459322868774,-121.69809530622283,MCTNet_14GB_California_North-5.tif,204
38.514279659811955,-121.78451323655511,MCTNet_14GB_California_North-5.tif,204
38.51409999675513,-121.87093116688742,MCTNet_14GB_California_North-5.tif,204
38.51409999675513,-121.63539289939128,MCTNet_14GB_California_North-5.tif,204
38.5139203336983,-121.72181082972358,MCTNet_14GB_California_North-5.tif,204
38.51374067064148,-121.80822876005588,MCTNet_14GB_California_North-5.tif,204
38.51374067064148,-121.57269049255974,MCTNet_14GB_California_North-5.tif,204
38.513561007584656,-121.65910842289203,MCTNet_14GB_California_North-5.tif,204
38.51338134452783,-121.74552635322434,MCTNet_14GB_California_North-5.tif,204
38.51320168147101,-121.83194428355664,MCTNet_14GB_California_North-5.tif,204
38.51320168147101,-121.5964060160605,MCTNet_14GB_California_North-5.tif,204
38.51302201841418,-121.68282394639279,MCTNet_14GB_California_North-5.tif,204
38.51284235535736,-121.76924187672509,MCTNet_14GB_California_North-5.tif,204
38.51266269230054,-121.85565980705739,MCTNet_14GB_California_North-5.tif,204
38.51266269230054,-121.62012153956125,MCTNet_14GB_California_North-5.tif,204
38.51248302924371,-121.70653946989354,MCTNet_14GB_California_North-5.tif,204
38.51230336618689,-121.79295740022584,MCTNet_14GB_California_North-5.tif,204
38.512123703130065,-121.87937533055815,MCTNet_14GB_California_North-5.tif,204
38.512123703130065,-121.64383706306201,MCTNet_14GB_California_North-5.tif,204
38.51194404007324,-121.7302549933943,MCTNet_14GB_California_North-5.tif,204
38.51176437701642,-121.8166729237266,MCTNet_14GB_California_North-5.tif,204
38.51176437701642,-121.58113465623046,MCTNet_14GB_California_North-5.tif,204
38.51158471395959,-121.66755258656276,MCTNet_14GB_California_North-5.tif,204
38.511405050902766,-121.75397051689505,MCTNet_14GB_California_North-5.tif,204
38.51122538784595,-121.84038844722735,MCTNet_14GB_California_North-5.tif,204
38.51122538784595,-121.60485017973122,MCTNet_14GB_California_North-5.tif,204
38.51104572478912,-121.69126811006352,MCTNet_14GB_California_North-5.tif,204
38.510866061732294,-121.7776860403958,MCTNet_14GB_California_North-5.tif,204
38.510686398675475,-121.86410397072811,MCTNet_14GB_California_North-5.tif,204
38.510686398675475,-121.62856570323197,MCTNet_14GB_California_North-5.tif,204
38.51050673561865,-121.71498363356427,MCTNet_14GB_California_North-5.tif,204
38.51032707256183,-121.80140156389656,MCTNet_14GB_California_North-5.tif,204
38.510147409505,-121.88781949422886,MCTNet_14GB_California_North-5.tif,204
38.510147409505,-121.65228122673273,MCTNet_14GB_California_North-5.tif,204
38.509967746448176,-121.73869915706503,MCTNet_14GB_California_North-5.tif,204
38.509788083391356,-121.82511708739732,MCTNet_14GB_California_North-5.tif,204
38.509788083391356,-121.58957881990118,MCTNet_14GB_California_North-5.tif,204
38.50960842033453,-121.67599675023348,MCTNet_14GB_California_North-5.tif,204
38.5094287572777,-121.76241468056578,MCTNet_14GB_California_North-5.tif,204
38.509249094220884,-121.84883261089807,MCTNet_14GB_California_North-5.tif,204
38.509249094220884,-121.61329434340195,MCTNet_14GB_California_North-5.tif,204
38.50906943116406,-121.69971227373424,MCTNet_14GB_California_North-5.tif,204
38.50888976810723,-121.78613020406654,MCTNet_14GB_California_North-5.tif,204
38.50871010505041,-121.87254813439884,MCTNet_14GB_California_North-5.tif,204
38.50871010505041,-121.6370098669027,MCTNet_14GB_California_North-5.tif,204
38.508530441993585,-121.72342779723499,MCTNet_14GB_California_North-5.tif,204
38.508350778936766,-121.80984572756729,MCTNet_14GB_California_North-5.tif,204
38.508350778936766,-121.57430746007115,MCTNet_14GB_California_North-5.tif,204
38.50817111587994,-121.66072539040346,MCTNet_14GB_California_North-5.tif,204
38.50799145282311,-121.74714332073574,MCTNet_14GB_California_North-5.tif,204
38.50781178976629,-121.83356125106805,MCTNet_14GB_California_North-5.tif,204
38.50781178976629,-121.59802298357191,MCTNet_14GB_California_North-5.tif,204
38.50763212670947,-121.68444091390421,MCTNet_14GB_California_North-5.tif,204
38.50745246365264,-121.7708588442365,MCTNet_14GB_California_North-5.tif,204
38.50727280059582,-121.8572767745688,MCTNet_14GB_California_North-5.tif,204
38.50727280059582,-121.62173850707266,MCTNet_14GB_California_North-5.tif,204
38.507093137538995,-121.70815643740497,MCTNet_14GB_California_North-5.tif,204
38.50691347448217,-121.79457436773725,MCTNet_14GB_California_North-5.tif,204
38.50673381142535,-121.88099229806956,MCTNet_14GB_California_North-5.tif,204
38.50673381142535,-121.64545403057342,MCTNet_14GB_California_North-5.tif,204
38.50655414836852,-121.73187196090572,MCTNet_14GB_California_North-5.tif,204
38.506374485311696,-121.81828989123801,MCTNet_14GB_California_North-5.tif,204
38.506374485311696,-121.58275162374187,MCTNet_14GB_California_North-5.tif,204
38.506194822254876,-121.66916955407417,MCTNet_14GB_California_North-5.tif,204
38.50601515919805,-121.75558748440648,MCTNet_14GB_California_North-5.tif,204
38.50583549614123,-121.84200541473876,MCTNet_14GB_California_North-5.tif,204
38.50583549614123,-121.60646714724263,MCTNet_14GB_California_North-5.tif,204
38.505655833084404,-121.69288507757493,MCTNet_14GB_California_North-5.tif,204
38.50547617002758,-121.77930300790723,MCTNet_14GB_California_North-5.tif,204
38.50529650697076,-121.86572093823952,MCTNet_14GB_California_North-5.tif,204
38.50529650697076,-121.63018267074338,MCTNet_14GB_California_North-5.tif,204
38.50511684391393,-121.71660060107568,MCTNet_14GB_California_North-5.tif,204
38.504937180857105,-121.80301853140799,MCTNet_14GB_California_North-5.tif,204
38.504757517800286,-121.88943646174027,MCTNet_14GB_California_North-5.tif,204
38.504757517800286,-121.65389819424414,MCTNet_14GB_California_North-5.tif,204
38.50457785474346,-121.74031612457644,MCTNet_14GB_California_North-5.tif,204
38.50439819168663,-121.82673405490874,MCTNet_14GB_California_North-5.tif,204
38.50439819168663,-121.5911957874126,MCTNet_14GB_California_North-5.tif,204
38.50421852862981,-121.6776137177449,MCTNet_14GB_California_North-5.tif,204
38.50403886557299,-121.7640316480772,MCTNet_14GB_California_North-5.tif,204
38.50385920251617,-121.8504495784095,MCTNet_14GB_California_North-5.tif,204
38.50385920251617,-121.61491131091336,MCTNet_14GB_California_North-5.tif,204
38.50367953945934,-121.70132924124566,MCTNet_14GB_California_North-5.tif,204
38.503499876402515,-121.78774717157795,MCTNet_14GB_California_North-5.tif,204
38.503320213345695,-121.87416510191025,MCTNet_14GB_California_North-5.tif,204
38.503320213345695,-121.63862683441411,MCTNet_14GB_California_North-5.tif,204
38.50314055028887,-121.72504476474641,MCTNet_14GB_California_North-5.tif,204
38.50296088723204,-121.8114626950787,MCTNet_14GB_California_North-5.tif,204
38.50296088723204,-121.57592442758256,MCTNet_14GB_California_North-5.tif,204
38.50278122417522,-121.66234235791487,MCTNet_14GB_California_North-5.tif,204
38.5026015611184,-121.74876028824717,MCTNet_14GB_California_North-5.tif,204
38.50242189806157,-121.83517821857946,MCTNet_14GB_California_North-5.tif,204
38.50242189806157,-121.59963995108332,MCTNet_14GB_California_North-5.tif,204
38.50224223500475,-121.68605788141562,MCTNet_14GB_California_North-5.tif,204
38.502062571947924,-121.77247581174792,MCTNet_14GB_California_North-5.tif,204
38.501882908891105,-121.85889374208021,MCTNet_14GB_California_North-5.tif,204
38.501882908891105,-121.62335547458407,MCTNet_14GB_California_North-5.tif,204
38.50170324583428,-121.70977340491638,MCTNet_14GB_California_North-5.tif,204
38.50152358277745,-121.79619133524868,MCTNet_14GB_California_North-5.tif,204
38.50134391972063,-121.88260926558097,MCTNet_14GB_California_North-5.tif,204
38.50134391972063,-121.64707099808483,MCTNet_14GB_California_North-5.tif,204
38.501164256663806,-121.73348892841713,MCTNet_14GB_California_North-5.tif,204
38.50098459360698,-121.81990685874943,MCTNet_14GB_California_North-5.tif,204
38.50098459360698,-121.5843685912533,MCTNet_14GB_California_North-5.tif,204
38.50080493055016,-121.67078652158558,MCTNet_14GB_California_North-5.tif,204
38.500625267493334,-121.75720445191789,MCTNet_14GB_California_North-5.tif,204
38.50044560443651,-121.84362238225019,MCTNet_14GB_California_North-5.tif,204
38.50044560443651,-121.60808411475405,MCTNet_14GB_California_North-5.tif,204
38.50026594137969,-121.69450204508634,MCTNet_14GB_California_North-5.tif,204
38.50008627832286,-121.78091997541864,MCTNet_14GB_California_North-5.tif,204
38.49990661526604,-121.86733790575094,MCTNet_14GB_California_North-5.tif,204
38.49990661526604,-121.6317996382548,MCTNet_14GB_California_North-5.tif,204
38.499726952209215,-121.7182175685871,MCTNet_14GB_California_North-5.tif,204
38.49954728915239,-121.8046354989194,MCTNet_14GB_California_North-5.tif,204
38.49936762609557,-121.8910534292517,MCTNet_14GB_California_North-5.tif,204
38.49936762609557,-121.65551516175556,MCTNet_14GB_California_North-5.tif,204
38.49918796303874,-121.74193309208786,MCTNet_14GB_California_North-5.tif,204
38.49900829998192,-121.82835102242015,MCTNet_14GB_California_North-5.tif,204
38.49900829998192,-121.59281275492401,MCTNet_14GB_California_North-5.tif,204
38.4988286369251,-121.67923068525631,MCTNet_14GB_California_North-5.tif,204
38.49864897386827,-121.76564861558862,MCTNet_14GB_California_North-5.tif,204
38.498469310811444,-121.8520665459209,MCTNet_14GB_California_North-5.tif,204
38.498469310811444,-121.61652827842477,MCTNet_14GB_California_North-5.tif,204
38.498289647754625,-121.70294620875707,MCTNet_14GB_California_North-5.tif,204
38.4981099846978,-121.78936413908937,MCTNet_14GB_California_North-5.tif,204
38.49793032164098,-121.87578206942166,MCTNet_14GB_California_North-5.tif,204
38.49793032164098,-121.64024380192552,MCTNet_14GB_California_North-5.tif,204
38.49775065858415,-121.72666173225782,MCTNet_14GB_California_North-5.tif,204
38.497570995527326,-121.81307966259013,MCTNet_14GB_California_North-5.tif,204
38.497570995527326,-121.57754139509399,MCTNet_14GB_California_North-5.tif,204
38.49739133247051,-121.66395932542628,MCTNet_14GB_California_North-5.tif,204
38.49721166941368,-121.75037725575858,MCTNet_14GB_California_North-5.tif,204
38.497032006356854,-121.83679518609088,MCTNet_14GB_California_North-5.tif,204
38.497032006356854,-121.60125691859474,MCTNet_14GB_California_North-5.tif,204
38.496852343300034,-121.68767484892703,MCTNet_14GB_California_North-5.tif,204
38.49667268024321,-121.77409277925933,MCTNet_14GB_California_North-5.tif,204
38.49649301718638,-121.86051070959164,MCTNet_14GB_California_North-5.tif,204
38.49649301718638,-121.6249724420955,MCTNet_14GB_California_North-5.tif,204
38.49631335412956,-121.71139037242779,MCTNet_14GB_California_North-5.tif,204
38.496133691072735,-121.79780830276009,MCTNet_14GB_California_North-5.tif,204
38.495954028015916,-121.88422623309239,MCTNet_14GB_California_North-5.tif,204
38.495954028015916,-121.64868796559625,MCTNet_14GB_California_North-5.tif,204
38.49577436495909,-121.73510589592854,MCTNet_14GB_California_North-5.tif,204
38.49559470190226,-121.82152382626084,MCTNet_14GB_California_North-5.tif,204
38.49559470190226,-121.5859855587647,MCTNet_14GB_California_North-5.tif,204
38.495415038845444,-121.67240348909701,MCTNet_14GB_California_North-5.tif,204
38.49523537578862,-121.7588214194293,MCTNet_14GB_California_North-5.tif,204
38.49505571273179,-121.8452393497616,MCTNet_14GB_California_North-5.tif,204
38.49505571273179,-121.60970108226546,MCTNet_14GB_California_North-5.tif,204
38.49487604967497,-121.69611901259776,MCTNet_14GB_California_North-5.tif,204
38.494696386618145,-121.78253694293005,MCTNet_14GB_California_North-5.tif,204
38.49451672356132,-121.86895487326235,MCTNet_14GB_California_North-5.tif,204
38.49451672356132,-121.63341660576621,MCTNet_14GB_California_North-5.tif,204
38.4943370605045,-121.71983453609852,MCTNet_14GB_California_North-5.tif,204
38.49415739744767,-121.80625246643082,MCTNet_14GB_California_North-5.tif,204
38.49397773439085,-121.89267039676311,MCTNet_14GB_California_North-5.tif,204
38.49397773439085,-121.65713212926697,MCTNet_14GB_California_North-5.tif,204
38.49379807133403,-121.74355005959927,MCTNet_14GB_California_North-5.tif,204
38.4936184082772,-121.82996798993157,MCTNet_14GB_California_North-5.tif,204
38.4936184082772,-121.59442972243544,MCTNet_14GB_California_North-5.tif,204
38.49343874522038,-121.68084765276772,MCTNet_14GB_California_North-5.tif,204
38.493259082163554,-121.76726558310003,MCTNet_14GB_California_North-5.tif,204
38.49307941910673,-121.85368351343233,MCTNet_14GB_California_North-5.tif,204
38.49307941910673,-121.61814524593619,MCTNet_14GB_California_North-5.tif,204
38.49289975604991,-121.70456317626848,MCTNet_14GB_California_North-5.tif,204
38.49272009299308,-121.79098110660078,MCTNet_14GB_California_North-5.tif,204
38.492540429936255,-121.87739903693308,MCTNet_14GB_California_North-5.tif,204
38.492540429936255,-121.64186076943695,MCTNet_14GB_California_North-5.tif,204
38.492360766879436,-121.72827869976923,MCTNet_14GB_California_North-5.tif,204
38.49218110382261,-121.81469663010154,MCTNet_14GB_California_North-5.tif,204
38.49218110382261,-121.5791583626054,MCTNet_14GB_California_North-5.tif,204
38.49200144076579,-121.6655762929377,MCTNet_14GB_California_North-5.tif,204
38.491821777708964,-121.75199422326999,MCTNet_14GB_California_North-5.tif,204
38.49164211465214,-121.83841215360229,MCTNet_14GB_California_North-5.tif,204
38.49164211465214,-121.60287388610615,MCTNet_14GB_California_North-5.tif,204
38.49146245159532,-121.68929181643846,MCTNet_14GB_California_North-5.tif,204
38.49128278853849,-121.77570974677074,MCTNet_14GB_California_North-5.tif,204
38.491103125481665,-121.86212767710305,MCTNet_14GB_California_North-5.tif,204
38.491103125481665,-121.62658940960691,MCTNet_14GB_California_North-5.tif,204
38.490923462424846,-121.71300733993921,MCTNet_14GB_California_North-5.tif,204
38.49074379936802,-121.7994252702715,MCTNet_14GB_California_North-5.tif,204
38.49056413631119,-121.8858432006038,MCTNet_14GB_California_North-5.tif,204
38.49056413631119,-121.65030493310766,MCTNet_14GB_California_North-5.tif,204
38.49038447325437,-121.73672286343997,MCTNet_14GB_California_North-5.tif,204
38.49020481019755,-121.82314079377225,MCTNet_14GB_California_North-5.tif,204
38.49020481019755,-121.58760252627611,MCTNet_14GB_California_North-5.tif,204
38.49002514714073,-121.67402045660842,MCTNet_14GB_California_North-5.tif,204
38.4898454840839,-121.76043838694072,MCTNet_14GB_California_North-5.tif,204
38.489665821027074,-121.84685631727301,MCTNet_14GB_California_North-5.tif,204
38.489665821027074,-121.61131804977688,MCTNet_14GB_California_North-5.tif,204
38.489486157970255,-121.69773598010917,MCTNet_14GB_California_North-5.tif,204
38.48930649491343,-121.78415391044147,MCTNet_14GB_California_North-5.tif,204
38.4891268318566,-121.87057184077378,MCTNet_14GB_California_North-5.tif,204
38.4891268318566,-121.63503357327764,MCTNet_14GB_California_North-5.tif,204
38.48894716879978,-121.72145150360993,MCTNet_14GB_California_North-5.tif,204
38.488767505742956,-121.80786943394223,MCTNet_14GB_California_North-5.tif,204
38.488767505742956,-121.57233116644609,MCTNet_14GB_California_North-5.tif,204
38.48858784268613,-121.6587490967784,MCTNet_14GB_California_North-5.tif,204
38.48840817962931,-121.74516702711068,MCTNet_14GB_California_North-5.tif,204
38.488228516572484,-121.83158495744298,MCTNet_14GB_California_North-5.tif,204
38.488228516572484,-121.59604668994685,MCTNet_14GB_California_North-5.tif,204
38.488048853515664,-121.68246462027915,MCTNet_14GB_California_North-5.tif,204
38.48786919045884,-121.76888255061144,MCTNet_14GB_California_North-5.tif,204
38.48768952740201,-121.85530048094374,MCTNet_14GB_California_North-5.tif,204
38.48768952740201,-121.6197622134476,MCTNet_14GB_California_North-5.tif,204
38.48750986434519,-121.7061801437799,MCTNet_14GB_California_North-5.tif,204
38.487330201288366,-121.79259807411219,MCTNet_14GB_California_North-5.tif,204
38.48715053823154,-121.8790160044445,MCTNet_14GB_California_North-5.tif,204
38.48715053823154,-121.64347773694836,MCTNet_14GB_California_North-5.tif,204
38.48697087517472,-121.72989566728066,MCTNet_14GB_California_North-5.tif,204
38.48679121211789,-121.81631359761295,MCTNet_14GB_California_North-5.tif,204
38.48679121211789,-121.58077533011681,MCTNet_14GB_California_North-5.tif,204
38.48661154906107,-121.66719326044911,MCTNet_14GB_California_North-5.tif,204
38.48643188600425,-121.75361119078141,MCTNet_14GB_California_North-5.tif,204
38.48625222294742,-121.8400291211137,MCTNet_14GB_California_North-5.tif,204
38.48625222294742,-121.60449085361756,MCTNet_14GB_California_North-5.tif,204
38.4860725598906,-121.69090878394987,MCTNet_14GB_California_North-5.tif,204
38.485892896833775,-121.77732671428217,MCTNet_14GB_California_North-5.tif,204
38.48571323377695,-121.86374464461446,MCTNet_14GB_California_North-5.tif,204
38.48571323377695,-121.62820637711832,MCTNet_14GB_California_North-5.tif,204
38.48553357072013,-121.71462430745062,MCTNet_14GB_California_North-5.tif,204
38.4853539076633,-121.80104223778292,MCTNet_14GB_California_North-5.tif,204
38.485174244606476,-121.88746016811521,MCTNet_14GB_California_North-5.tif,204
38.485174244606476,-121.65192190061907,MCTNet_14GB_California_North-5.tif,204
38.48499458154966,-121.73833983095138,MCTNet_14GB_California_North-5.tif,204
38.48481491849283,-121.82475776128368,MCTNet_14GB_California_North-5.tif,204
38.48481491849283,-121.58921949378754,MCTNet_14GB_California_North-5.tif,204
38.484635255436004,-121.67563742411984,MCTNet_14GB_California_North-5.tif,204
38.484455592379184,-121.76205535445213,MCTNet_14GB_California_North-5.tif,204
38.48427592932236,-121.84847328478443,MCTNet_14GB_California_North-5.tif,204
38.48427592932236,-121.6129350172883,MCTNet_14GB_California_North-5.tif,204
38.48409626626554,-121.6993529476206,MCTNet_14GB_California_North-5.tif,204
38.48391660320871,-121.78577087795288,MCTNet_14GB_California_North-5.tif,204
38.483736940151886,-121.87218880828519,MCTNet_14GB_California_North-5.tif,204
38.483736940151886,-121.63665054078905,MCTNet_14GB_California_North-5.tif,204
38.483557277095066,-121.72306847112135,MCTNet_14GB_California_North-5.tif,204
38.48337761403824,-121.80948640145364,MCTNet_14GB_California_North-5.tif,204
38.48337761403824,-121.5739481339575,MCTNet_14GB_California_North-5.tif,204
38.48319795098141,-121.6603660642898,MCTNet_14GB_California_North-5.tif,204
38.483018287924594,-121.7467839946221,MCTNet_14GB_California_North-5.tif,204
38.48283862486777,-121.8332019249544,MCTNet_14GB_California_North-5.tif,204
38.48283862486777,-121.59766365745826,MCTNet_14GB_California_North-5.tif,204
38.48265896181094,-121.68408158779056,MCTNet_14GB_California_North-5.tif,204
38.48247929875412,-121.77049951812286,MCTNet_14GB_California_North-5.tif,204
38.482299635697295,-121.85691744845515,MCTNet_14GB_California_North-5.tif,204
38.482299635697295,-121.62137918095901,MCTNet_14GB_California_North-5.tif,204
38.482119972640476,-121.70779711129131,MCTNet_14GB_California_North-5.tif,204
38.48194030958365,-121.79421504162362,MCTNet_14GB_California_North-5.tif,204
38.48176064652682,-121.8806329719559,MCTNet_14GB_California_North-5.tif,204
38.48176064652682,-121.64509470445977,MCTNet_14GB_California_North-5.tif,204
38.48158098347,-121.73151263479207,MCTNet_14GB_California_North-5.tif,204
38.48140132041318,-121.81793056512437,MCTNet_14GB_California_North-5.tif,204
38.48140132041318,-121.58239229762823,MCTNet_14GB_California_North-5.tif,204
38.48122165735635,-121.66881022796052,MCTNet_14GB_California_North-5.tif,204
38.48104199429953,-121.75522815829282,MCTNet_14GB_California_North-5.tif,204
38.480862331242704,-121.84164608862513,MCTNet_14GB_California_North-5.tif,204
38.480862331242704,-121.60610782112899,MCTNet_14GB_California_North-5.tif,204
38.48068266818588,-121.69252575146128,MCTNet_14GB_California_North-5.tif,204
38.48050300512906,-121.77894368179358,MCTNet_14GB_California_North-5.tif,204
38.48032334207223,-121.86536161212588,MCTNet_14GB_California_North-5.tif,204
38.48032334207223,-121.62982334462974,MCTNet_14GB_California_North-5.tif,204
38.48014367901541,-121.71624127496203,MCTNet_14GB_California_North-5.tif,204
38.479964015958586,-121.80265920529433,MCTNet_14GB_California_North-5.tif,204
38.47978435290176,-121.88907713562664,MCTNet_14GB_California_North-5.tif,204
38.47978435290176,-121.6535388681305,MCTNet_14GB_California_North-5.tif,204
38.47960468984494,-121.7399567984628,MCTNet_14GB_California_North-5.tif,204
38.479425026788114,-121.82637472879509,MCTNet_14GB_California_North-5.tif,204
38.479425026788114,-121.59083646129895,MCTNet_14GB_California_North-5.tif,204
38.47924536373129,-121.67725439163125,MCTNet_14GB_California_North-5.tif,204
38.47906570067447,-121.76367232196355,MCTNet_14GB_California_North-5.tif,204
38.47888603761764,-121.85009025229584,MCTNet_14GB_California_North-5.tif,204
38.47888603761764,-121.6145519847997,MCTNet_14GB_California_North-5.tif,204
38.478706374560815,-121.700969915132,MCTNet_14GB_California_North-5.tif,204
38.478526711503996,-121.78738784546431,MCTNet_14GB_California_North-5.tif,204
38.47834704844717,-121.8738057757966,MCTNet_14GB_California_North-5.tif,204
38.47834704844717,-121.63826750830046,MCTNet_14GB_California_North-5.tif,204
38.47816738539035,-121.72468543863276,MCTNet_14GB_California_North-5.tif,204
38.47798772233352,-121.81110336896506,MCTNet_14GB_California_North-5.tif,204
38.47798772233352,-121.57556510146892,MCTNet_14GB_California_North-5.tif,204
38.4778080592767,-121.66198303180121,MCTNet_14GB_California_North-5.tif,204
38.47762839621988,-121.74840096213352,MCTNet_14GB_California_North-5.tif,204
38.47744873316305,-121.83481889246582,MCTNet_14GB_California_North-5.tif,204
38.47744873316305,-121.59928062496968,MCTNet_14GB_California_North-5.tif,204
38.477269070106225,-121.68569855530197,MCTNet_14GB_California_North-5.tif,204
38.477089407049405,-121.77211648563427,MCTNet_14GB_California_North-5.tif,204
38.47690974399258,-121.85853441596657,MCTNet_14GB_California_North-5.tif,204
38.47690974399258,-121.62299614847043,MCTNet_14GB_California_North-5.tif,204
38.47673008093575,-121.70941407880272,MCTNet_14GB_California_North-5.tif,204
38.47655041787893,-121.79583200913503,MCTNet_14GB_California_North-5.tif,204
38.476370754822106,-121.88224993946733,MCTNet_14GB_California_North-5.tif,204
38.476370754822106,-121.64671167197119,MCTNet_14GB_California_North-5.tif,204
38.47619109176529,-121.73312960230348,MCTNet_14GB_California_North-5.tif,204
38.47601142870846,-121.81954753263578,MCTNet_14GB_California_North-5.tif,204
38.47601142870846,-121.58400926513964,MCTNet_14GB_California_North-5.tif,204
38.475831765651634,-121.67042719547194,MCTNet_14GB_California_North-5.tif,204
38.475652102594815,-121.75684512580423,MCTNet_14GB_California_North-5.tif,204
38.47547243953799,-121.84326305613654,MCTNet_14GB_California_North-5.tif,204
38.47547243953799,-121.6077247886404,MCTNet_14GB_California_North-5.tif,204
38.47529277648116,-121.6941427189727,MCTNet_14GB_California_North-5.tif,204
38.47511311342434,-121.78056064930499,MCTNet_14GB_California_North-5.tif,204
38.474933450367516,-121.86697857963729,MCTNet_14GB_California_North-5.tif,204
38.474933450367516,-121.63144031214115,MCTNet_14GB_California_North-5.tif,204
38.47475378731069,-121.71785824247345,MCTNet_14GB_California_North-5.tif,204
38.47457412425387,-121.80427617280576,MCTNet_14GB_California_North-5.tif,204
38.47439446119704,-121.89069410313805,MCTNet_14GB_California_North-5.tif,204
38.47439446119704,-121.6551558356419,MCTNet_14GB_California_North-5.tif,204
38.474214798140224,-121.74157376597421,MCTNet_14GB_California_North-5.tif,204
38.4740351350834,-121.82799169630651,MCTNet_14GB_California_North-5.tif,204
38.4740351350834,-121.59245342881037,MCTNet_14GB_California_North-5.tif,204
38.47385547202657,-121.67887135914266,MCTNet_14GB_California_North-5.tif,204
38.47367580896975,-121.76528928947496,MCTNet_14GB_California_North-5.tif,204
38.473496145912925,-121.85170721980727,MCTNet_14GB_California_North-5.tif,204
38.473496145912925,-121.61616895231113,MCTNet_14GB_California_North-5.tif,204
38.4733164828561,-121.70258688264342,MCTNet_14GB_California_North-5.tif,204
38.47313681979928,-121.78900481297572,MCTNet_14GB_California_North-5.tif,204
38.47295715674245,-121.87542274330802,MCTNet_14GB_California_North-5.tif,204
38.47295715674245,-121.63988447581188,MCTNet_14GB_California_North-5.tif,204
38.472777493685626,-121.72630240614417,MCTNet_14GB_California_North-5.tif,204
38.47259783062881,-121.81272033647647,MCTNet_14GB_California_North-5.tif,204
38.47259783062881,-121.57718206898033,MCTNet_14GB_California_North-5.tif,204
38.47241816757198,-121.66359999931264,MCTNet_14GB_California_North-5.tif,204
38.472238504515154,-121.75001792964493,MCTNet_14GB_California_North-5.tif,204
38.472058841458335,-121.83643585997723,MCTNet_14GB_California_North-5.tif,204
38.472058841458335,-121.60089759248109,MCTNet_14GB_California_North-5.tif,204
38.47187917840151,-121.68731552281339,MCTNet_14GB_California_North-5.tif,204
38.47169951534469,-121.77373345314568,MCTNet_14GB_California_North-5.tif,204
38.47151985228786,-121.86015138347798,MCTNet_14GB_California_North-5.tif,204
38.47151985228786,-121.62461311598184,MCTNet_14GB_California_North-5.tif,204
38.471340189231036,-121.71103104631415,MCTNet_14GB_California_North-5.tif,204
38.471160526174216,-121.79744897664644,MCTNet_14GB_California_North-5.tif,204
38.47098086311739,-121.88386690697874,MCTNet_14GB_California_North-5.tif,204
38.47098086311739,-121.6483286394826,MCTNet_14GB_California_North-5.tif,204
38.47080120006056,-121.7347465698149,MCTNet_14GB_California_North-5.tif,204
38.470621537003744,-121.82116450014719,MCTNet_14GB_California_North-5.tif,204
38.470621537003744,-121.58562623265105,MCTNet_14GB_California_North-5.tif,204
38.47044187394692,-121.67204416298335,MCTNet_14GB_California_North-5.tif,204
38.47026221089009,-121.75846209331566,MCTNet_14GB_California_North-5.tif,204
38.47008254783327,-121.84488002364795,MCTNet_14GB_California_North-5.tif,204
38.47008254783327,-121.60934175615182,MCTNet_14GB_California_North-5.tif,204
38.469902884776445,-121.69575968648411,MCTNet_14GB_California_North-5.tif,204
38.469723221719626,-121.78217761681641,MCTNet_14GB_California_North-5.tif,204
38.4695435586628,-121.86859554714871,MCTNet_14GB_California_North-5.tif,204
38.4695435586628,-121.63305727965258,MCTNet_14GB_California_North-5.tif,204
38.46936389560597,-121.71947520998486,MCTNet_14GB_California_North-5.tif,204
38.46918423254915,-121.80589314031717,MCTNet_14GB_California_North-5.tif,204
38.46900456949233,-121.89231107064947,MCTNet_14GB_California_North-5.tif,204
38.46900456949233,-121.65677280315333,MCTNet_14GB_California_North-5.tif,204
38.4688249064355,-121.74319073348562,MCTNet_14GB_California_North-5.tif,204
38.46864524337868,-121.82960866381792,MCTNet_14GB_California_North-5.tif,204
38.46864524337868,-121.59407039632178,MCTNet_14GB_California_North-5.tif,204
38.468465580321855,-121.68048832665409,MCTNet_14GB_California_North-5.tif,204
38.46828591726503,-121.76690625698637,MCTNet_14GB_California_North-5.tif,204
38.46810625420821,-121.85332418731868,MCTNet_14GB_California_North-5.tif,204
38.46810625420821,-121.61778591982254,MCTNet_14GB_California_North-5.tif,204
38.46792659115138,-121.70420385015484,MCTNet_14GB_California_North-5.tif,204
38.46774692809456,-121.79062178048713,MCTNet_14GB_California_North-5.tif,204
38.46756726503774,-121.87703971081943,MCTNet_14GB_California_North-5.tif,204
38.46756726503774,-121.64150144332329,MCTNet_14GB_California_North-5.tif,204
38.46738760198091,-121.7279193736556,MCTNet_14GB_California_North-5.tif,204
38.46720793892409,-121.81433730398788,MCTNet_14GB_California_North-5.tif,204
38.46720793892409,-121.57879903649174,MCTNet_14GB_California_North-5.tif,204
38.467028275867264,-121.66521696682405,MCTNet_14GB_California_North-5.tif,204
38.46684861281044,-121.75163489715635,MCTNet_14GB_California_North-5.tif,204
38.46666894975362,-121.83805282748864,MCTNet_14GB_California_North-5.tif,204
38.46666894975362,-121.6025145599925,MCTNet_14GB_California_North-5.tif,204
38.46648928669679,-121.6889324903248,MCTNet_14GB_California_North-5.tif,204
38.466309623639965,-121.7753504206571,MCTNet_14GB_California_North-5.tif,204
38.466129960583146,-121.8617683509894,MCTNet_14GB_California_North-5.tif,204
38.466129960583146,-121.62623008349325,MCTNet_14GB_California_North-5.tif,204
38.46595029752632,-121.71264801382556,MCTNet_14GB_California_North-5.tif,204
38.4657706344695,-121.79906594415786,MCTNet_14GB_California_North-5.tif,204
38.465590971412674,-121.88548387449015,MCTNet_14GB_California_North-5.tif,204
38.465590971412674,-121.64994560699401,MCTNet_14GB_California_North-5.tif,204
38.46541130835585,-121.73636353732631,MCTNet_14GB_California_North-5.tif,204
38.46523164529903,-121.82278146765861,MCTNet_14GB_California_North-5.tif,204
38.46523164529903,-121.58724320016248,MCTNet_14GB_California_North-5.tif,204
38.4650519822422,-121.67366113049478,MCTNet_14GB_California_North-5.tif,204
38.464872319185375,-121.76007906082707,MCTNet_14GB_California_North-5.tif,204
38.464692656128555,-121.84649699115937,MCTNet_14GB_California_North-5.tif,204
38.464692656128555,-121.61095872366323,MCTNet_14GB_California_North-5.tif,204
38.46451299307173,-121.69737665399553,MCTNet_14GB_California_North-5.tif,204
38.4643333300149,-121.78379458432782,MCTNet_14GB_California_North-5.tif,204
38.46415366695808,-121.87021251466012,MCTNet_14GB_California_North-5.tif,204
38.46415366695808,-121.63467424716399,MCTNet_14GB_California_North-5.tif,204
38.46397400390126,-121.72109217749629,MCTNet_14GB_California_North-5.tif,204
38.46379434084444,-121.80751010782858,MCTNet_14GB_California_North-5.tif,204
38.46379434084444,-121.57197184033244,MCTNet_14GB_California_North-5.tif,204
38.46361467778761,-121.65838977066474,MCTNet_14GB_California_North-5.tif,204
38.463435014730784,-121.74480770099704,MCTNet_14GB_California_North-5.tif,204
38.463255351673965,-121.83122563132933,MCTNet_14GB_California_North-5.tif,204
38.463255351673965,-121.59568736383319,MCTNet_14GB_California_North-5.tif,204
38.46307568861714,-121.6821052941655,MCTNet_14GB_California_North-5.tif,204
38.46289602556031,-121.7685232244978,MCTNet_14GB_California_North-5.tif,204
38.46271636250349,-121.85494115483009,MCTNet_14GB_California_North-5.tif,204
38.46271636250349,-121.61940288733395,MCTNet_14GB_California_North-5.tif,204
38.462536699446666,-121.70582081766625,MCTNet_14GB_California_North-5.tif,204
38.46235703638984,-121.79223874799855,MCTNet_14GB_California_North-5.tif,204
38.46217737333302,-121.87865667833084,MCTNet_14GB_California_North-5.tif,204
38.46217737333302,-121.6431184108347,MCTNet_14GB_California_North-5.tif,204
38.461997710276194,-121.729536341167,MCTNet_14GB_California_North-5.tif,204
38.461818047219374,-121.81595427149931,MCTNet_14GB_California_North-5.tif,204
38.461818047219374,-121.58041600400317,MCTNet_14GB_California_North-5.tif,204
38.46163838416255,-121.66683393433546,MCTNet_14GB_California_North-5.tif,204
38.46145872110572,-121.75325186466776,MCTNet_14GB_California_North-5.tif,204
38.4612790580489,-121.83966979500006,MCTNet_14GB_California_North-5.tif,204
38.4612790580489,-121.60413152750392,MCTNet_14GB_California_North-5.tif,204
38.461099394992075,-121.69054945783621,MCTNet_14GB_California_North-5.tif,204
38.46091973193525,-121.77696738816852,MCTNet_14GB_California_North-5.tif,204
38.46074006887843,-121.86338531850082,MCTNet_14GB_California_North-5.tif,204
38.46074006887843,-121.62784705100468,MCTNet_14GB_California_North-5.tif,204
38.4605604058216,-121.71426498133697,MCTNet_14GB_California_North-5.tif,204
38.46038074276478,-121.80068291166927,MCTNet_14GB_California_North-5.tif,204
38.46020107970796,-121.88710084200157,MCTNet_14GB_California_North-5.tif,204
38.46020107970796,-121.65156257450543,MCTNet_14GB_California_North-5.tif,204
38.46002141665113,-121.73798050483774,MCTNet_14GB_California_North-5.tif,204
38.45984175359431,-121.82439843517002,MCTNet_14GB_California_North-5.tif,204
38.45984175359431,-121.58886016767389,MCTNet_14GB_California_North-5.tif,204
38.459662090537485,-121.67527809800619,MCTNet_14GB_California_North-5.tif,204
38.45948242748066,-121.76169602833849,MCTNet_14GB_California_North-5.tif,204
38.45930276442384,-121.84811395867078,MCTNet_14GB_California_North-5.tif,204
38.45930276442384,-121.61257569117464,MCTNet_14GB_California_North-5.tif,204
38.45912310136701,-121.69899362150694,MCTNet_14GB_California_North-5.tif,204
38.458943438310186,-121.78541155183925,MCTNet_14GB_California_North-5.tif,204
38.45876377525337,-121.87182948217153,MCTNet_14GB_California_North-5.tif,204
38.45876377525337,-121.6362912146754,MCTNet_14GB_California_North-5.tif,204
38.45858411219654,-121.7227091450077,MCTNet_14GB_California_North-5.tif,204
38.458404449139714,-121.80912707534,MCTNet_14GB_California_North-5.tif,204
38.458404449139714,-121.57358880784386,MCTNet_14GB_California_North-5.tif,204
38.458224786082894,-121.66000673817615,MCTNet_14GB_California_North-5.tif,204
38.45804512302607,-121.74642466850845,MCTNet_14GB_California_North-5.tif,204
38.45786545996925,-121.83284259884076,MCTNet_14GB_California_North-5.tif,204
38.45786545996925,-121.59730433134462,MCTNet_14GB_California_North-5.tif,204
38.45768579691242,-121.6837222616769,MCTNet_14GB_California_North-5.tif,204
38.457506133855595,-121.77014019200921,MCTNet_14GB_California_North-5.tif,204
38.457326470798776,-121.85655812234151,MCTNet_14GB_California_North-5.tif,204
38.457326470798776,-121.62101985484537,MCTNet_14GB_California_North-5.tif,204
38.45714680774195,-121.70743778517766,MCTNet_14GB_California_North-5.tif,204
38.45696714468512,-121.79385571550996,MCTNet_14GB_California_North-5.tif,204
38.456787481628304,-121.88027364584227,MCTNet_14GB_California_North-5.tif,204
38.456787481628304,-121.64473537834613,MCTNet_14GB_California_North-5.tif,204
38.45660781857148,-121.73115330867842,MCTNet_14GB_California_North-5.tif,204
38.45642815551465,-121.81757123901072,MCTNet_14GB_California_North-5.tif,204
38.45642815551465,-121.58203297151458,MCTNet_14GB_California_North-5.tif,204
38.45624849245783,-121.66845090184688,MCTNet_14GB_California_North-5.tif,204
38.456068829401005,-121.75486883217917,MCTNet_14GB_California_North-5.tif,204
38.455889166344186,-121.84128676251147,MCTNet_14GB_California_North-5.tif,204
38.455889166344186,-121.60574849501533,MCTNet_14GB_California_North-5.tif,204
38.45570950328736,-121.69216642534764,MCTNet_14GB_California_North-5.tif,204
38.45552984023053,-121.77858435567993,MCTNet_14GB_California_North-5.tif,204
38.45535017717371,-121.86500228601223,MCTNet_14GB_California_North-5.tif,204
38.45535017717371,-121.62946401851609,MCTNet_14GB_California_North-5.tif,204
38.45517051411689,-121.71588194884839,MCTNet_14GB_California_North-5.tif,204
38.45499085106006,-121.8022998791807,MCTNet_14GB_California_North-5.tif,204
38.45481118800324,-121.88871780951298,MCTNet_14GB_California_North-5.tif,204
38.45481118800324,-121.65317954201684,MCTNet_14GB_California_North-5.tif,204
38.454631524946414,-121.73959747234915,MCTNet_14GB_California_North-5.tif,204
38.45445186188959,-121.82601540268145,MCTNet_14GB_California_North-5.tif,204
38.45445186188959,-121.59047713518531,MCTNet_14GB_California_North-5.tif,204
38.45427219883277,-121.6768950655176,MCTNet_14GB_California_North-5.tif,204
38.45409253577594,-121.7633129958499,MCTNet_14GB_California_North-5.tif,204
38.45391287271912,-121.8497309261822,MCTNet_14GB_California_North-5.tif,204
38.45391287271912,-121.61419265868606,MCTNet_14GB_California_North-5.tif,204
38.453733209662296,-121.70061058901835,MCTNet_14GB_California_North-5.tif,204
38.45355354660547,-121.78702851935066,MCTNet_14GB_California_North-5.tif,204
38.45337388354865,-121.87344644968296,MCTNet_14GB_California_North-5.tif,204
38.45337388354865,-121.63790818218682,MCTNet_14GB_California_North-5.tif,204
38.453194220491824,-121.72432611251911,MCTNet_14GB_California_North-5.tif,204
38.453014557435,-121.81074404285141,MCTNet_14GB_California_North-5.tif,204
38.453014557435,-121.57520577535527,MCTNet_14GB_California_North-5.tif,204
38.45283489437818,-121.66162370568757,MCTNet_14GB_California_North-5.tif,204
38.45265523132135,-121.74804163601986,MCTNet_14GB_California_North-5.tif,204
38.452475568264525,-121.83445956635217,MCTNet_14GB_California_North-5.tif,204
38.452475568264525,-121.59892129885603,MCTNet_14GB_California_North-5.tif,204
38.452295905207706,-121.68533922918833,MCTNet_14GB_California_North-5.tif,204
38.45211624215088,-121.77175715952062,MCTNet_14GB_California_North-5.tif,204
38.45193657909406,-121.85817508985292,MCTNet_14GB_California_North-5.tif,204
38.45193657909406,-121.62263682235678,MCTNet_14GB_California_North-5.tif,204
38.45175691603723,-121.70905475268908,MCTNet_14GB_California_North-5.tif,204
38.45157725298041,-121.79547268302137,MCTNet_14GB_California_North-5.tif,204
38.45139758992359,-121.88189061335368,MCTNet_14GB_California_North-5.tif,204
38.45139758992359,-121.64635234585754,MCTNet_14GB_California_North-5.tif,204
38.45121792686676,-121.73277027618984,MCTNet_14GB_California_North-5.tif,204
38.451038263809934,-121.81918820652213,MCTNet_14GB_California_North-5.tif,204
38.451038263809934,-121.58364993902599,MCTNet_14GB_California_North-5.tif,204
38.450858600753115,-121.67006786935829,MCTNet_14GB_California_North-5.tif,204
38.45067893769629,-121.7564857996906,MCTNet_14GB_California_North-5.tif,204
38.45049927463946,-121.84290373002288,MCTNet_14GB_California_North-5.tif,204
38.45049927463946,-121.60736546252676,MCTNet_14GB_California_North-5.tif,204
38.45031961158264,-121.69378339285905,MCTNet_14GB_California_North-5.tif,204
38.450139948525816,-121.78020132319135,MCTNet_14GB_California_North-5.tif,204
38.449960285469,-121.86661925352365,MCTNet_14GB_California_North-5.tif,204
38.449960285469,-121.63108098602751,MCTNet_14GB_California_North-5.tif,204
38.44978062241217,-121.7174989163598,MCTNet_14GB_California_North-5.tif,204
38.449600959355344,-121.8039168466921,MCTNet_14GB_California_North-5.tif,204
38.449421296298524,-121.8903347770244,MCTNet_14GB_California_North-5.tif,204
38.449421296298524,-121.65479650952827,MCTNet_14GB_California_North-5.tif,204
38.4492416332417,-121.74121443986056,MCTNet_14GB_California_North-5.tif,204
38.44906197018487,-121.82763237019286,MCTNet_14GB_California_North-5.tif,204
38.44906197018487,-121.59209410269672,MCTNet_14GB_California_North-5.tif,204
38.44888230712805,-121.67851203302902,MCTNet_14GB_California_North-5.tif,204
38.448702644071226,-121.76492996336131,MCTNet_14GB_California_North-5.tif,204
38.4485229810144,-121.85134789369361,MCTNet_14GB_California_North-5.tif,204
38.4485229810144,-121.61580962619747,MCTNet_14GB_California_North-5.tif,204
38.44834331795758,-121.70222755652978,MCTNet_14GB_California_North-5.tif,204
38.44816365490075,-121.78864548686207,MCTNet_14GB_California_North-5.tif,204
38.447983991843934,-121.87506341719437,MCTNet_14GB_California_North-5.tif,204
38.447983991843934,-121.63952514969823,MCTNet_14GB_California_North-5.tif,204
38.44780432878711,-121.72594308003053,MCTNet_14GB_California_North-5.tif,204
38.44762466573028,-121.81236101036282,MCTNet_14GB_California_North-5.tif,204
38.44762466573028,-121.57682274286668,MCTNet_14GB_California_North-5.tif,204
38.44744500267346,-121.66324067319898,MCTNet_14GB_California_North-5.tif,204
38.447265339616635,-121.74965860353129,MCTNet_14GB_California_North-5.tif,204
38.44708567655981,-121.83607653386358,MCTNet_14GB_California_North-5.tif,204
38.44708567655981,-121.60053826636744,MCTNet_14GB_California_North-5.tif,204
38.44690601350299,-121.68695619669974,MCTNet_14GB_California_North-5.tif,204
38.44672635044616,-121.77337412703204,MCTNet_14GB_California_North-5.tif,204
38.446546687389336,-121.85979205736433,MCTNet_14GB_California_North-5.tif,204
38.446546687389336,-121.62425378986819,MCTNet_14GB_California_North-5.tif,204
38.44636702433252,-121.7106717202005,MCTNet_14GB_California_North-5.tif,204
38.44618736127569,-121.7970896505328,MCTNet_14GB_California_North-5.tif,204
38.44600769821887,-121.88350758086509,MCTNet_14GB_California_North-5.tif,204
38.44600769821887,-121.64796931336895,MCTNet_14GB_California_North-5.tif,204
38.445828035162045,-121.73438724370125,MCTNet_14GB_California_North-5.tif,204
38.44564837210522,-121.82080517403355,MCTNet_14GB_California_North-5.tif,204
38.44564837210522,-121.58526690653741,MCTNet_14GB_California_North-5.tif,204
38.4454687090484,-121.67168483686972,MCTNet_14GB_California_North-5.tif,204
38.44528904599157,-121.758102767202,MCTNet_14GB_California_North-5.tif,204
38.445109382934746,-121.8445206975343,MCTNet_14GB_California_North-5.tif,204
38.445109382934746,-121.60898243003817,MCTNet_14GB_California_North-5.tif,204
38.444929719877926,-121.69540036037047,MCTNet_14GB_California_North-5.tif,204
38.4447500568211,-121.78181829070276,MCTNet_14GB_California_North-5.tif,204
38.44457039376427,-121.86823622103506,MCTNet_14GB_California_North-5.tif,204
38.44457039376427,-121.63269795353892,MCTNet_14GB_California_North-5.tif,204
38.444390730707454,-121.71911588387123,MCTNet_14GB_California_North-5.tif,204
38.44421106765063,-121.80553381420351,MCTNet_14GB_California_North-5.tif,204
38.44403140459381,-121.89195174453582,MCTNet_14GB_California_North-5.tif,204
38.44403140459381,-121.65641347703968,MCTNet_14GB_California_North-5.tif,204
38.44385174153698,-121.74283140737198,MCTNet_14GB_California_North-5.tif,204
38.443672078480155,-121.82924933770427,MCTNet_14GB_California_North-5.tif,204
38.443672078480155,-121.59371107020813,MCTNet_14GB_California_North-5.tif,204
38.443492415423336,-121.68012900054043,MCTNet_14GB_California_North-5.tif,204
38.44331275236651,-121.76654693087274,MCTNet_14GB_California_North-5.tif,204
38.44313308930968,-121.85296486120502,MCTNet_14GB_California_North-5.tif,204
38.44313308930968,-121.61742659370888,MCTNet_14GB_California_North-5.tif,204
38.44295342625286,-121.70384452404119,MCTNet_14GB_California_North-5.tif,204
38.44277376319604,-121.79026245437349,MCTNet_14GB_California_North-5.tif,204
38.44259410013921,-121.87668038470578,MCTNet_14GB_California_North-5.tif,204
38.44259410013921,-121.64114211720964,MCTNet_14GB_California_North-5.tif,204
38.44241443708239,-121.72756004754194,MCTNet_14GB_California_North-5.tif,204
38.442234774025565,-121.81397797787425,MCTNet_14GB_California_North-5.tif,204
38.442234774025565,-121.5784397103781,MCTNet_14GB_California_North-5.tif,204
38.442055110968745,-121.6648576407104,MCTNet_14GB_California_North-5.tif,204
38.44187544791192,-121.7512755710427,MCTNet_14GB_California_North-5.tif,204
38.44169578485509,-121.837693501375,MCTNet_14GB_California_North-5.tif,204
38.44169578485509,-121.60215523387886,MCTNet_14GB_California_North-5.tif,204
38.44151612179827,-121.68857316421115,MCTNet_14GB_California_North-5.tif,204
38.441336458741446,-121.77499109454345,MCTNet_14GB_California_North-5.tif,204
38.44115679568462,-121.86140902487575,MCTNet_14GB_California_North-5.tif,204
38.44115679568462,-121.62587075737962,MCTNet_14GB_California_North-5.tif,204
38.4409771326278,-121.7122886877119,MCTNet_14GB_California_North-5.tif,204
38.440797469570974,-121.7987066180442,MCTNet_14GB_California_North-5.tif,204
38.44061780651415,-121.88512454837651,MCTNet_14GB_California_North-5.tif,204
38.44061780651415,-121.64958628088037,MCTNet_14GB_California_North-5.tif,204
38.44043814345733,-121.73600421121267,MCTNet_14GB_California_North-5.tif,204
38.4402584804005,-121.82242214154496,MCTNet_14GB_California_North-5.tif,204
38.4402584804005,-121.58688387404882,MCTNet_14GB_California_North-5.tif,204
38.440078817343675,-121.67330180438113,MCTNet_14GB_California_North-5.tif,204
38.439899154286856,-121.75971973471343,MCTNet_14GB_California_North-5.tif,204
38.43971949123003,-121.84613766504572,MCTNet_14GB_California_North-5.tif,204
38.43971949123003,-121.61059939754958,MCTNet_14GB_California_North-5.tif,204
38.43953982817321,-121.69701732788188,MCTNet_14GB_California_North-5.tif,204
38.43936016511638,-121.78343525821418,MCTNet_14GB_California_North-5.tif,204
38.43918050205956,-121.86985318854647,MCTNet_14GB_California_North-5.tif,204
38.43918050205956,-121.63431492105033,MCTNet_14GB_California_North-5.tif,204
38.43900083900274,-121.72073285138264,MCTNet_14GB_California_North-5.tif,204
38.43882117594591,-121.80715078171494,MCTNet_14GB_California_North-5.tif,204
38.438641512889085,-121.89356871204723,MCTNet_14GB_California_North-5.tif,204
38.438641512889085,-121.65803044455109,MCTNet_14GB_California_North-5.tif,204
38.438461849832265,-121.74444837488339,MCTNet_14GB_California_North-5.tif,204
38.43828218677544,-121.8308663052157,MCTNet_14GB_California_North-5.tif,204
38.43828218677544,-121.59532803771955,MCTNet_14GB_California_North-5.tif,204
38.43810252371861,-121.68174596805184,MCTNet_14GB_California_North-5.tif,204
38.43792286066179,-121.76816389838415,MCTNet_14GB_California_North-5.tif,204
38.437743197604966,-121.85458182871645,MCTNet_14GB_California_North-5.tif,204
38.437743197604966,-121.61904356122031,MCTNet_14GB_California_North-5.tif,204
38.43756353454815,-121.7054614915526,MCTNet_14GB_California_North-5.tif,204
38.43738387149132,-121.7918794218849,MCTNet_14GB_California_North-5.tif,204
38.437204208434494,-121.8782973522172,MCTNet_14GB_California_North-5.tif,204
38.437204208434494,-121.64275908472106,MCTNet_14GB_California_North-5.tif,204
38.437024545377675,-121.72917701505335,MCTNet_14GB_California_North-5.tif,204
38.43684488232085,-121.81559494538566,MCTNet_14GB_California_North-5.tif,204
38.43684488232085,-121.58005667788952,MCTNet_14GB_California_North-5.tif,204
38.43666521926402,-121.66647460822182,MCTNet_14GB_California_North-5.tif,204
38.4364855562072,-121.75289253855411,MCTNet_14GB_California_North-5.tif,204
38.436305893150376,-121.83931046888641,MCTNet_14GB_California_North-5.tif,204
38.436305893150376,-121.60377220139027,MCTNet_14GB_California_North-5.tif,204
38.43612623009355,-121.69019013172257,MCTNet_14GB_California_North-5.tif,204
38.43594656703673,-121.77660806205486,MCTNet_14GB_California_North-5.tif,204
38.4357669039799,-121.86302599238716,MCTNet_14GB_California_North-5.tif,204
38.4357669039799,-121.62748772489103,MCTNet_14GB_California_North-5.tif,204
38.435587240923084,-121.71390565522333,MCTNet_14GB_California_North-5.tif,204
38.43540757786626,-121.80032358555563,MCTNet_14GB_California_North-5.tif,204
38.43522791480943,-121.88674151588792,MCTNet_14GB_California_North-5.tif,204
38.43522791480943,-121.65120324839178,MCTNet_14GB_California_North-5.tif,204
38.43504825175261,-121.73762117872408,MCTNet_14GB_California_North-5.tif,204
38.434868588695785,-121.82403910905639,MCTNet_14GB_California_North-5.tif,204
38.434868588695785,-121.58850084156025,MCTNet_14GB_California_North-5.tif,204
38.43468892563896,-121.67491877189254,MCTNet_14GB_California_North-5.tif,204
38.43450926258214,-121.76133670222484,MCTNet_14GB_California_North-5.tif,204
38.43432959952531,-121.84775463255714,MCTNet_14GB_California_North-5.tif,204
38.43432959952531,-121.612216365061,MCTNet_14GB_California_North-5.tif,204
38.434149936468486,-121.69863429539329,MCTNet_14GB_California_North-5.tif,204
38.43397027341167,-121.7850522257256,MCTNet_14GB_California_North-5.tif,204
38.43379061035484,-121.8714701560579,MCTNet_14GB_California_North-5.tif,204
38.43379061035484,-121.63593188856176,MCTNet_14GB_California_North-5.tif,204
38.43361094729802,-121.72234981889405,MCTNet_14GB_California_North-5.tif,204
38.433431284241195,-121.80876774922635,MCTNet_14GB_California_North-5.tif,204
38.433431284241195,-121.57322948173021,MCTNet_14GB_California_North-5.tif,204
38.43325162118437,-121.65964741206251,MCTNet_14GB_California_North-5.tif,204
38.43307195812755,-121.7460653423948,MCTNet_14GB_California_North-5.tif,204
38.43289229507072,-121.8324832727271,MCTNet_14GB_California_North-5.tif,204
38.43289229507072,-121.59694500523096,MCTNet_14GB_California_North-5.tif,204
38.432712632013896,-121.68336293556327,MCTNet_14GB_California_North-5.tif,204
38.43253296895708,-121.76978086589556,MCTNet_14GB_California_North-5.tif,204
38.43235330590025,-121.85619879622786,MCTNet_14GB_California_North-5.tif,204
38.43235330590025,-121.62066052873172,MCTNet_14GB_California_North-5.tif,204
38.43217364284342,-121.70707845906402,MCTNet_14GB_California_North-5.tif,204
38.431993979786604,-121.79349638939631,MCTNet_14GB_California_North-5.tif,204
38.43181431672978,-121.87991431972861,MCTNet_14GB_California_North-5.tif,204
38.43181431672978,-121.64437605223247,MCTNet_14GB_California_North-5.tif,204
38.43163465367296,-121.73079398256478,MCTNet_14GB_California_North-5.tif,204
38.43145499061613,-121.81721191289706,MCTNet_14GB_California_North-5.tif,204
38.43145499061613,-121.58167364540093,MCTNet_14GB_California_North-5.tif,204
38.431275327559305,-121.66809157573323,MCTNet_14GB_California_North-5.tif,204
38.431095664502486,-121.75450950606553,MCTNet_14GB_California_North-5.tif,204
38.43091600144566,-121.84092743639782,MCTNet_14GB_California_North-5.tif,204
38.43091600144566,-121.6053891689017,MCTNet_14GB_California_North-5.tif,204
38.43073633838883,-121.69180709923398,MCTNet_14GB_California_North-5.tif,204
38.430556675332014,-121.77822502956629,MCTNet_14GB_California_North-5.tif,204
38.43037701227519,-121.86464295989859,MCTNet_14GB_California_North-5.tif,204
38.43037701227519,-121.62910469240245,MCTNet_14GB_California_North-5.tif,204
38.43019734921836,-121.71552262273474,MCTNet_14GB_California_North-5.tif,204
38.43001768616154,-121.80194055306704,MCTNet_14GB_California_North-5.tif,204
38.429838023104715,-121.88835848339934,MCTNet_14GB_California_North-5.tif,204
38.429838023104715,-121.6528202159032,MCTNet_14GB_California_North-5.tif,204
38.429658360047895,-121.7392381462355,MCTNet_14GB_California_North-5.tif,204
38.42947869699107,-121.8256560765678,MCTNet_14GB_California_North-5.tif,204
38.42947869699107,-121.59011780907166,MCTNet_14GB_California_North-5.tif,204
38.42929903393424,-121.67653573940396,MCTNet_14GB_California_North-5.tif,204
38.42911937087742,-121.76295366973625,MCTNet_14GB_California_North-5.tif,204
38.4289397078206,-121.84937160006855,MCTNet_14GB_California_North-5.tif,204
38.4289397078206,-121.61383333257241,MCTNet_14GB_California_North-5.tif,204
38.42876004476377,-121.70025126290471,MCTNet_14GB_California_North-5.tif,204
38.42858038170695,-121.786669193237,MCTNet_14GB_California_North-5.tif,204
38.428400718650124,-121.8730871235693,MCTNet_14GB_California_North-5.tif,204
38.428400718650124,-121.63754885607317,MCTNet_14GB_California_North-5.tif,204
38.4282210555933,-121.72396678640547,MCTNet_14GB_California_North-5.tif,204
38.42804139253648,-121.81038471673776,MCTNet_14GB_California_North-5.tif,204
38.42804139253648,-121.57484644924162,MCTNet_14GB_California_North-5.tif,204
38.42786172947965,-121.66126437957392,MCTNet_14GB_California_North-5.tif,204
38.42768206642283,-121.74768230990622,MCTNet_14GB_California_North-5.tif,204
38.427502403366006,-121.83410024023851,MCTNet_14GB_California_North-5.tif,204
38.427502403366006,-121.59856197274237,MCTNet_14GB_California_North-5.tif,204
38.42732274030918,-121.68497990307468,MCTNet_14GB_California_North-5.tif,204
38.42714307725236,-121.77139783340698,MCTNet_14GB_California_North-5.tif,204
38.426963414195534,-121.85781576373927,MCTNet_14GB_California_North-5.tif,204
38.426963414195534,-121.62227749624313,MCTNet_14GB_California_North-5.tif,204
38.42678375113871,-121.70869542657543,MCTNet_14GB_California_North-5.tif,204
38.42660408808189,-121.79511335690773,MCTNet_14GB_California_North-5.tif,204
38.42642442502506,-121.88153128724002,MCTNet_14GB_California_North-5.tif,204
38.42642442502506,-121.64599301974388,MCTNet_14GB_California_North-5.tif,204
38.426244761968235,-121.73241095007619,MCTNet_14GB_California_North-5.tif,204
38.426065098911415,-121.81882888040849,MCTNet_14GB_California_North-5.tif,204
38.426065098911415,-121.58329061291235,MCTNet_14GB_California_North-5.tif,204
38.42588543585459,-121.66970854324465,MCTNet_14GB_California_North-5.tif,204
38.42570577279777,-121.75612647357694,MCTNet_14GB_California_North-5.tif,204
38.42552610974094,-121.84254440390924,MCTNet_14GB_California_North-5.tif,204
38.42552610974094,-121.6070061364131,MCTNet_14GB_California_North-5.tif,204
38.42534644668412,-121.69342406674541,MCTNet_14GB_California_North-5.tif,204
38.4251667836273,-121.7798419970777,MCTNet_14GB_California_North-5.tif,204
38.42498712057047,-121.86625992741,MCTNet_14GB_California_North-5.tif,204
38.42498712057047,-121.63072165991386,MCTNet_14GB_California_North-5.tif,204
38.424807457513644,-121.71713959024616,MCTNet_14GB_California_North-5.tif,204
38.424627794456825,-121.80355752057845,MCTNet_14GB_California_North-5.tif,204
38.4244481314,-121.88997545091075,MCTNet_14GB_California_North-5.tif,204
38.4244481314,-121.65443718341461,MCTNet_14GB_California_North-5.tif,204
38.42426846834317,-121.74085511374692,MCTNet_14GB_California_North-5.tif,204
38.42408880528635,-121.8272730440792,MCTNet_14GB_California_North-5.tif,204
38.42408880528635,-121.59173477658307,MCTNet_14GB_California_North-5.tif,204
38.423909142229526,-121.67815270691537,MCTNet_14GB_California_North-5.tif,204
38.42372947917271,-121.76457063724767,MCTNet_14GB_California_North-5.tif,204
38.42354981611588,-121.85098856757996,MCTNet_14GB_California_North-5.tif,204
38.42354981611588,-121.61545030008382,MCTNet_14GB_California_North-5.tif,204
38.423370153059054,-121.70186823041612,MCTNet_14GB_California_North-5.tif,204
38.423190490002234,-121.78828616074843,MCTNet_14GB_California_North-5.tif,204
38.42301082694541,-121.87470409108072,MCTNet_14GB_California_North-5.tif,204
38.42301082694541,-121.63916582358458,MCTNet_14GB_California_North-5.tif,204
38.42283116388858,-121.72558375391688,MCTNet_14GB_California_North-5.tif,204
38.42265150083176,-121.81200168424918,MCTNet_14GB_California_North-5.tif,204
38.42265150083176,-121.57646341675304,MCTNet_14GB_California_North-5.tif,204
38.422471837774935,-121.66288134708533,MCTNet_14GB_California_North-5.tif,204
38.42229217471811,-121.74929927741763,MCTNet_14GB_California_North-5.tif,204
38.42211251166129,-121.83571720774994,MCTNet_14GB_California_North-5.tif,204
38.42211251166129,-121.6001789402538,MCTNet_14GB_California_North-5.tif,204
38.42193284860446,-121.68659687058609,MCTNet_14GB_California_North-5.tif,204
38.421753185547644,-121.77301480091839,MCTNet_14GB_California_North-5.tif,204
38.42157352249082,-121.85943273125069,MCTNet_14GB_California_North-5.tif,204
38.42157352249082,-121.62389446375455,MCTNet_14GB_California_North-5.tif,204
38.42139385943399,-121.71031239408684,MCTNet_14GB_California_North-5.tif,204
38.42121419637717,-121.79673032441914,MCTNet_14GB_California_North-5.tif,204
38.421034533320345,-121.88314825475145,MCTNet_14GB_California_North-5.tif,204
38.421034533320345,-121.64760998725531,MCTNet_14GB_California_North-5.tif,204
38.42085487026352,-121.73402791758761,MCTNet_14GB_California_North-5.tif,204
38.4206752072067,-121.8204458479199,MCTNet_14GB_California_North-5.tif,204
38.4206752072067,-121.58490758042376,MCTNet_14GB_California_North-5.tif,204
38.42049554414987,-121.67132551075606,MCTNet_14GB_California_North-5.tif,204
38.420315881093046,-121.75774344108837,MCTNet_14GB_California_North-5.tif,204
38.42013621803623,-121.84416137142065,MCTNet_14GB_California_North-5.tif,204
38.42013621803623,-121.60862310392451,MCTNet_14GB_California_North-5.tif,204
38.4199565549794,-121.69504103425682,MCTNet_14GB_California_North-5.tif,204
38.41977689192258,-121.78145896458912,MCTNet_14GB_California_North-5.tif,204
38.419597228865754,-121.86787689492141,MCTNet_14GB_California_North-5.tif,204
38.419597228865754,-121.63233862742527,MCTNet_14GB_California_North-5.tif,204
38.41941756580893,-121.71875655775757,MCTNet_14GB_California_North-5.tif,204
38.41923790275211,-121.80517448808988,MCTNet_14GB_California_North-5.tif,204
38.41905823969528,-121.89159241842216,MCTNet_14GB_California_North-5.tif,204
38.41905823969528,-121.65605415092602,MCTNet_14GB_California_North-5.tif,204
38.418878576638456,-121.74247208125833,MCTNet_14GB_California_North-5.tif,204
38.418698913581636,-121.82889001159063,MCTNet_14GB_California_North-5.tif,204
38.418698913581636,-121.59335174409449,MCTNet_14GB_California_North-5.tif,204
38.41851925052481,-121.67976967442678,MCTNet_14GB_California_North-5.tif,204
38.41833958746798,-121.76618760475908,MCTNet_14GB_California_North-5.tif,204
38.418159924411164,-121.85260553509139,MCTNet_14GB_California_North-5.tif,204
38.418159924411164,-121.61706726759525,MCTNet_14GB_California_North-5.tif,204
38.41798026135434,-121.70348519792753,MCTNet_14GB_California_North-5.tif,204
38.41780059829752,-121.78990312825984,MCTNet_14GB_California_North-5.tif,204
38.41762093524069,-121.87632105859214,MCTNet_14GB_California_North-5.tif,204
38.41762093524069,-121.640782791096,MCTNet_14GB_California_North-5.tif,204
38.417441272183865,-121.72720072142829,MCTNet_14GB_California_North-5.tif,204
38.417261609127046,-121.81361865176059,MCTNet_14GB_California_North-5.tif,204
38.417261609127046,-121.57808038426445,MCTNet_14GB_California_North-5.tif,204
38.41708194607022,-121.66449831459676,MCTNet_14GB_California_North-5.tif,204
38.41690228301339,-121.75091624492904,MCTNet_14GB_California_North-5.tif,204
38.41672261995657,-121.83733417526135,MCTNet_14GB_California_North-5.tif,204
38.41672261995657,-121.60179590776521,MCTNet_14GB_California_North-5.tif,204
38.41654295689975,-121.68821383809751,MCTNet_14GB_California_North-5.tif,204
38.41636329384292,-121.7746317684298,MCTNet_14GB_California_North-5.tif,204
38.4161836307861,-121.8610496987621,MCTNet_14GB_California_North-5.tif,204
38.4161836307861,-121.62551143126596,MCTNet_14GB_California_North-5.tif,204
38.416003967729274,-121.71192936159827,MCTNet_14GB_California_North-5.tif,204
38.415824304672455,-121.79834729193057,MCTNet_14GB_California_North-5.tif,204
38.41564464161563,-121.88476522226286,MCTNet_14GB_California_North-5.tif,204
38.41564464161563,-121.64922695476672,MCTNet_14GB_California_North-5.tif,204
38.4154649785588,-121.73564488509902,MCTNet_14GB_California_North-5.tif,204
38.41528531550198,-121.82206281543132,MCTNet_14GB_California_North-5.tif,204
38.41528531550198,-121.58652454793518,MCTNet_14GB_California_North-5.tif,204
38.415105652445156,-121.67294247826747,MCTNet_14GB_California_North-5.tif,204
38.41492598938833,-121.75936040859978,MCTNet_14GB_California_North-5.tif,204
38.41474632633151,-121.84577833893208,MCTNet_14GB_California_North-5.tif,204
38.41474632633151,-121.61024007143594,MCTNet_14GB_California_North-5.tif,204
38.414566663274684,-121.69665800176823,MCTNet_14GB_California_North-5.tif,204
38.41438700021786,-121.78307593210053,MCTNet_14GB_California_North-5.tif,204
38.41420733716104,-121.86949386243283,MCTNet_14GB_California_North-5.tif,204
38.41420733716104,-121.6339555949367,MCTNet_14GB_California_North-5.tif,204
38.41402767410421,-121.72037352526898,MCTNet_14GB_California_North-5.tif,204
38.41384801104739,-121.80679145560129,MCTNet_14GB_California_North-5.tif,204
38.413668347990566,-121.89320938593359,MCTNet_14GB_California_North-5.tif,204
38.413668347990566,-121.65767111843745,MCTNet_14GB_California_North-5.tif,204
38.41348868493374,-121.74408904876974,MCTNet_14GB_California_North-5.tif,204
38.41330902187692,-121.83050697910204,MCTNet_14GB_California_North-5.tif,204
38.41330902187692,-121.5949687116059,MCTNet_14GB_California_North-5.tif,204
38.41312935882009,-121.6813866419382,MCTNet_14GB_California_North-5.tif,204
38.41294969576327,-121.76780457227049,MCTNet_14GB_California_North-5.tif,204
38.41277003270645,-121.8542225026028,MCTNet_14GB_California_North-5.tif,204
38.41277003270645,-121.61868423510666,MCTNet_14GB_California_North-5.tif,204
38.41259036964962,-121.70510216543896,MCTNet_14GB_California_North-5.tif,204
38.412410706592794,-121.79152009577125,MCTNet_14GB_California_North-5.tif,204
38.412231043535975,-121.87793802610355,MCTNet_14GB_California_North-5.tif,204
38.412231043535975,-121.64239975860741,MCTNet_14GB_California_North-5.tif,204
38.41205138047915,-121.72881768893971,MCTNet_14GB_California_North-5.tif,204
38.41187171742233,-121.815235619272,MCTNet_14GB_California_North-5.tif,204
38.41187171742233,-121.57969735177586,MCTNet_14GB_California_North-5.tif,204
38.4116920543655,-121.66611528210817,MCTNet_14GB_California_North-5.tif,204
38.411512391308676,-121.75253321244047,MCTNet_14GB_California_North-5.tif,204
38.41133272825186,-121.83895114277276,MCTNet_14GB_California_North-5.tif,204
38.41133272825186,-121.60341287527663,MCTNet_14GB_California_North-5.tif,204
38.41115306519503,-121.68983080560892,MCTNet_14GB_California_North-5.tif,204
38.410973402138204,-121.77624873594122,MCTNet_14GB_California_North-5.tif,204
38.410793739081385,-121.86266666627353,MCTNet_14GB_California_North-5.tif,204
38.410793739081385,-121.62712839877739,MCTNet_14GB_California_North-5.tif,204
38.41061407602456,-121.71354632910968,MCTNet_14GB_California_North-5.tif,204
38.41043441296773,-121.79996425944198,MCTNet_14GB_California_North-5.tif,204
38.41025474991091,-121.88638218977428,MCTNet_14GB_California_North-5.tif,204
38.41025474991091,-121.65084392227814,MCTNet_14GB_California_North-5.tif,204
38.410075086854086,-121.73726185261043,MCTNet_14GB_California_North-5.tif,204
38.409895423797266,-121.82367978294273,MCTNet_14GB_California_North-5.tif,204
38.409895423797266,-121.5881415154466,MCTNet_14GB_California_North-5.tif,204
38.40971576074044,-121.6745594457789,MCTNet_14GB_California_North-5.tif,204
38.40953609768361,-121.76097737611119,MCTNet_14GB_California_North-5.tif,204
38.409356434626794,-121.84739530644349,MCTNet_14GB_California_North-5.tif,204
38.409356434626794,-121.61185703894735,MCTNet_14GB_California_North-5.tif,204
38.40917677156997,-121.69827496927965,MCTNet_14GB_California_North-5.tif,204
38.40899710851314,-121.78469289961194,MCTNet_14GB_California_North-5.tif,204
38.40881744545632,-121.87111082994424,MCTNet_14GB_California_North-5.tif,204
38.40881744545632,-121.6355725624481,MCTNet_14GB_California_North-5.tif,204
38.408637782399495,-121.7219904927804,MCTNet_14GB_California_North-5.tif,204
38.40845811934267,-121.8084084231127,MCTNet_14GB_California_North-5.tif,204
38.40845811934267,-121.57287015561656,MCTNet_14GB_California_North-5.tif,204
38.40827845628585,-121.65928808594886,MCTNet_14GB_California_North-5.tif,204
38.40809879322902,-121.74570601628116,MCTNet_14GB_California_North-5.tif,204
38.4079191301722,-121.83212394661345,MCTNet_14GB_California_North-5.tif,204
38.4079191301722,-121.59658567911731,MCTNet_14GB_California_North-5.tif,204
38.40773946711538,-121.68300360944961,MCTNet_14GB_California_North-5.tif,204
38.40755980405855,-121.76942153978192,MCTNet_14GB_California_North-5.tif,204
38.40738014100173,-121.8558394701142,MCTNet_14GB_California_North-5.tif,204
38.40738014100173,-121.62030120261807,MCTNet_14GB_California_North-5.tif,204
38.407200477944905,-121.70671913295037,MCTNet_14GB_California_North-5.tif,204
38.40702081488808,-121.79313706328267,MCTNet_14GB_California_North-5.tif,204
38.40684115183126,-121.87955499361496,MCTNet_14GB_California_North-5.tif,204
38.40684115183126,-121.64401672611882,MCTNet_14GB_California_North-5.tif,204
38.40666148877443,-121.73043465645112,MCTNet_14GB_California_North-5.tif,204
38.406481825717606,-121.81685258678343,MCTNet_14GB_California_North-5.tif,204
38.406481825717606,-121.58131431928729,MCTNet_14GB_California_North-5.tif,204
38.406302162660786,-121.66773224961959,MCTNet_14GB_California_North-5.tif,204
38.40612249960396,-121.75415017995188,MCTNet_14GB_California_North-5.tif,204
38.40594283654713,-121.84056811028418,MCTNet_14GB_California_North-5.tif,204
38.40594283654713,-121.60502984278804,MCTNet_14GB_California_North-5.tif,204
38.405763173490314,-121.69144777312034,MCTNet_14GB_California_North-5.tif,204
38.40558351043349,-121.77786570345263,MCTNet_14GB_California_North-5.tif,204
38.40540384737667,-121.86428363378494,MCTNet_14GB_California_North-5.tif,204
38.40540384737667,-121.6287453662888,MCTNet_14GB_California_North-5.tif,204
38.40522418431984,-121.7151632966211,MCTNet_14GB_California_North-5.tif,204
38.405044521263015,-121.80158122695339,MCTNet_14GB_California_North-5.tif,204
38.404864858206196,-121.88799915728569,MCTNet_14GB_California_North-5.tif,204
38.404864858206196,-121.65246088978955,MCTNet_14GB_California_North-5.tif,204
38.40468519514937,-121.73887882012185,MCTNet_14GB_California_North-5.tif,204
38.40450553209254,-121.82529675045414,MCTNet_14GB_California_North-5.tif,204
38.40450553209254,-121.589758482958,MCTNet_14GB_California_North-5.tif,204
38.40432586903572,-121.6761764132903,MCTNet_14GB_California_North-5.tif,204
38.4041462059789,-121.76259434362261,MCTNet_14GB_California_North-5.tif,204
38.40396654292207,-121.8490122739549,MCTNet_14GB_California_North-5.tif,204
38.40396654292207,-121.61347400645876,MCTNet_14GB_California_North-5.tif,204
38.40378687986525,-121.69989193679106,MCTNet_14GB_California_North-5.tif,204
38.403607216808425,-121.78630986712336,MCTNet_14GB_California_North-5.tif,204
38.403427553751605,-121.87272779745565,MCTNet_14GB_California_North-5.tif,204
38.403427553751605,-121.63718952995951,MCTNet_14GB_California_North-5.tif,204
38.40324789069478,-121.72360746029182,MCTNet_14GB_California_North-5.tif,204
38.40306822763795,-121.81002539062412,MCTNet_14GB_California_North-5.tif,204
38.40306822763795,-121.57448712312798,MCTNet_14GB_California_North-5.tif,204
38.40288856458113,-121.66090505346027,MCTNet_14GB_California_North-5.tif,204
38.402708901524306,-121.74732298379257,MCTNet_14GB_California_North-5.tif,204
38.40252923846748,-121.83374091412487,MCTNet_14GB_California_North-5.tif,204
38.40252923846748,-121.59820264662874,MCTNet_14GB_California_North-5.tif,204
38.40234957541066,-121.68462057696102,MCTNet_14GB_California_North-5.tif,204
38.402169912353834,-121.77103850729333,MCTNet_14GB_California_North-5.tif,204
38.40199024929701,-121.85745643762563,MCTNet_14GB_California_North-5.tif,204
38.40199024929701,-121.62191817012949,MCTNet_14GB_California_North-5.tif,204
38.40181058624019,-121.70833610046178,MCTNet_14GB_California_North-5.tif,204
38.40163092318336,-121.79475403079408,MCTNet_14GB_California_North-5.tif,204
38.40145126012654,-121.88117196112638,MCTNet_14GB_California_North-5.tif,204
38.40145126012654,-121.64563369363024,MCTNet_14GB_California_North-5.tif,204
38.401271597069716,-121.73205162396255,MCTNet_14GB_California_North-5.tif,204
38.40109193401289,-121.81846955429484,MCTNet_14GB_California_North-5.tif,204
38.40109193401289,-121.5829312867987,MCTNet_14GB_California_North-5.tif,204
38.40091227095607,-121.669349217131,MCTNet_14GB_California_North-5.tif,204
38.40073260789924,-121.7557671474633,MCTNet_14GB_California_North-5.tif,204
38.40055294484242,-121.84218507779559,MCTNet_14GB_California_North-5.tif,204
38.40055294484242,-121.60664681029945,MCTNet_14GB_California_North-5.tif,204
38.4003732817856,-121.69306474063175,MCTNet_14GB_California_North-5.tif,204
38.40019361872877,-121.77948267096406,MCTNet_14GB_California_North-5.tif,204
38.400013955671945,-121.86590060129635,MCTNet_14GB_California_North-5.tif,204
38.400013955671945,-121.6303623338002,MCTNet_14GB_California_North-5.tif,204
38.399834292615125,-121.71678026413251,MCTNet_14GB_California_North-5.tif,204
38.3996546295583,-121.80319819446481,MCTNet_14GB_California_North-5.tif,204
38.39947496650148,-121.8896161247971,MCTNet_14GB_California_North-5.tif,204
38.39947496650148,-121.65407785730096,MCTNet_14GB_California_North-5.tif,204
38.39929530344465,-121.74049578763326,MCTNet_14GB_California_North-5.tif,204
38.399115640387826,-121.82691371796557,MCTNet_14GB_California_North-5.tif,204
38.399115640387826,-121.59137545046943,MCTNet_14GB_California_North-5.tif,204
38.39893597733101,-121.67779338080172,MCTNet_14GB_California_North-5.tif,204
38.39875631427418,-121.76421131113402,MCTNet_14GB_California_North-5.tif,204
38.398576651217354,-121.85062924146632,MCTNet_14GB_California_North-5.tif,204
38.398576651217354,-121.61509097397018,MCTNet_14GB_California_North-5.tif,204
38.398396988160535,-121.70150890430247,MCTNet_14GB_California_North-5.tif,204
38.39821732510371,-121.78792683463477,MCTNet_14GB_California_North-5.tif,204
38.39803766204688,-121.87434476496708,MCTNet_14GB_California_North-5.tif,204
38.39803766204688,-121.63880649747094,MCTNet_14GB_California_North-5.tif,204
38.39785799899006,-121.72522442780323,MCTNet_14GB_California_North-5.tif,204
38.397678335933236,-121.81164235813553,MCTNet_14GB_California_North-5.tif,204
38.397678335933236,-121.57610409063939,MCTNet_14GB_California_North-5.tif,204
38.39749867287642,-121.66252202097169,MCTNet_14GB_California_North-5.tif,204
38.39731900981959,-121.74893995130398,MCTNet_14GB_California_North-5.tif,204
38.39713934676276,-121.83535788163628,MCTNet_14GB_California_North-5.tif,204
38.39713934676276,-121.59981961414015,MCTNet_14GB_California_North-5.tif,204
38.396959683705944,-121.68623754447245,MCTNet_14GB_California_North-5.tif,204
38.39678002064912,-121.77265547480474,MCTNet_14GB_California_North-5.tif,204
38.39660035759229,-121.85907340513704,MCTNet_14GB_California_North-5.tif,204
38.39660035759229,-121.6235351376409,MCTNet_14GB_California_North-5.tif,204
38.39642069453547,-121.7099530679732,MCTNet_14GB_California_North-5.tif,204
38.396241031478645,-121.7963709983055,MCTNet_14GB_California_North-5.tif,204
38.39606136842182,-121.8827889286378,MCTNet_14GB_California_North-5.tif,204
38.39606136842182,-121.64725066114165,MCTNet_14GB_California_North-5.tif,204
38.395881705365,-121.73366859147396,MCTNet_14GB_California_North-5.tif,204
38.39570204230817,-121.82008652180626,MCTNet_14GB_California_North-5.tif,204
38.39570204230817,-121.58454825431012,MCTNet_14GB_California_North-5.tif,204
38.395522379251354,-121.67096618464241,MCTNet_14GB_California_North-5.tif,204
38.39534271619453,-121.75738411497471,MCTNet_14GB_California_North-5.tif,204
38.3951630531377,-121.84380204530702,MCTNet_14GB_California_North-5.tif,204
38.3951630531377,-121.60826377781088,MCTNet_14GB_California_North-5.tif,204
38.39498339008088,-121.69468170814316,MCTNet_14GB_California_North-5.tif,204
38.394803727024055,-121.78109963847547,MCTNet_14GB_California_North-5.tif,204
38.39462406396723,-121.86751756880777,MCTNet_14GB_California_North-5.tif,204
38.39462406396723,-121.63197930131163,MCTNet_14GB_California_North-5.tif,204
38.39444440091041,-121.71839723164392,MCTNet_14GB_California_North-5.tif,204
38.39426473785358,-121.80481516197622,MCTNet_14GB_California_North-5.tif,204
38.394085074796756,-121.89123309230852,MCTNet_14GB_California_North-5.tif,204
38.394085074796756,-121.65569482481239,MCTNet_14GB_California_North-5.tif,204
38.39390541173994,-121.74211275514467,MCTNet_14GB_California_North-5.tif,204
38.39372574868311,-121.82853068547698,MCTNet_14GB_California_North-5.tif,204
38.39372574868311,-121.59299241798084,MCTNet_14GB_California_North-5.tif,204
38.39354608562629,-121.67941034831314,MCTNet_14GB_California_North-5.tif,204
38.393366422569464,-121.76582827864543,MCTNet_14GB_California_North-5.tif,204
38.39318675951264,-121.85224620897773,MCTNet_14GB_California_North-5.tif,204
38.39318675951264,-121.6167079414816,MCTNet_14GB_California_North-5.tif,204
38.39300709645582,-121.7031258718139,MCTNet_14GB_California_North-5.tif,204
38.39282743339899,-121.78954380214618,MCTNet_14GB_California_North-5.tif,204
38.392647770342165,-121.87596173247849,MCTNet_14GB_California_North-5.tif,204
38.392647770342165,-121.64042346498235,MCTNet_14GB_California_North-5.tif,204
38.392468107285346,-121.72684139531465,MCTNet_14GB_California_North-5.tif,204
38.39228844422852,-121.81325932564694,MCTNet_14GB_California_North-5.tif,204
38.39228844422852,-121.5777210581508,MCTNet_14GB_California_North-5.tif,204
38.39210878117169,-121.6641389884831,MCTNet_14GB_California_North-5.tif,204
38.391929118114874,-121.7505569188154,MCTNet_14GB_California_North-5.tif,204
38.39174945505805,-121.8369748491477,MCTNet_14GB_California_North-5.tif,204
38.39174945505805,-121.60143658165157,MCTNet_14GB_California_North-5.tif,204
38.39156979200123,-121.68785451198386,MCTNet_14GB_California_North-5.tif,204
38.3913901289444,-121.77427244231616,MCTNet_14GB_California_North-5.tif,204
38.391210465887575,-121.86069037264845,MCTNet_14GB_California_North-5.tif,204
38.391210465887575,-121.62515210515232,MCTNet_14GB_California_North-5.tif,204
38.391030802830755,-121.71157003548461,MCTNet_14GB_California_North-5.tif,204
38.39085113977393,-121.79798796581692,MCTNet_14GB_California_North-5.tif,204
38.3906714767171,-121.88440589614922,MCTNet_14GB_California_North-5.tif,204
38.3906714767171,-121.64886762865308,MCTNet_14GB_California_North-5.tif,204
38.39049181366028,-121.73528555898537,MCTNet_14GB_California_North-5.tif,204
38.39031215060346,-121.82170348931767,MCTNet_14GB_California_North-5.tif,204
38.39031215060346,-121.58616522182153,MCTNet_14GB_California_North-5.tif,204
38.39013248754663,-121.67258315215383,MCTNet_14GB_California_North-5.tif,204
38.38995282448981,-121.75900108248612,MCTNet_14GB_California_North-5.tif,204
38.389773161432984,-121.84541901281843,MCTNet_14GB_California_North-5.tif,204
38.389773161432984,-121.60988074532229,MCTNet_14GB_California_North-5.tif,204
38.389593498376165,-121.69629867565459,MCTNet_14GB_California_North-5.tif,204
38.38941383531934,-121.78271660598688,MCTNet_14GB_California_North-5.tif,204
38.38923417226251,-121.86913453631918,MCTNet_14GB_California_North-5.tif,204
38.38923417226251,-121.63359626882304,MCTNet_14GB_California_North-5.tif,204
38.38905450920569,-121.72001419915534,MCTNet_14GB_California_North-5.tif,204
38.388874846148866,-121.80643212948763,MCTNet_14GB_California_North-5.tif,204
38.38869518309204,-121.89285005981993,MCTNet_14GB_California_North-5.tif,204
38.38869518309204,-121.6573117923238,MCTNet_14GB_California_North-5.tif,204
38.38851552003522,-121.7437297226561,MCTNet_14GB_California_North-5.tif,204
38.388335856978394,-121.83014765298839,MCTNet_14GB_California_North-5.tif,204
38.388335856978394,-121.59460938549225,MCTNet_14GB_California_North-5.tif,204
38.38815619392157,-121.68102731582455,MCTNet_14GB_California_North-5.tif,204
38.38797653086475,-121.76744524615685,MCTNet_14GB_California_North-5.tif,204
38.38779686780792,-121.85386317648914,MCTNet_14GB_California_North-5.tif,204
38.38779686780792,-121.618324908993,MCTNet_14GB_California_North-5.tif,204
38.3876172047511,-121.7047428393253,MCTNet_14GB_California_North-5.tif,204
38.387437541694275,-121.79116076965761,MCTNet_14GB_California_North-5.tif,204
38.38725787863745,-121.8775786999899,MCTNet_14GB_California_North-5.tif,204
38.38725787863745,-121.64204043249376,MCTNet_14GB_California_North-5.tif,204
38.38707821558063,-121.72845836282606,MCTNet_14GB_California_North-5.tif,204
38.3868985525238,-121.81487629315836,MCTNet_14GB_California_North-5.tif,204
38.3868985525238,-121.57933802566222,MCTNet_14GB_California_North-5.tif,204
38.38671888946698,-121.66575595599451,MCTNet_14GB_California_North-5.tif,204
38.38653922641016,-121.75217388632682,MCTNet_14GB_California_North-5.tif,204
38.38635956335333,-121.83859181665912,MCTNet_14GB_California_North-5.tif,204
38.38635956335333,-121.60305354916298,MCTNet_14GB_California_North-5.tif,204
38.386179900296504,-121.68947147949528,MCTNet_14GB_California_North-5.tif,204
38.386000237239685,-121.77588940982757,MCTNet_14GB_California_North-5.tif,204
38.38582057418286,-121.86230734015987,MCTNet_14GB_California_North-5.tif,204
38.38582057418286,-121.62676907266373,MCTNet_14GB_California_North-5.tif,204
38.38564091112604,-121.71318700299604,MCTNet_14GB_California_North-5.tif,204
38.38546124806921,-121.79960493332833,MCTNet_14GB_California_North-5.tif,204
38.385281585012386,-121.88602286366063,MCTNet_14GB_California_North-5.tif,204
38.385281585012386,-121.65048459616449,MCTNet_14GB_California_North-5.tif,204
38.38510192195557,-121.73690252649679,MCTNet_14GB_California_North-5.tif,204
38.38492225889874,-121.82332045682908,MCTNet_14GB_California_North-5.tif,204
38.38492225889874,-121.58778218933294,MCTNet_14GB_California_North-5.tif,204
38.384742595841914,-121.67420011966524,MCTNet_14GB_California_North-5.tif,204
38.384562932785094,-121.76061804999755,MCTNet_14GB_California_North-5.tif,204
38.38438326972827,-121.84703598032984,MCTNet_14GB_California_North-5.tif,204
38.38438326972827,-121.6114977128337,MCTNet_14GB_California_North-5.tif,204
38.38420360667144,-121.697915643166,MCTNet_14GB_California_North-5.tif,204
38.38402394361462,-121.7843335734983,MCTNet_14GB_California_North-5.tif,204
38.383844280557796,-121.87075150383059,MCTNet_14GB_California_North-5.tif,204
38.383844280557796,-121.63521323633445,MCTNet_14GB_California_North-5.tif,204
38.383664617500976,-121.72163116666675,MCTNet_14GB_California_North-5.tif,204
38.38348495444415,-121.80804909699906,MCTNet_14GB_California_North-5.tif,204
38.38348495444415,-121.57251082950292,MCTNet_14GB_California_North-5.tif,204
38.38330529138732,-121.6589287598352,MCTNet_14GB_California_North-5.tif,204
38.383125628330504,-121.74534669016751,MCTNet_14GB_California_North-5.tif,204
38.38294596527368,-121.83176462049981,MCTNet_14GB_California_North-5.tif,204
38.38294596527368,-121.59622635300367,MCTNet_14GB_California_North-5.tif,204
38.38276630221685,-121.68264428333596,MCTNet_14GB_California_North-5.tif,204
38.38258663916003,-121.76906221366826,MCTNet_14GB_California_North-5.tif,204
38.382406976103205,-121.85548014400057,MCTNet_14GB_California_North-5.tif,204
38.382406976103205,-121.61994187650443,MCTNet_14GB_California_North-5.tif,204
38.38222731304638,-121.70635980683672,MCTNet_14GB_California_North-5.tif,204
38.38204764998956,-121.79277773716902,MCTNet_14GB_California_North-5.tif,204
38.38186798693273,-121.87919566750132,MCTNet_14GB_California_North-5.tif,204
38.38186798693273,-121.64365740000518,MCTNet_14GB_California_North-5.tif,204
38.38168832387591,-121.73007533033748,MCTNet_14GB_California_North-5.tif,204
38.38150866081909,-121.81649326066977,MCTNet_14GB_California_North-5.tif,204
38.38150866081909,-121.58095499317363,MCTNet_14GB_California_North-5.tif,204
38.38132899776226,-121.66737292350594,MCTNet_14GB_California_North-5.tif,204
38.38114933470544,-121.75379085383824,MCTNet_14GB_California_North-5.tif,204
38.380969671648614,-121.84020878417053,MCTNet_14GB_California_North-5.tif,204
38.380969671648614,-121.60467051667439,MCTNet_14GB_California_North-5.tif,204
38.38079000859179,-121.69108844700669,MCTNet_14GB_California_North-5.tif,204
38.38061034553497,-121.777506377339,MCTNet_14GB_California_North-5.tif,204
38.38043068247814,-121.86392430767128,MCTNet_14GB_California_North-5.tif,204
38.38043068247814,-121.62838604017514,MCTNet_14GB_California_North-5.tif,204
38.380251019421316,-121.71480397050745,MCTNet_14GB_California_North-5.tif,204
38.380071356364496,-121.80122190083975,MCTNet_14GB_California_North-5.tif,204
38.37989169330767,-121.88763983117204,MCTNet_14GB_California_North-5.tif,204
38.37989169330767,-121.6521015636759,MCTNet_14GB_California_North-5.tif,204
38.37971203025085,-121.7385194940082,MCTNet_14GB_California_North-5.tif,204
38.379532367194024,-121.8249374243405,MCTNet_14GB_California_North-5.tif,204
38.379532367194024,-121.58939915684437,MCTNet_14GB_California_North-5.tif,204
38.3793527041372,-121.67581708717665,MCTNet_14GB_California_North-5.tif,204
38.37917304108038,-121.76223501750896,MCTNet_14GB_California_North-5.tif,204
38.37899337802355,-121.84865294784126,MCTNet_14GB_California_North-5.tif,204
38.37899337802355,-121.61311468034512,MCTNet_14GB_California_North-5.tif,204
38.378813714966725,-121.69953261067741,MCTNet_14GB_California_North-5.tif,204
38.378634051909906,-121.78595054100971,MCTNet_14GB_California_North-5.tif,204
38.37845438885308,-121.87236847134201,MCTNet_14GB_California_North-5.tif,204
38.37845438885308,-121.63683020384588,MCTNet_14GB_California_North-5.tif,204
38.37827472579625,-121.72324813417816,MCTNet_14GB_California_North-5.tif,204
38.37809506273943,-121.80966606451047,MCTNet_14GB_California_North-5.tif,204
38.37809506273943,-121.57412779701433,MCTNet_14GB_California_North-5.tif,204
38.37791539968261,-121.66054572734663,MCTNet_14GB_California_North-5.tif,204
38.37773573662579,-121.74696365767892,MCTNet_14GB_California_North-5.tif,204
38.37755607356896,-121.83338158801122,MCTNet_14GB_California_North-5.tif,204
38.37755607356896,-121.59784332051508,MCTNet_14GB_California_North-5.tif,204
38.377376410512134,-121.68426125084738,MCTNet_14GB_California_North-5.tif,204
38.377196747455315,-121.77067918117967,MCTNet_14GB_California_North-5.tif,204
38.37701708439849,-121.85709711151198,MCTNet_14GB_California_North-5.tif,204
38.37701708439849,-121.62155884401584,MCTNet_14GB_California_North-5.tif,204
38.37683742134166,-121.70797677434814,MCTNet_14GB_California_North-5.tif,204
38.37665775828484,-121.79439470468043,MCTNet_14GB_California_North-5.tif,204
38.376478095228016,-121.88081263501273,MCTNet_14GB_California_North-5.tif,204
38.376478095228016,-121.64527436751659,MCTNet_14GB_California_North-5.tif,204
38.37629843217119,-121.7316922978489,MCTNet_14GB_California_North-5.tif,204
38.37611876911437,-121.8181102281812,MCTNet_14GB_California_North-5.tif,204
38.37611876911437,-121.58257196068506,MCTNet_14GB_California_North-5.tif,204
38.375939106057544,-121.66898989101735,MCTNet_14GB_California_North-5.tif,204
38.37575944300072,-121.75540782134965,MCTNet_14GB_California_North-5.tif,204
38.3755797799439,-121.84182575168195,MCTNet_14GB_California_North-5.tif,204
38.3755797799439,-121.60628748418581,MCTNet_14GB_California_North-5.tif,204
38.37540011688707,-121.6927054145181,MCTNet_14GB_California_North-5.tif,204
38.37522045383025,-121.7791233448504,MCTNet_14GB_California_North-5.tif,204
38.375040790773426,-121.86554127518271,MCTNet_14GB_California_North-5.tif,204
38.375040790773426,-121.63000300768657,MCTNet_14GB_California_North-5.tif,204
38.3748611277166,-121.71642093801886,MCTNet_14GB_California_North-5.tif,204
38.37468146465978,-121.80283886835116,MCTNet_14GB_California_North-5.tif,204
38.37450180160295,-121.88925679868346,MCTNet_14GB_California_North-5.tif,204
38.37450180160295,-121.65371853118732,MCTNet_14GB_California_North-5.tif,204
38.37432213854613,-121.74013646151961,MCTNet_14GB_California_North-5.tif,204
38.37414247548931,-121.82655439185191,MCTNet_14GB_California_North-5.tif,204
38.37414247548931,-121.59101612435578,MCTNet_14GB_California_North-5.tif,204
38.37396281243248,-121.67743405468808,MCTNet_14GB_California_North-5.tif,204
38.373783149375654,-121.76385198502037,MCTNet_14GB_California_North-5.tif,204
38.373603486318835,-121.85026991535267,MCTNet_14GB_California_North-5.tif,204
38.373603486318835,-121.61473164785653,MCTNet_14GB_California_North-5.tif,204
38.37342382326201,-121.70114957818883,MCTNet_14GB_California_North-5.tif,204
38.37324416020519,-121.78756750852112,MCTNet_14GB_California_North-5.tif,204
38.37306449714836,-121.87398543885342,MCTNet_14GB_California_North-5.tif,204
38.37306449714836,-121.63844717135729,MCTNet_14GB_California_North-5.tif,204
38.372884834091536,-121.72486510168959,MCTNet_14GB_California_North-5.tif,204
38.37270517103472,-121.81128303202188,MCTNet_14GB_California_North-5.tif,204
38.37270517103472,-121.57574476452574,MCTNet_14GB_California_North-5.tif,204
38.37252550797789,-121.66216269485804,MCTNet_14GB_California_North-5.tif,204
38.372345844921064,-121.74858062519034,MCTNet_14GB_California_North-5.tif,204
38.372166181864245,-121.83499855552263,MCTNet_14GB_California_North-5.tif,204
38.372166181864245,-121.5994602880265,MCTNet_14GB_California_North-5.tif,204
38.37198651880742,-121.6858782183588,MCTNet_14GB_California_North-5.tif,204
38.37180685575059,-121.7722961486911,MCTNet_14GB_California_North-5.tif,204
38.37162719269377,-121.85871407902339,MCTNet_14GB_California_North-5.tif,204
38.37162719269377,-121.62317581152726,MCTNet_14GB_California_North-5.tif,204
38.371447529636946,-121.70959374185955,MCTNet_14GB_California_North-5.tif,204
38.371267866580126,-121.79601167219185,MCTNet_14GB_California_North-5.tif,204
38.3710882035233,-121.88242960252416,MCTNet_14GB_California_North-5.tif,204
38.3710882035233,-121.64689133502802,MCTNet_14GB_California_North-5.tif,204
38.37090854046647,-121.7333092653603,MCTNet_14GB_California_North-5.tif,204
38.370728877409654,-121.81972719569261,MCTNet_14GB_California_North-5.tif,204
38.370728877409654,-121.58418892819647,MCTNet_14GB_California_North-5.tif,204
38.37054921435283,-121.67060685852877,MCTNet_14GB_California_North-5.tif,204
38.370369551296,-121.75702478886106,MCTNet_14GB_California_North-5.tif,204
38.37018988823918,-121.84344271919336,MCTNet_14GB_California_North-5.tif,204
38.37018988823918,-121.60790445169722,MCTNet_14GB_California_North-5.tif,204
38.370010225182355,-121.69432238202953,MCTNet_14GB_California_North-5.tif,204
38.36983056212553,-121.78074031236181,MCTNet_14GB_California_North-5.tif,204
38.36965089906871,-121.86715824269412,MCTNet_14GB_California_North-5.tif,204
38.36965089906871,-121.63161997519798,MCTNet_14GB_California_North-5.tif,204
38.36947123601188,-121.71803790553028,MCTNet_14GB_California_North-5.tif,204
38.36929157295506,-121.80445583586257,MCTNet_14GB_California_North-5.tif,204
38.36911190989824,-121.89087376619487,MCTNet_14GB_California_North-5.tif,204
38.36911190989824,-121.65533549869873,MCTNet_14GB_California_North-5.tif,204
38.36893224684141,-121.74175342903104,MCTNet_14GB_California_North-5.tif,204
38.36875258378459,-121.82817135936332,MCTNet_14GB_California_North-5.tif,204
38.36875258378459,-121.59263309186719,MCTNet_14GB_California_North-5.tif,204
38.368572920727765,-121.67905102219949,MCTNet_14GB_California_North-5.tif,204
38.36839325767094,-121.76546895253179,MCTNet_14GB_California_North-5.tif,204
38.36821359461412,-121.85188688286408,MCTNet_14GB_California_North-5.tif,204
38.36821359461412,-121.61634861536794,MCTNet_14GB_California_North-5.tif,204
38.36803393155729,-121.70276654570024,MCTNet_14GB_California_North-5.tif,204
38.367854268500466,-121.78918447603255,MCTNet_14GB_California_North-5.tif,204
38.367674605443646,-121.87560240636483,MCTNet_14GB_California_North-5.tif,204
38.367674605443646,-121.6400641388687,MCTNet_14GB_California_North-5.tif,204
38.36749494238682,-121.726482069201,MCTNet_14GB_California_North-5.tif,204
38.36731527933,-121.8128999995333,MCTNet_14GB_California_North-5.tif,204
38.36731527933,-121.57736173203716,MCTNet_14GB_California_North-5.tif,204
38.367135616273174,-121.66377966236945,MCTNet_14GB_California_North-5.tif,204
38.36695595321635,-121.75019759270175,MCTNet_14GB_California_North-5.tif,204
38.36677629015953,-121.83661552303406,MCTNet_14GB_California_North-5.tif,204
38.36677629015953,-121.60107725553792,MCTNet_14GB_California_North-5.tif,204
38.3665966271027,-121.68749518587022,MCTNet_14GB_California_North-5.tif,204
38.366416964045875,-121.77391311620251,MCTNet_14GB_California_North-5.tif,204
38.366237300989056,-121.86033104653481,MCTNet_14GB_California_North-5.tif,204
38.366237300989056,-121.62479277903867,MCTNet_14GB_California_North-5.tif,204
38.36605763793223,-121.71121070937097,MCTNet_14GB_California_North-5.tif,204
38.3658779748754,-121.79762863970326,MCTNet_14GB_California_North-5.tif,204
38.36569831181858,-121.88404657003557,MCTNet_14GB_California_North-5.tif,204
38.36569831181858,-121.64850830253943,MCTNet_14GB_California_North-5.tif,204
38.36551864876176,-121.73492623287173,MCTNet_14GB_California_North-5.tif,204
38.36533898570494,-121.82134416320402,MCTNet_14GB_California_North-5.tif,204
38.36533898570494,-121.58580589570788,MCTNet_14GB_California_North-5.tif,204
38.36515932264811,-121.67222382604018,MCTNet_14GB_California_North-5.tif,204
38.364979659591285,-121.75864175637248,MCTNet_14GB_California_North-5.tif,204
38.364799996534465,-121.84505968670477,MCTNet_14GB_California_North-5.tif,204
38.364799996534465,-121.60952141920863,MCTNet_14GB_California_North-5.tif,204
38.36462033347764,-121.69593934954094,MCTNet_14GB_California_North-5.tif,204
38.36444067042081,-121.78235727987324,MCTNet_14GB_California_North-5.tif,204
38.36426100736399,-121.86877521020553,MCTNet_14GB_California_North-5.tif,204
38.36426100736399,-121.63323694270939,MCTNet_14GB_California_North-5.tif,204
38.364081344307166,-121.71965487304169,MCTNet_14GB_California_North-5.tif,204
38.36390168125034,-121.806072803374,MCTNet_14GB_California_North-5.tif,204
38.36372201819352,-121.89249073370628,MCTNet_14GB_California_North-5.tif,204
38.36372201819352,-121.65695246621014,MCTNet_14GB_California_North-5.tif,204
38.363542355136694,-121.74337039654245,MCTNet_14GB_California_North-5.tif,204
38.363362692079875,-121.82978832687475,MCTNet_14GB_California_North-5.tif,204
38.363362692079875,-121.59425005937861,MCTNet_14GB_California_North-5.tif,204
38.36318302902305,-121.6806679897109,MCTNet_14GB_California_North-5.tif,204
38.36300336596622,-121.7670859200432,MCTNet_14GB_California_North-5.tif,204
38.3628237029094,-121.8535038503755,MCTNet_14GB_California_North-5.tif,204
38.3628237029094,-121.61796558287936,MCTNet_14GB_California_North-5.tif,204
38.362644039852576,-121.70438351321165,MCTNet_14GB_California_North-5.tif,204
38.36246437679575,-121.79080144354396,MCTNet_14GB_California_North-5.tif,204
38.36228471373893,-121.87721937387626,MCTNet_14GB_California_North-5.tif,204
38.36228471373893,-121.64168110638012,MCTNet_14GB_California_North-5.tif,204
38.3621050506821,-121.72809903671241,MCTNet_14GB_California_North-5.tif,204
38.36192538762528,-121.81451696704471,MCTNet_14GB_California_North-5.tif,204
38.36192538762528,-121.57897869954857,MCTNet_14GB_California_North-5.tif,204
38.36174572456846,-121.66539662988087,MCTNet_14GB_California_North-5.tif,204
38.36156606151163,-121.75181456021318,MCTNet_14GB_California_North-5.tif,204
38.36138639845481,-121.83823249054547,MCTNet_14GB_California_North-5.tif,204
38.36138639845481,-121.60269422304933,MCTNet_14GB_California_North-5.tif,204
38.361206735397985,-121.68911215338163,MCTNet_14GB_California_North-5.tif,204
38.36102707234116,-121.77553008371393,MCTNet_14GB_California_North-5.tif,204
38.36084740928434,-121.86194801404622,MCTNet_14GB_California_North-5.tif,204
38.36084740928434,-121.62640974655008,MCTNet_14GB_California_North-5.tif,204
38.36066774622751,-121.71282767688238,MCTNet_14GB_California_North-5.tif,204
38.36048808317069,-121.79924560721469,MCTNet_14GB_California_North-5.tif,204
38.36030842011387,-121.88566353754698,MCTNet_14GB_California_North-5.tif,204
38.36030842011387,-121.65012527005084,MCTNet_14GB_California_North-5.tif,204
38.36012875705704,-121.73654320038314,MCTNet_14GB_California_North-5.tif,204
38.359949094000214,-121.82296113071544,MCTNet_14GB_California_North-5.tif,204
38.359949094000214,-121.5874228632193,MCTNet_14GB_California_North-5.tif,204
38.359769430943395,-121.67384079355159,MCTNet_14GB_California_North-5.tif,204
38.35958976788657,-121.7602587238839,MCTNet_14GB_California_North-5.tif,204
38.35941010482975,-121.8466766542162,MCTNet_14GB_California_North-5.tif,204
38.35941010482975,-121.61113838672006,MCTNet_14GB_California_North-5.tif,204
38.35923044177292,-121.69755631705235,MCTNet_14GB_California_North-5.tif,204
38.359050778716096,-121.78397424738465,MCTNet_14GB_California_North-5.tif,204
38.35887111565928,-121.87039217771695,MCTNet_14GB_California_North-5.tif,204
38.35887111565928,-121.63485391022081,MCTNet_14GB_California_North-5.tif,204
38.35869145260245,-121.7212718405531,MCTNet_14GB_California_North-5.tif,204
38.358511789545624,-121.8076897708854,MCTNet_14GB_California_North-5.tif,204
38.358511789545624,-121.57215150338926,MCTNet_14GB_California_North-5.tif,204
38.358332126488804,-121.65856943372157,MCTNet_14GB_California_North-5.tif,204
38.35815246343198,-121.74498736405386,MCTNet_14GB_California_North-5.tif,204
38.35797280037515,-121.83140529438616,MCTNet_14GB_California_North-5.tif,204
38.35797280037515,-121.59586702689002,MCTNet_14GB_California_North-5.tif,204
38.35779313731833,-121.68228495722232,MCTNet_14GB_California_North-5.tif,204
38.357613474261505,-121.76870288755461,MCTNet_14GB_California_North-5.tif,204
38.357433811204686,-121.85512081788691,MCTNet_14GB_California_North-5.tif,204
38.357433811204686,-121.61958255039077,MCTNet_14GB_California_North-5.tif,204
38.35725414814786,-121.70600048072308,MCTNet_14GB_California_North-5.tif,204
38.35707448509103,-121.79241841105537,MCTNet_14GB_California_North-5.tif,204
38.356894822034214,-121.87883634138767,MCTNet_14GB_California_North-5.tif,204
38.356894822034214,-121.64329807389153,MCTNet_14GB_California_North-5.tif,204
38.35671515897739,-121.72971600422383,MCTNet_14GB_California_North-5.tif,204
38.35653549592056,-121.81613393455613,MCTNet_14GB_California_North-5.tif,204
38.35653549592056,-121.58059566706,MCTNet_14GB_California_North-5.tif,204
38.35635583286374,-121.66701359739228,MCTNet_14GB_California_North-5.tif,204
38.356176169806915,-121.75343152772459,MCTNet_14GB_California_North-5.tif,204
38.35599650675009,-121.83984945805689,MCTNet_14GB_California_North-5.tif,204
38.35599650675009,-121.60431119056075,MCTNet_14GB_California_North-5.tif,204
38.35581684369327,-121.69072912089304,MCTNet_14GB_California_North-5.tif,204
38.35563718063644,-121.77714705122534,MCTNet_14GB_California_North-5.tif,204
38.35545751757962,-121.86356498155764,MCTNet_14GB_California_North-5.tif,204
38.35545751757962,-121.6280267140615,MCTNet_14GB_California_North-5.tif,204
38.3552778545228,-121.7144446443938,MCTNet_14GB_California_North-5.tif,204
38.35509819146597,-121.8008625747261,MCTNet_14GB_California_North-5.tif,204
38.35491852840915,-121.8872805050584,MCTNet_14GB_California_North-5.tif,204
38.35491852840915,-121.65174223756226,MCTNet_14GB_California_North-5.tif,204
38.354738865352324,-121.73816016789455,MCTNet_14GB_California_North-5.tif,204
38.3545592022955,-121.82457809822685,MCTNet_14GB_California_North-5.tif,204
38.3545592022955,-121.58903983073071,MCTNet_14GB_California_North-5.tif,204
38.35437953923868,-121.67545776106302,MCTNet_14GB_California_North-5.tif,204
38.35419987618185,-121.7618756913953,MCTNet_14GB_California_North-5.tif,204
38.354020213125025,-121.8482936217276,MCTNet_14GB_California_North-5.tif,204
38.354020213125025,-121.61275535423147,MCTNet_14GB_California_North-5.tif,204
38.353840550068206,-121.69917328456377,MCTNet_14GB_California_North-5.tif,204
38.35366088701138,-121.78559121489606,MCTNet_14GB_California_North-5.tif,204
38.35348122395456,-121.87200914522836,MCTNet_14GB_California_North-5.tif,204
38.35348122395456,-121.63647087773222,MCTNet_14GB_California_North-5.tif,204
38.353301560897734,-121.72288880806452,MCTNet_14GB_California_North-5.tif,204
38.35312189784091,-121.80930673839681,MCTNet_14GB_California_North-5.tif,204
38.35312189784091,-121.57376847090067,MCTNet_14GB_California_North-5.tif,204
38.35294223478409,-121.66018640123298,MCTNet_14GB_California_North-5.tif,204
38.35276257172726,-121.74660433156528,MCTNet_14GB_California_North-5.tif,204
38.352582908670435,-121.83302226189757,MCTNet_14GB_California_North-5.tif,204
38.352582908670435,-121.59748399440143,MCTNet_14GB_California_North-5.tif,204
38.352403245613615,-121.68390192473373,MCTNet_14GB_California_North-5.tif,204
38.35222358255679,-121.77031985506603,MCTNet_14GB_California_North-5.tif,204
38.35204391949996,-121.85673778539832,MCTNet_14GB_California_North-5.tif,204
38.35204391949996,-121.6211995179022,MCTNet_14GB_California_North-5.tif,204
38.35186425644314,-121.70761744823449,MCTNet_14GB_California_North-5.tif,204
38.35168459338632,-121.79403537856679,MCTNet_14GB_California_North-5.tif,204
38.3515049303295,-121.88045330889909,MCTNet_14GB_California_North-5.tif,204
38.3515049303295,-121.64491504140295,MCTNet_14GB_California_North-5.tif,204
38.35132526727267,-121.73133297173524,MCTNet_14GB_California_North-5.tif,204
38.351145604215844,-121.81775090206754,MCTNet_14GB_California_North-5.tif,204
38.351145604215844,-121.5822126345714,MCTNet_14GB_California_North-5.tif,204
38.350965941159025,-121.66863056490371,MCTNet_14GB_California_North-5.tif,204
38.3507862781022,-121.755048495236,MCTNet_14GB_California_North-5.tif,204
38.35060661504537,-121.8414664255683,MCTNet_14GB_California_North-5.tif,204
38.35060661504537,-121.60592815807216,MCTNet_14GB_California_North-5.tif,204
38.35042695198855,-121.69234608840446,MCTNet_14GB_California_North-5.tif,204
38.350247288931726,-121.77876401873675,MCTNet_14GB_California_North-5.tif,204
38.3500676258749,-121.86518194906905,MCTNet_14GB_California_North-5.tif,204
38.3500676258749,-121.62964368157292,MCTNet_14GB_California_North-5.tif,204
38.34988796281808,-121.71606161190522,MCTNet_14GB_California_North-5.tif,204
38.349708299761254,-121.8024795422375,MCTNet_14GB_California_North-5.tif,204
38.349528636704434,-121.88889747256981,MCTNet_14GB_California_North-5.tif,204
38.349528636704434,-121.65335920507367,MCTNet_14GB_California_North-5.tif,204
38.34934897364761,-121.73977713540597,MCTNet_14GB_California_North-5.tif,204
38.34916931059078,-121.82619506573826,MCTNet_14GB_California_North-5.tif,204
38.34916931059078,-121.59065679824212,MCTNet_14GB_California_North-5.tif,204
38.34898964753396,-121.67707472857442,MCTNet_14GB_California_North-5.tif,204
38.348809984477136,-121.76349265890673,MCTNet_14GB_California_North-5.tif,204
38.34863032142031,-121.84991058923902,MCTNet_14GB_California_North-5.tif,204
38.34863032142031,-121.61437232174288,MCTNet_14GB_California_North-5.tif,204
38.34845065836349,-121.70079025207518,MCTNet_14GB_California_North-5.tif,204
38.34827099530666,-121.78720818240748,MCTNet_14GB_California_North-5.tif,204
38.34809133224984,-121.87362611273977,MCTNet_14GB_California_North-5.tif,204
38.34809133224984,-121.63808784524363,MCTNet_14GB_California_North-5.tif,204
38.34791166919302,-121.72450577557593,MCTNet_14GB_California_North-5.tif,204
38.34773200613619,-121.81092370590824,MCTNet_14GB_California_North-5.tif,204
38.34773200613619,-121.5753854384121,MCTNet_14GB_California_North-5.tif,204
38.34755234307937,-121.66180336874439,MCTNet_14GB_California_North-5.tif,204
38.347372680022545,-121.74822129907669,MCTNet_14GB_California_North-5.tif,204
38.34719301696572,-121.83463922940899,MCTNet_14GB_California_North-5.tif,204
38.34719301696572,-121.59910096191285,MCTNet_14GB_California_North-5.tif,204
38.3470133539089,-121.68551889224516,MCTNet_14GB_California_North-5.tif,204
38.652799876623185,-121.51645595577385,MCTNet_14GB_California_North-6.tif,204
38.652081224395886,-121.54681901237709,MCTNet_14GB_California_North-6.tif,204
38.65154223522541,-121.51070673795549,MCTNet_14GB_California_North-6.tif,204
38.65082358299812,-121.54106979455872,MCTNet_14GB_California_North-6.tif,204
38.65010493077082,-121.57143285116196,MCTNet_14GB_California_North-6.tif,204
38.64956594160035,-121.53532057674036,MCTNet_14GB_California_North-6.tif,204
38.64884728937306,-121.5656836333436,MCTNet_14GB_California_North-6.tif,204
38.64830830020259,-121.529571358922,MCTNet_14GB_California_North-6.tif,204
38.64758964797529,-121.55993441552523,MCTNet_14GB_California_North-6.tif,204
38.647050658804815,-121.52382214110364,MCTNet_14GB_California_North-6.tif,204
38.64633200657752,-121.55418519770687,MCTNet_14GB_California_North-6.tif,204
38.64579301740705,-121.51807292328526,MCTNet_14GB_California_North-6.tif,204
38.64507436517975,-121.54843597988851,MCTNet_14GB_California_North-6.tif,204
38.64453537600928,-121.5123237054669,MCTNet_14GB_California_North-6.tif,204
38.64381672378199,-121.54268676207015,MCTNet_14GB_California_North-6.tif,204
38.643277734611516,-121.50657448764854,MCTNet_14GB_California_North-6.tif,204
38.64255908238422,-121.53693754425177,MCTNet_14GB_California_North-6.tif,204
38.641840430156925,-121.56730060085502,MCTNet_14GB_California_North-6.tif,204
38.64130144098645,-121.53118832643341,MCTNet_14GB_California_North-6.tif,204
38.640582788759154,-121.56155138303664,MCTNet_14GB_California_North-6.tif,204
38.64004379958868,-121.52543910861505,MCTNet_14GB_California_North-6.tif,204
38.63932514736139,-121.55580216521828,MCTNet_14GB_California_North-6.tif,204
38.63878615819092,-121.51968989079668,MCTNet_14GB_California_North-6.tif,204
38.63806750596362,-121.55005294739992,MCTNet_14GB_California_North-6.tif,204
38.63752851679315,-121.51394067297832,MCTNet_14GB_California_North-6.tif,204
38.636809864565855,-121.54430372958156,MCTNet_14GB_California_North-6.tif,204
38.63627087539538,-121.50819145515995,MCTNet_14GB_California_North-6.tif,204
38.635552223168084,-121.5385545117632,MCTNet_14GB_California_North-6.tif,204
38.63483357094079,-121.56891756836643,MCTNet_14GB_California_North-6.tif,204
38.63429458177032,-121.53280529394482,MCTNet_14GB_California_North-6.tif,204
38.63357592954302,-121.56316835054807,MCTNet_14GB_California_North-6.tif,204
38.63303694037255,-121.52705607612646,MCTNet_14GB_California_North-6.tif,204
38.63231828814526,-121.5574191327297,MCTNet_14GB_California_North-6.tif,204
38.631779298974784,-121.5213068583081,MCTNet_14GB_California_North-6.tif,204
38.631060646747486,-121.55166991491133,MCTNet_14GB_California_North-6.tif,204
38.63052165757702,-121.51555764048973,MCTNet_14GB_California_North-6.tif,204
38.62980300534972,-121.54592069709297,MCTNet_14GB_California_North-6.tif,204
38.62926401617925,-121.50980842267137,MCTNet_14GB_California_North-6.tif,204
38.62854536395196,-121.5401714792746,MCTNet_14GB_California_North-6.tif,204
38.62782671172466,-121.57053453587784,MCTNet_14GB_California_North-6.tif,204
38.627287722554186,-121.53442226145624,MCTNet_14GB_California_North-6.tif,204
38.626569070326894,-121.56478531805948,MCTNet_14GB_California_North-6.tif,204
38.62603008115642,-121.52867304363788,MCTNet_14GB_California_North-6.tif,204
38.62531142892912,-121.55903610024112,MCTNet_14GB_California_North-6.tif,204
38.62477243975865,-121.5229238258195,MCTNet_14GB_California_North-6.tif,204
38.62405378753136,-121.55328688242275,MCTNet_14GB_California_North-6.tif,204
38.62351479836089,-121.51717460800114,MCTNet_14GB_California_North-6.tif,204
38.62279614613359,-121.54753766460439,MCTNet_14GB_California_North-6.tif,204
38.622257156963116,-121.51142539018278,MCTNet_14GB_California_North-6.tif,204
38.621538504735824,-121.54178844678601,MCTNet_14GB_California_North-6.tif,204
38.62099951556535,-121.50567617236442,MCTNet_14GB_California_North-6.tif,204
38.62028086333805,-121.53603922896765,MCTNet_14GB_California_North-6.tif,204
38.61956221111076,-121.5664022855709,MCTNet_14GB_California_North-6.tif,204
38.61902322194029,-121.53029001114929,MCTNet_14GB_California_North-6.tif,204
38.61830456971299,-121.56065306775253,MCTNet_14GB_California_North-6.tif,204
38.61776558054252,-121.52454079333093,MCTNet_14GB_California_North-6.tif,204
38.617046928315226,-121.55490384993416,MCTNet_14GB_California_North-6.tif,204
38.61650793914475,-121.51879157551257,MCTNet_14GB_California_North-6.tif,204
38.615789286917455,-121.5491546321158,MCTNet_14GB_California_North-6.tif,204
38.61525029774698,-121.51304235769419,MCTNet_14GB_California_North-6.tif,204
38.61453164551969,-121.54340541429744,MCTNet_14GB_California_North-6.tif,204
38.61399265634922,-121.50729313987583,MCTNet_14GB_California_North-6.tif,204
38.61327400412192,-121.53765619647908,MCTNet_14GB_California_North-6.tif,204
38.61255535189463,-121.56801925308231,MCTNet_14GB_California_North-6.tif,204
38.612016362724155,-121.5319069786607,MCTNet_14GB_California_North-6.tif,204
38.611297710496856,-121.56227003526395,MCTNet_14GB_California_North-6.tif,204
38.61075872132639,-121.52615776084234,MCTNet_14GB_California_North-6.tif,204
38.61004006909909,-121.55652081744559,MCTNet_14GB_California_North-6.tif,204
38.60950107992862,-121.52040854302398,MCTNet_14GB_California_North-6.tif,204
38.60878242770133,-121.55077159962721,MCTNet_14GB_California_North-6.tif,204
38.608243438530856,-121.51465932520561,MCTNet_14GB_California_North-6.tif,204
38.60752478630356,-121.54502238180885,MCTNet_14GB_California_North-6.tif,204
38.606985797133085,-121.50891010738725,MCTNet_14GB_California_North-6.tif,204
38.60626714490579,-121.53927316399049,MCTNet_14GB_California_North-6.tif,204
38.605548492678494,-121.56963622059372,MCTNet_14GB_California_North-6.tif,204
38.60500950350802,-121.53352394617212,MCTNet_14GB_California_North-6.tif,204
38.60429085128073,-121.56388700277536,MCTNet_14GB_California_North-6.tif,204
38.60375186211026,-121.52777472835376,MCTNet_14GB_California_North-6.tif,204
38.60303320988296,-121.558137784957,MCTNet_14GB_California_North-6.tif,204
38.60249422071249,-121.52202551053539,MCTNet_14GB_California_North-6.tif,204
38.601775568485195,-121.55238856713864,MCTNet_14GB_California_North-6.tif,204
38.60123657931472,-121.51627629271702,MCTNet_14GB_California_North-6.tif,204
38.600517927087424,-121.54663934932027,MCTNet_14GB_California_North-6.tif,204
38.59997893791695,-121.51052707489866,MCTNet_14GB_California_North-6.tif,204
38.59926028568966,-121.5408901315019,MCTNet_14GB_California_North-6.tif,204
38.59854163346236,-121.57125318810515,MCTNet_14GB_California_North-6.tif,204
38.59800264429189,-121.53514091368353,MCTNet_14GB_California_North-6.tif,204
38.5972839920646,-121.56550397028677,MCTNet_14GB_California_North-6.tif,204
38.596745002894124,-121.52939169586517,MCTNet_14GB_California_North-6.tif,204
38.596026350666826,-121.55975475246841,MCTNet_14GB_California_North-6.tif,204
38.59548736149635,-121.52364247804681,MCTNet_14GB_California_North-6.tif,204
38.59476870926906,-121.55400553465005,MCTNet_14GB_California_North-6.tif,204
38.59422972009859,-121.51789326022845,MCTNet_14GB_California_North-6.tif,204
38.59351106787129,-121.54825631683168,MCTNet_14GB_California_North-6.tif,204
38.59297207870082,-121.51214404241007,MCTNet_14GB_California_North-6.tif,204
38.592253426473526,-121.54250709901332,MCTNet_14GB_California_North-6.tif,204
38.591714437303054,-121.50639482459171,MCTNet_14GB_California_North-6.tif,204
38.590995785075755,-121.53675788119494,MCTNet_14GB_California_North-6.tif,204
38.59027713284846,-121.5671209377982,MCTNet_14GB_California_North-6.tif,204
38.58973814367799,-121.53100866337658,MCTNet_14GB_California_North-6.tif,204
38.58901949145069,-121.56137171997983,MCTNet_14GB_California_North-6.tif,204
38.58848050228023,-121.52525944555822,MCTNet_14GB_California_North-6.tif,204
38.58776185005293,-121.55562250216146,MCTNet_14GB_California_North-6.tif,204
38.587222860882456,-121.51951022773986,MCTNet_14GB_California_North-6.tif,204
38.586504208655164,-121.5498732843431,MCTNet_14GB_California_North-6.tif,204
38.58596521948469,-121.5137610099215,MCTNet_14GB_California_North-6.tif,204
38.58524656725739,-121.54412406652473,MCTNet_14GB_California_North-6.tif,204
38.58470757808692,-121.50801179210313,MCTNet_14GB_California_North-6.tif,204
38.58398892585963,-121.53837484870637,MCTNet_14GB_California_North-6.tif,204
38.58327027363233,-121.5687379053096,MCTNet_14GB_California_North-6.tif,204
38.58273128446186,-121.532625630888,MCTNet_14GB_California_North-6.tif,204
38.582012632234566,-121.56298868749124,MCTNet_14GB_California_North-6.tif,204
38.58147364306409,-121.52687641306963,MCTNet_14GB_California_North-6.tif,204
38.580754990836795,-121.55723946967288,MCTNet_14GB_California_North-6.tif,204
38.58021600166632,-121.52112719525127,MCTNet_14GB_California_North-6.tif,204
38.57949734943903,-121.55149025185452,MCTNet_14GB_California_North-6.tif,204
38.57895836026856,-121.5153779774329,MCTNet_14GB_California_North-6.tif,204
38.57823970804126,-121.54574103403614,MCTNet_14GB_California_North-6.tif,204
38.57770071887079,-121.50962875961454,MCTNet_14GB_California_North-6.tif,204
38.576982066643495,-121.53999181621778,MCTNet_14GB_California_North-6.tif,204
38.576263414416196,-121.57035487282103,MCTNet_14GB_California_North-6.tif,204
38.575724425245724,-121.53424259839942,MCTNet_14GB_California_North-6.tif,204
38.57500577301843,-121.56460565500265,MCTNet_14GB_California_North-6.tif,204
38.57446678384796,-121.52849338058105,MCTNet_14GB_California_North-6.tif,204
38.57374813162066,-121.55885643718429,MCTNet_14GB_California_North-6.tif,204
38.57320914245019,-121.52274416276269,MCTNet_14GB_California_North-6.tif,204
38.5724904902229,-121.55310721936593,MCTNet_14GB_California_North-6.tif,204
38.571951501052425,-121.51699494494432,MCTNet_14GB_California_North-6.tif,204
38.571232848825126,-121.54735800154756,MCTNet_14GB_California_North-6.tif,204
38.570693859654654,-121.51124572712595,MCTNet_14GB_California_North-6.tif,204
38.56997520742736,-121.5416087837292,MCTNet_14GB_California_North-6.tif,204
38.56943621825689,-121.50549650930759,MCTNet_14GB_California_North-6.tif,204
38.56871756602959,-121.53585956591083,MCTNet_14GB_California_North-6.tif,204
38.5679989138023,-121.56622262251408,MCTNet_14GB_California_North-6.tif,204
38.56745992463183,-121.53011034809246,MCTNet_14GB_California_North-6.tif,204
38.56674127240453,-121.56047340469571,MCTNet_14GB_California_North-6.tif,204
38.56620228323406,-121.5243611302741,MCTNet_14GB_California_North-6.tif,204
38.565483631006764,-121.55472418687734,MCTNet_14GB_California_North-6.tif,204
38.56494464183629,-121.51861191245574,MCTNet_14GB_California_North-6.tif,204
38.564225989609,-121.54897496905897,MCTNet_14GB_California_North-6.tif,204
38.56368700043853,-121.51286269463738,MCTNet_14GB_California_North-6.tif,204
38.56296834821123,-121.54322575124061,MCTNet_14GB_California_North-6.tif,204
38.562429359040756,-121.507113476819,MCTNet_14GB_California_North-6.tif,204
38.561710706813464,-121.53747653342225,MCTNet_14GB_California_North-6.tif,204
38.560992054586166,-121.56783959002549,MCTNet_14GB_California_North-6.tif,204
38.56045306541569,-121.53172731560389,MCTNet_14GB_California_North-6.tif,204
38.5597344131884,-121.56209037220712,MCTNet_14GB_California_North-6.tif,204
38.55919542401793,-121.52597809778551,MCTNet_14GB_California_North-6.tif,204
38.55847677179063,-121.55634115438876,MCTNet_14GB_California_North-6.tif,204
38.55793778262016,-121.52022887996715,MCTNet_14GB_California_North-6.tif,204
38.557219130392866,-121.5505919365704,MCTNet_14GB_California_North-6.tif,204
38.556680141222394,-121.51447966214879,MCTNet_14GB_California_North-6.tif,204
38.555961488995095,-121.54484271875202,MCTNet_14GB_California_North-6.tif,204
38.55542249982462,-121.50873044433042,MCTNet_14GB_California_North-6.tif,204
38.55470384759733,-121.53909350093366,MCTNet_14GB_California_North-6.tif,204
38.55398519537003,-121.5694565575369,MCTNet_14GB_California_North-6.tif,204
38.55344620619956,-121.5333442831153,MCTNet_14GB_California_North-6.tif,204
38.55272755397227,-121.56370733971853,MCTNet_14GB_California_North-6.tif,204
38.552188564801796,-121.52759506529694,MCTNet_14GB_California_North-6.tif,204
38.5514699125745,-121.55795812190017,MCTNet_14GB_California_North-6.tif,204
38.550930923404024,-121.52184584747857,MCTNet_14GB_California_North-6.tif,204
38.55021227117673,-121.55220890408181,MCTNet_14GB_California_North-6.tif,204
38.54967328200626,-121.5160966296602,MCTNet_14GB_California_North-6.tif,204
38.54895462977896,-121.54645968626345,MCTNet_14GB_California_North-6.tif,204
38.548415640608496,-121.51034741184183,MCTNet_14GB_California_North-6.tif,204
38.5476969883812,-121.54071046844508,MCTNet_14GB_California_North-6.tif,204
38.5469783361539,-121.57107352504832,MCTNet_14GB_California_North-6.tif,204
38.54643934698343,-121.53496125062671,MCTNet_14GB_California_North-6.tif,204
38.545720694756135,-121.56532430722996,MCTNet_14GB_California_North-6.tif,204
38.54518170558566,-121.52921203280835,MCTNet_14GB_California_North-6.tif,204
38.54446305335837,-121.55957508941158,MCTNet_14GB_California_North-6.tif,204
38.5439240641879,-121.52346281498998,MCTNet_14GB_California_North-6.tif,204
38.5432054119606,-121.55382587159322,MCTNet_14GB_California_North-6.tif,204
38.54266642279013,-121.51771359717162,MCTNet_14GB_California_North-6.tif,204
38.541947770562835,-121.54807665377486,MCTNet_14GB_California_North-6.tif,204
38.54140878139236,-121.51196437935326,MCTNet_14GB_California_North-6.tif,204
38.540690129165064,-121.5423274359565,MCTNet_14GB_California_North-6.tif,204
38.54015113999459,-121.50621516153488,MCTNet_14GB_California_North-6.tif,204
38.5394324877673,-121.53657821813813,MCTNet_14GB_California_North-6.tif,204
38.53871383554,-121.56694127474137,MCTNet_14GB_California_North-6.tif,204
38.53817484636953,-121.53082900031976,MCTNet_14GB_California_North-6.tif,204
38.53745619414224,-121.561192056923,MCTNet_14GB_California_North-6.tif,204
38.536917204971765,-121.5250797825014,MCTNet_14GB_California_North-6.tif,204
38.536198552744466,-121.55544283910464,MCTNet_14GB_California_North-6.tif,204
38.535659563573994,-121.51933056468303,MCTNet_14GB_California_North-6.tif,204
38.5349409113467,-121.54969362128627,MCTNet_14GB_California_North-6.tif,204
38.53440192217623,-121.51358134686467,MCTNet_14GB_California_North-6.tif,204
38.53368326994893,-121.5439444034679,MCTNet_14GB_California_North-6.tif,204
38.53314428077846,-121.5078321290463,MCTNet_14GB_California_North-6.tif,204
38.53242562855117,-121.53819518564954,MCTNet_14GB_California_North-6.tif,204
38.53170697632387,-121.56855824225278,MCTNet_14GB_California_North-6.tif,204
38.531167987153395,-121.53244596783118,MCTNet_14GB_California_North-6.tif,204
38.530449334926104,-121.56280902443442,MCTNet_14GB_California_North-6.tif,204
38.52991034575563,-121.52669675001282,MCTNet_14GB_California_North-6.tif,204
38.52919169352833,-121.55705980661605,MCTNet_14GB_California_North-6.tif,204
38.52865270435786,-121.52094753219444,MCTNet_14GB_California_North-6.tif,204
38.52793405213057,-121.55131058879769,MCTNet_14GB_California_North-6.tif,204
38.527395062960096,-121.51519831437608,MCTNet_14GB_California_North-6.tif,204
38.5266764107328,-121.54556137097933,MCTNet_14GB_California_North-6.tif,204
38.52613742156233,-121.50944909655772,MCTNet_14GB_California_North-6.tif,204
38.52541876933503,-121.53981215316095,MCTNet_14GB_California_North-6.tif,204
38.524700117107734,-121.5701752097642,MCTNet_14GB_California_North-6.tif,204
38.52416112793727,-121.53406293534259,MCTNet_14GB_California_North-6.tif,204
38.52344247570997,-121.56442599194584,MCTNet_14GB_California_North-6.tif,204
38.5229034865395,-121.52831371752423,MCTNet_14GB_California_North-6.tif,204
38.522184834312206,-121.55867677412746,MCTNet_14GB_California_North-6.tif,204
38.521645845141734,-121.52256449970587,MCTNet_14GB_California_North-6.tif,204
38.520927192914435,-121.5529275563091,MCTNet_14GB_California_North-6.tif,204
38.52038820374396,-121.5168152818875,MCTNet_14GB_California_North-6.tif,204
38.51966955151667,-121.54717833849074,MCTNet_14GB_California_North-6.tif,204
38.5191305623462,-121.51106606406913,MCTNet_14GB_California_North-6.tif,204
38.5184119101189,-121.54142912067238,MCTNet_14GB_California_North-6.tif,204
38.51769325789161,-121.57179217727561,MCTNet_14GB_California_North-6.tif,204
38.517154268721136,-121.53567990285401,MCTNet_14GB_California_North-6.tif,204
38.51643561649384,-121.56604295945725,MCTNet_14GB_California_North-6.tif,204
38.515896627323364,-121.52993068503564,MCTNet_14GB_California_North-6.tif,204
38.51517797509607,-121.56029374163889,MCTNet_14GB_California_North-6.tif,204
38.5146389859256,-121.52418146721728,MCTNet_14GB_California_North-6.tif,204
38.5139203336983,-121.55454452382052,MCTNet_14GB_California_North-6.tif,204
38.51338134452783,-121.51843224939891,MCTNet_14GB_California_North-6.tif,204
38.51266269230054,-121.54879530600215,MCTNet_14GB_California_North-6.tif,204
38.512123703130065,-121.51268303158055,MCTNet_14GB_California_North-6.tif,204
38.511405050902766,-121.54304608818379,MCTNet_14GB_California_North-6.tif,204
38.510866061732294,-121.50693381376219,MCTNet_14GB_California_North-6.tif,204
38.510147409505,-121.53729687036542,MCTNet_14GB_California_North-6.tif,204
38.5094287572777,-121.56765992696866,MCTNet_14GB_California_North-6.tif,204
38.50888976810723,-121.53154765254706,MCTNet_14GB_California_North-6.tif,204
38.50817111587994,-121.5619107091503,MCTNet_14GB_California_North-6.tif,204
38.50763212670947,-121.5257984347287,MCTNet_14GB_California_North-6.tif,204
38.50691347448217,-121.55616149133193,MCTNet_14GB_California_North-6.tif,204
38.506374485311696,-121.52004921691032,MCTNet_14GB_California_North-6.tif,204
38.505655833084404,-121.55041227351357,MCTNet_14GB_California_North-6.tif,204
38.50511684391393,-121.51429999909196,MCTNet_14GB_California_North-6.tif,204
38.50439819168663,-121.54466305569521,MCTNet_14GB_California_North-6.tif,204
38.50385920251617,-121.5085507812736,MCTNet_14GB_California_North-6.tif,204
38.50314055028887,-121.53891383787683,MCTNet_14GB_California_North-6.tif,204
38.50242189806157,-121.56927689448008,MCTNet_14GB_California_North-6.tif,204
38.501882908891105,-121.53316462005847,MCTNet_14GB_California_North-6.tif,204
38.501164256663806,-121.5635276766617,MCTNet_14GB_California_North-6.tif,204
38.500625267493334,-121.52741540224011,MCTNet_14GB_California_North-6.tif,204
38.49990661526604,-121.55777845884334,MCTNet_14GB_California_North-6.tif,204
38.49936762609557,-121.52166618442175,MCTNet_14GB_California_North-6.tif,204
38.49864897386827,-121.55202924102498,MCTNet_14GB_California_North-6.tif,204
38.4981099846978,-121.51591696660338,MCTNet_14GB_California_North-6.tif,204
38.49739133247051,-121.54628002320662,MCTNet_14GB_California_North-6.tif,204
38.496852343300034,-121.51016774878501,MCTNet_14GB_California_North-6.tif,204
38.496133691072735,-121.54053080538826,MCTNet_14GB_California_North-6.tif,204
38.495415038845444,-121.5708938619915,MCTNet_14GB_California_North-6.tif,204
38.49487604967497,-121.53478158756988,MCTNet_14GB_California_North-6.tif,204
38.49415739744767,-121.56514464417313,MCTNet_14GB_California_North-6.tif,204
38.4936184082772,-121.52903236975152,MCTNet_14GB_California_North-6.tif,204
38.49289975604991,-121.55939542635477,MCTNet_14GB_California_North-6.tif,204
38.492360766879436,-121.52328315193316,MCTNet_14GB_California_North-6.tif,204
38.49164211465214,-121.55364620853639,MCTNet_14GB_California_North-6.tif,204
38.491103125481665,-121.5175339341148,MCTNet_14GB_California_North-6.tif,204
38.49038447325437,-121.54789699071803,MCTNet_14GB_California_North-6.tif,204
38.4898454840839,-121.51178471629643,MCTNet_14GB_California_North-6.tif,204
38.4891268318566,-121.54214777289967,MCTNet_14GB_California_North-6.tif,204
38.48858784268613,-121.50603549847807,MCTNet_14GB_California_North-6.tif,204
38.48786919045884,-121.5363985550813,MCTNet_14GB_California_North-6.tif,204
38.48715053823154,-121.56676161168454,MCTNet_14GB_California_North-6.tif,204
38.48661154906107,-121.53064933726294,MCTNet_14GB_California_North-6.tif,204
38.485892896833775,-121.56101239386618,MCTNet_14GB_California_North-6.tif,204
38.4853539076633,-121.52490011944457,MCTNet_14GB_California_North-6.tif,204
38.484635255436004,-121.55526317604782,MCTNet_14GB_California_North-6.tif,204
38.48409626626554,-121.5191509016262,MCTNet_14GB_California_North-6.tif,204
38.48337761403824,-121.54951395822945,MCTNet_14GB_California_North-6.tif,204
38.48283862486777,-121.51340168380784,MCTNet_14GB_California_North-6.tif,204
38.482119972640476,-121.54376474041108,MCTNet_14GB_California_North-6.tif,204
38.48158098347,-121.50765246598948,MCTNet_14GB_California_North-6.tif,204
38.480862331242704,-121.53801552259272,MCTNet_14GB_California_North-6.tif,204
38.48014367901541,-121.56837857919597,MCTNet_14GB_California_North-6.tif,204
38.47960468984494,-121.53226630477435,MCTNet_14GB_California_North-6.tif,204
38.47888603761764,-121.56262936137759,MCTNet_14GB_California_North-6.tif,204
38.47834704844717,-121.52651708695599,MCTNet_14GB_California_North-6.tif,204
38.47762839621988,-121.55688014355923,MCTNet_14GB_California_North-6.tif,204
38.477089407049405,-121.52076786913763,MCTNet_14GB_California_North-6.tif,204
38.476370754822106,-121.55113092574086,MCTNet_14GB_California_North-6.tif,204
38.475831765651634,-121.51501865131925,MCTNet_14GB_California_North-6.tif,204
38.47511311342434,-121.5453817079225,MCTNet_14GB_California_North-6.tif,204
38.47457412425387,-121.50926943350089,MCTNet_14GB_California_North-6.tif,204
38.47385547202657,-121.53963249010414,MCTNet_14GB_California_North-6.tif,204
38.47313681979928,-121.56999554670737,MCTNet_14GB_California_North-6.tif,204
38.47259783062881,-121.53388327228576,MCTNet_14GB_California_North-6.tif,204
38.47187917840151,-121.56424632888901,MCTNet_14GB_California_North-6.tif,204
38.471340189231036,-121.5281340544674,MCTNet_14GB_California_North-6.tif,204
38.470621537003744,-121.55849711107065,MCTNet_14GB_California_North-6.tif,204
38.47008254783327,-121.52238483664904,MCTNet_14GB_California_North-6.tif,204
38.46936389560597,-121.55274789325227,MCTNet_14GB_California_North-6.tif,204
38.4688249064355,-121.51663561883068,MCTNet_14GB_California_North-6.tif,204
38.46810625420821,-121.54699867543391,MCTNet_14GB_California_North-6.tif,204
38.46756726503774,-121.51088640101231,MCTNet_14GB_California_North-6.tif,204
38.46684861281044,-121.54124945761555,MCTNet_14GB_California_North-6.tif,204
38.466129960583146,-121.57161251421878,MCTNet_14GB_California_North-6.tif,204
38.465590971412674,-121.53550023979719,MCTNet_14GB_California_North-6.tif,204
38.464872319185375,-121.56586329640042,MCTNet_14GB_California_North-6.tif,204
38.4643333300149,-121.52975102197883,MCTNet_14GB_California_North-6.tif,204
38.46361467778761,-121.56011407858206,MCTNet_14GB_California_North-6.tif,204
38.46307568861714,-121.52400180416045,MCTNet_14GB_California_North-6.tif,204
38.46235703638984,-121.5543648607637,MCTNet_14GB_California_North-6.tif,204
38.461818047219374,-121.51825258634209,MCTNet_14GB_California_North-6.tif,204
38.461099394992075,-121.54861564294534,MCTNet_14GB_California_North-6.tif,204
38.4605604058216,-121.51250336852372,MCTNet_14GB_California_North-6.tif,204
38.45984175359431,-121.54286642512696,MCTNet_14GB_California_North-6.tif,204
38.45930276442384,-121.50675415070536,MCTNet_14GB_California_North-6.tif,204
38.45858411219654,-121.5371172073086,MCTNet_14GB_California_North-6.tif,204
38.45786545996925,-121.56748026391183,MCTNet_14GB_California_North-6.tif,204
38.457326470798776,-121.53136798949024,MCTNet_14GB_California_North-6.tif,204
38.45660781857148,-121.56173104609347,MCTNet_14GB_California_North-6.tif,204
38.456068829401005,-121.52561877167187,MCTNet_14GB_California_North-6.tif,204
38.45535017717371,-121.55598182827511,MCTNet_14GB_California_North-6.tif,204
38.45481118800324,-121.51986955385351,MCTNet_14GB_California_North-6.tif,204
38.45409253577594,-121.55023261045675,MCTNet_14GB_California_North-6.tif,204
38.45355354660547,-121.51412033603513,MCTNet_14GB_California_North-6.tif,204
38.45283489437818,-121.54448339263838,MCTNet_14GB_California_North-6.tif,204
38.452295905207706,-121.50837111821677,MCTNet_14GB_California_North-6.tif,204
38.45157725298041,-121.53873417482001,MCTNet_14GB_California_North-6.tif,204
38.450858600753115,-121.56909723142326,MCTNet_14GB_California_North-6.tif,204
38.45031961158264,-121.53298495700164,MCTNet_14GB_California_North-6.tif,204
38.449600959355344,-121.5633480136049,MCTNet_14GB_California_North-6.tif,204
38.44906197018487,-121.52723573918328,MCTNet_14GB_California_North-6.tif,204
38.44834331795758,-121.55759879578652,MCTNet_14GB_California_North-6.tif,204
38.44780432878711,-121.52148652136492,MCTNet_14GB_California_North-6.tif,204
38.44708567655981,-121.55184957796816,MCTNet_14GB_California_North-6.tif,204
38.446546687389336,-121.51573730354656,MCTNet_14GB_California_North-6.tif,204
38.445828035162045,-121.5461003601498,MCTNet_14GB_California_North-6.tif,204
38.44528904599157,-121.5099880857282,MCTNet_14GB_California_North-6.tif,204
38.44457039376427,-121.54035114233143,MCTNet_14GB_California_North-6.tif,204
38.44385174153698,-121.57071419893467,MCTNet_14GB_California_North-6.tif,204
38.44331275236651,-121.53460192451307,MCTNet_14GB_California_North-6.tif,204
38.44259410013921,-121.5649649811163,MCTNet_14GB_California_North-6.tif,204
38.442055110968745,-121.52885270669469,MCTNet_14GB_California_North-6.tif,204
38.441336458741446,-121.55921576329794,MCTNet_14GB_California_North-6.tif,204
38.440797469570974,-121.52310348887633,MCTNet_14GB_California_North-6.tif,204
38.440078817343675,-121.55346654547958,MCTNet_14GB_California_North-6.tif,204
38.43953982817321,-121.51735427105797,MCTNet_14GB_California_North-6.tif,204
38.43882117594591,-121.5477173276612,MCTNet_14GB_California_North-6.tif,204
38.43828218677544,-121.5116050532396,MCTNet_14GB_California_North-6.tif,204
38.43756353454815,-121.54196810984284,MCTNet_14GB_California_North-6.tif,204
38.437024545377675,-121.50585583542124,MCTNet_14GB_California_North-6.tif,204
38.436305893150376,-121.53621889202448,MCTNet_14GB_California_North-6.tif,204
38.435587240923084,-121.56658194862771,MCTNet_14GB_California_North-6.tif,204
38.43504825175261,-121.53046967420612,MCTNet_14GB_California_North-6.tif,204
38.43432959952531,-121.56083273080935,MCTNet_14GB_California_North-6.tif,204
38.43379061035484,-121.52472045638775,MCTNet_14GB_California_North-6.tif,204
38.43307195812755,-121.55508351299099,MCTNet_14GB_California_North-6.tif,204
38.43253296895708,-121.51897123856938,MCTNet_14GB_California_North-6.tif,204
38.43181431672978,-121.54933429517263,MCTNet_14GB_California_North-6.tif,204
38.431275327559305,-121.51322202075102,MCTNet_14GB_California_North-6.tif,204
38.430556675332014,-121.54358507735427,MCTNet_14GB_California_North-6.tif,204
38.43001768616154,-121.50747280293265,MCTNet_14GB_California_North-6.tif,204
38.42929903393424,-121.53783585953589,MCTNet_14GB_California_North-6.tif,204
38.42858038170695,-121.56819891613914,MCTNet_14GB_California_North-6.tif,204
38.42804139253648,-121.53208664171753,MCTNet_14GB_California_North-6.tif,204
38.42732274030918,-121.56244969832078,MCTNet_14GB_California_North-6.tif,204
38.42678375113871,-121.52633742389916,MCTNet_14GB_California_North-6.tif,204
38.426065098911415,-121.5567004805024,MCTNet_14GB_California_North-6.tif,204
38.42552610974094,-121.5205882060808,MCTNet_14GB_California_North-6.tif,204
38.424807457513644,-121.55095126268404,MCTNet_14GB_California_North-6.tif,204
38.42426846834317,-121.51483898826244,MCTNet_14GB_California_North-6.tif,204
38.42354981611588,-121.54520204486568,MCTNet_14GB_California_North-6.tif,204
38.42301082694541,-121.50908977044406,MCTNet_14GB_California_North-6.tif,204
38.42229217471811,-121.53945282704731,MCTNet_14GB_California_North-6.tif,204
38.42157352249082,-121.56981588365055,MCTNet_14GB_California_North-6.tif,204
38.421034533320345,-121.53370360922895,MCTNet_14GB_California_North-6.tif,204
38.420315881093046,-121.56406666583219,MCTNet_14GB_California_North-6.tif,204
38.41977689192258,-121.52795439141057,MCTNet_14GB_California_North-6.tif,204
38.41905823969528,-121.55831744801382,MCTNet_14GB_California_North-6.tif,204
38.41851925052481,-121.52220517359221,MCTNet_14GB_California_North-6.tif,204
38.41780059829752,-121.55256823019546,MCTNet_14GB_California_North-6.tif,204
38.417261609127046,-121.51645595577385,MCTNet_14GB_California_North-6.tif,204
38.41654295689975,-121.54681901237709,MCTNet_14GB_California_North-6.tif,204
38.416003967729274,-121.51070673795549,MCTNet_14GB_California_North-6.tif,204
38.41528531550198,-121.54106979455872,MCTNet_14GB_California_North-6.tif,204
38.414566663274684,-121.57143285116196,MCTNet_14GB_California_North-6.tif,204
38.41402767410421,-121.53532057674036,MCTNet_14GB_California_North-6.tif,204
38.41330902187692,-121.5656836333436,MCTNet_14GB_California_North-6.tif,204
38.41277003270645,-121.529571358922,MCTNet_14GB_California_North-6.tif,204
38.41205138047915,-121.55993441552523,MCTNet_14GB_California_North-6.tif,204
38.411512391308676,-121.52382214110364,MCTNet_14GB_California_North-6.tif,204
38.410793739081385,-121.55418519770687,MCTNet_14GB_California_North-6.tif,204
38.41025474991091,-121.51807292328526,MCTNet_14GB_California_North-6.tif,204
38.40953609768361,-121.54843597988851,MCTNet_14GB_California_North-6.tif,204
38.40899710851314,-121.5123237054669,MCTNet_14GB_California_North-6.tif,204
38.40827845628585,-121.54268676207015,MCTNet_14GB_California_North-6.tif,204
38.40773946711538,-121.50657448764854,MCTNet_14GB_California_North-6.tif,204
38.40702081488808,-121.53693754425177,MCTNet_14GB_California_North-6.tif,204
38.406302162660786,-121.56730060085502,MCTNet_14GB_California_North-6.tif,204
38.405763173490314,-121.53118832643341,MCTNet_14GB_California_North-6.tif,204
38.405044521263015,-121.56155138303664,MCTNet_14GB_California_North-6.tif,204
38.40450553209254,-121.52543910861505,MCTNet_14GB_California_North-6.tif,204
38.40378687986525,-121.55580216521828,MCTNet_14GB_California_North-6.tif,204
38.40324789069478,-121.51968989079668,MCTNet_14GB_California_North-6.tif,204
38.40252923846748,-121.55005294739992,MCTNet_14GB_California_North-6.tif,204
38.40199024929701,-121.51394067297832,MCTNet_14GB_California_North-6.tif,204
38.401271597069716,-121.54430372958156,MCTNet_14GB_California_North-6.tif,204
38.40073260789924,-121.50819145515995,MCTNet_14GB_California_North-6.tif,204
38.400013955671945,-121.5385545117632,MCTNet_14GB_California_North-6.tif,204
38.39929530344465,-121.56891756836643,MCTNet_14GB_California_North-6.tif,204
38.39875631427418,-121.53280529394482,MCTNet_14GB_California_North-6.tif,204
38.39803766204688,-121.56316835054807,MCTNet_14GB_California_North-6.tif,204
38.39749867287642,-121.52705607612646,MCTNet_14GB_California_North-6.tif,204
38.39678002064912,-121.5574191327297,MCTNet_14GB_California_North-6.tif,204
38.396241031478645,-121.5213068583081,MCTNet_14GB_California_North-6.tif,204
38.395522379251354,-121.55166991491133,MCTNet_14GB_California_North-6.tif,204
38.39498339008088,-121.51555764048973,MCTNet_14GB_California_North-6.tif,204
38.39426473785358,-121.54592069709297,MCTNet_14GB_California_North-6.tif,204
38.39372574868311,-121.50980842267137,MCTNet_14GB_California_North-6.tif,204
38.39300709645582,-121.5401714792746,MCTNet_14GB_California_North-6.tif,204
38.39228844422852,-121.57053453587784,MCTNet_14GB_California_North-6.tif,204
38.39174945505805,-121.53442226145624,MCTNet_14GB_California_North-6.tif,204
38.391030802830755,-121.56478531805948,MCTNet_14GB_California_North-6.tif,204
38.39049181366028,-121.52867304363788,MCTNet_14GB_California_North-6.tif,204
38.389773161432984,-121.55903610024112,MCTNet_14GB_California_North-6.tif,204
38.38923417226251,-121.5229238258195,MCTNet_14GB_California_North-6.tif,204
38.38851552003522,-121.55328688242275,MCTNet_14GB_California_North-6.tif,204
38.38797653086475,-121.51717460800114,MCTNet_14GB_California_North-6.tif,204
38.38725787863745,-121.54753766460439,MCTNet_14GB_California_North-6.tif,204
38.38671888946698,-121.51142539018278,MCTNet_14GB_California_North-6.tif,204
38.386000237239685,-121.54178844678601,MCTNet_14GB_California_North-6.tif,204
38.38546124806921,-121.50567617236442,MCTNet_14GB_California_North-6.tif,204
38.384742595841914,-121.53603922896765,MCTNet_14GB_California_North-6.tif,204
38.38402394361462,-121.5664022855709,MCTNet_14GB_California_North-6.tif,204
38.38348495444415,-121.53029001114929,MCTNet_14GB_California_North-6.tif,204
38.38276630221685,-121.56065306775253,MCTNet_14GB_California_North-6.tif,204
38.38222731304638,-121.52454079333093,MCTNet_14GB_California_North-6.tif,204
38.38150866081909,-121.55490384993416,MCTNet_14GB_California_North-6.tif,204
38.380969671648614,-121.51879157551257,MCTNet_14GB_California_North-6.tif,204
38.380251019421316,-121.5491546321158,MCTNet_14GB_California_North-6.tif,204
38.37971203025085,-121.51304235769419,MCTNet_14GB_California_North-6.tif,204
38.37899337802355,-121.54340541429744,MCTNet_14GB_California_North-6.tif,204
38.37845438885308,-121.50729313987583,MCTNet_14GB_California_North-6.tif,204
38.37773573662579,-121.53765619647908,MCTNet_14GB_California_North-6.tif,204
38.37701708439849,-121.56801925308231,MCTNet_14GB_California_North-6.tif,204
38.376478095228016,-121.5319069786607,MCTNet_14GB_California_North-6.tif,204
38.37575944300072,-121.56227003526395,MCTNet_14GB_California_North-6.tif,204
38.37522045383025,-121.52615776084234,MCTNet_14GB_California_North-6.tif,204
38.37450180160295,-121.55652081744559,MCTNet_14GB_California_North-6.tif,204
38.37396281243248,-121.52040854302398,MCTNet_14GB_California_North-6.tif,204
38.37324416020519,-121.55077159962721,MCTNet_14GB_California_North-6.tif,204
38.37270517103472,-121.51465932520561,MCTNet_14GB_California_North-6.tif,204
38.37198651880742,-121.54502238180885,MCTNet_14GB_California_North-6.tif,204
38.371447529636946,-121.50891010738725,MCTNet_14GB_California_North-6.tif,204
38.370728877409654,-121.53927316399049,MCTNet_14GB_California_North-6.tif,204
38.370010225182355,-121.56963622059372,MCTNet_14GB_California_North-6.tif,204
38.36947123601188,-121.53352394617212,MCTNet_14GB_California_North-6.tif,204
38.36875258378459,-121.56388700277536,MCTNet_14GB_California_North-6.tif,204
38.36821359461412,-121.52777472835376,MCTNet_14GB_California_North-6.tif,204
38.36749494238682,-121.558137784957,MCTNet_14GB_California_North-6.tif,204
38.36695595321635,-121.52202551053539,MCTNet_14GB_California_North-6.tif,204
38.366237300989056,-121.55238856713864,MCTNet_14GB_California_North-6.tif,204
38.36569831181858,-121.51627629271702,MCTNet_14GB_California_North-6.tif,204
38.364979659591285,-121.54663934932027,MCTNet_14GB_California_North-6.tif,204
38.36444067042081,-121.51052707489866,MCTNet_14GB_California_North-6.tif,204
38.36372201819352,-121.5408901315019,MCTNet_14GB_California_North-6.tif,204
38.36300336596622,-121.57125318810515,MCTNet_14GB_California_North-6.tif,204
38.36246437679575,-121.53514091368353,MCTNet_14GB_California_North-6.tif,204
38.36174572456846,-121.56550397028677,MCTNet_14GB_California_North-6.tif,204
38.361206735397985,-121.52939169586517,MCTNet_14GB_California_North-6.tif,204
38.36048808317069,-121.55975475246841,MCTNet_14GB_California_North-6.tif,204
38.359949094000214,-121.52364247804681,MCTNet_14GB_California_North-6.tif,204
38.35923044177292,-121.55400553465005,MCTNet_14GB_California_North-6.tif,204
38.35869145260245,-121.51789326022845,MCTNet_14GB_California_North-6.tif,204
38.35797280037515,-121.54825631683168,MCTNet_14GB_California_North-6.tif,204
38.357433811204686,-121.51214404241007,MCTNet_14GB_California_North-6.tif,204
38.35671515897739,-121.54250709901332,MCTNet_14GB_California_North-6.tif,204
38.356176169806915,-121.50639482459171,MCTNet_14GB_California_North-6.tif,204
38.35545751757962,-121.53675788119494,MCTNet_14GB_California_North-6.tif,204
38.354738865352324,-121.5671209377982,MCTNet_14GB_California_North-6.tif,204
38.35419987618185,-121.53100866337658,MCTNet_14GB_California_North-6.tif,204
38.35348122395456,-121.56137171997983,MCTNet_14GB_California_North-6.tif,204
38.35294223478409,-121.52525944555822,MCTNet_14GB_California_North-6.tif,204
38.35222358255679,-121.55562250216146,MCTNet_14GB_California_North-6.tif,204
