system:index,elevation,landforms,organic_carbon,precipitation,soil_ph,soil_texture,solar_radiation,temperature,.geo
00000000000000000000_0,66,24,2,120.66666666666667,56,8,1783.0,17.320833333333333,"{""type"":""MultiPoint"",""coordinates"":[]}"
00000000000000000001_0,61,34,2,120.0,54,8,1780.3333333333333,17.316666666666666,"{""type"":""MultiPoint"",""coordinates"":[]}"
00000000000000000002_0,61,24,2,120.0,57,8,1780.3333333333333,17.316666666666666,"{""type"":""MultiPoint"",""coordinates"":[]}"
00000000000000000003_0,59,34,2,120.83333333333333,62,8,1785.3333333333333,17.15833333333333,"{""type"":""MultiPoint"",""coordinates"":[]}"
00000000000000000004_0,60,24,2,120.83333333333333,61,8,1785.3333333333333,17.15833333333333,"{""type"":""MultiPoint"",""coordinates"":[]}"
00000000000000000005_0,97,21,3,121.08333333333333,54,8,1786.8333333333333,17.041666666666664,"{""type"":""MultiPoint"",""coordinates"":[]}"
00000000000000000006_0,60,34,4,111.41666666666667,65,5,1779.5833333333333,17.045833333333334,"{""type"":""MultiPoint"",""coordinates"":[]}"
00000000000000000007_0,61,24,2,124.41666666666667,59,8,1787.25,17.6,"{""type"":""MultiPoint"",""coordinates"":[]}"
00000000000000000008_0,62,34,2,120.0,56,8,1780.3333333333333,17.316666666666666,"{""type"":""MultiPoint"",""coordinates"":[]}"
00000000000000000009_0,57,34,2,120.83333333333333,55,8,1785.3333333333333,17.15833333333333,"{""type"":""MultiPoint"",""coordinates"":[]}"
0000000000000000000a_0,63,24,2,119.83333333333333,62,8,1769.9166666666667,17.15,"{""type"":""MultiPoint"",""coordinates"":[]}"
0000000000000000000b_0,65,41,5,125.08333333333333,64,5,1792.1666666666667,17.629166666666666,"{""type"":""MultiPoint"",""coordinates"":[]}"
0000000000000000000c_0,58,34,4,122.08333333333333,59,8,1783.3333333333333,17.516666666666666,"{""type"":""MultiPoint"",""coordinates"":[]}"
0000000000000000000d_0,60,34,3,122.08333333333333,55,8,1783.3333333333333,17.516666666666666,"{""type"":""MultiPoint"",""coordinates"":[]}"
0000000000000000000e_0,59,34,2,120.83333333333333,61,8,1785.3333333333333,17.15833333333333,"{""type"":""MultiPoint"",""coordinates"":[]}"
0000000000000000000f_0,60,34,2,121.08333333333333,56,8,1786.8333333333333,17.041666666666664,"{""type"":""MultiPoint"",""coordinates"":[]}"
00000000000000000010_0,62,24,3,121.0,58,8,1782.25,17.345833333333335,"{""type"":""MultiPoint"",""coordinates"":[]}"
00000000000000000011_0,60,24,2,122.58333333333333,59,8,1784.0,17.520833333333332,"{""type"":""MultiPoint"",""coordinates"":[]}"
00000000000000000012_0,63,34,3,121.0,63,8,1782.25,17.345833333333335,"{""type"":""MultiPoint"",""coordinates"":[]}"
00000000000000000013_0,60,34,2,120.0,57,8,1780.3333333333333,17.316666666666666,"{""type"":""MultiPoint"",""coordinates"":[]}"
00000000000000000014_0,59,24,2,111.41666666666667,64,5,1779.5833333333333,17.045833333333334,"{""type"":""MultiPoint"",""coordinates"":[]}"
00000000000000000015_0,58,41,2,124.08333333333333,57,8,1782.0833333333333,17.6,"{""type"":""MultiPoint"",""coordinates"":[]}"
00000000000000000016_0,58,34,2,120.83333333333333,61,8,1785.3333333333333,17.15833333333333,"{""type"":""MultiPoint"",""coordinates"":[]}"
00000000000000000017_0,61,24,2,120.0,57,8,1780.3333333333333,17.316666666666666,"{""type"":""MultiPoint"",""coordinates"":[]}"
00000000000000000018_0,61,34,2,110.25,60,8,1776.4166666666667,17.0375,"{""type"":""MultiPoint"",""coordinates"":[]}"
00000000000000000019_0,58,34,2,120.83333333333333,59,8,1785.3333333333333,17.15833333333333,"{""type"":""MultiPoint"",""coordinates"":[]}"
0000000000000000001a_0,61,34,2,110.25,60,8,1776.4166666666667,17.0375,"{""type"":""MultiPoint"",""coordinates"":[]}"
0000000000000000001b_0,62,24,2,120.0,57,8,1780.3333333333333,17.316666666666666,"{""type"":""MultiPoint"",""coordinates"":[]}"
0000000000000000001c_0,63,41,3,125.08333333333333,56,8,1792.1666666666667,17.629166666666666,"{""type"":""MultiPoint"",""coordinates"":[]}"
0000000000000000001d_0,68,34,2,120.58333333333333,60,8,1767.0,17.09583333333333,"{""type"":""MultiPoint"",""coordinates"":[]}"
0000000000000000001e_0,58,34,2,118.25,59,8,1776.75,17.145833333333332,"{""type"":""MultiPoint"",""coordinates"":[]}"
0000000000000000001f_0,63,41,3,124.08333333333333,57,8,1782.0833333333333,17.6,"{""type"":""MultiPoint"",""coordinates"":[]}"
00000000000000000020_0,58,42,4,111.41666666666667,60,5,1779.5833333333333,17.045833333333334,"{""type"":""MultiPoint"",""coordinates"":[]}"
00000000000000000021_0,66,24,2,120.66666666666667,58,8,1783.0,17.320833333333333,"{""type"":""MultiPoint"",""coordinates"":[]}"
00000000000000000022_0,63,24,2,124.41666666666667,58,8,1787.25,17.6,"{""type"":""MultiPoint"",""coordinates"":[]}"
00000000000000000023_0,64,34,2,120.83333333333333,55,8,1785.3333333333333,17.15833333333333,"{""type"":""MultiPoint"",""coordinates"":[]}"
00000000000000000024_0,60,34,3,122.58333333333333,61,8,1784.0,17.520833333333332,"{""type"":""MultiPoint"",""coordinates"":[]}"
00000000000000000025_0,63,24,2,119.83333333333333,62,8,1769.9166666666667,17.15,"{""type"":""MultiPoint"",""coordinates"":[]}"
00000000000000000026_0,64,24,2,119.83333333333333,61,8,1769.9166666666667,17.15,"{""type"":""MultiPoint"",""coordinates"":[]}"
00000000000000000027_0,81,34,2,120.58333333333333,53,8,1767.0,17.09583333333333,"{""type"":""MultiPoint"",""coordinates"":[]}"
00000000000000000028_0,58,34,2,120.83333333333333,61,8,1785.3333333333333,17.15833333333333,"{""type"":""MultiPoint"",""coordinates"":[]}"
00000000000000000029_0,61,34,2,122.08333333333333,54,8,1783.3333333333333,17.516666666666666,"{""type"":""MultiPoint"",""coordinates"":[]}"
0000000000000000002a_0,58,34,2,120.83333333333333,62,8,1785.3333333333333,17.15833333333333,"{""type"":""MultiPoint"",""coordinates"":[]}"
0000000000000000002b_0,62,34,2,110.25,59,8,1776.4166666666667,17.0375,"{""type"":""MultiPoint"",""coordinates"":[]}"
0000000000000000002c_0,61,24,4,124.08333333333333,60,8,1782.0833333333333,17.6,"{""type"":""MultiPoint"",""coordinates"":[]}"
0000000000000000002e_0,56,41,2,122.08333333333333,53,8,1783.3333333333333,17.516666666666666,"{""type"":""MultiPoint"",""coordinates"":[]}"
0000000000000000002f_0,58,34,3,122.08333333333333,58,8,1783.3333333333333,17.516666666666666,"{""type"":""MultiPoint"",""coordinates"":[]}"
00000000000000000030_0,65,24,3,119.83333333333333,63,8,1769.9166666666667,17.15,"{""type"":""MultiPoint"",""coordinates"":[]}"
00000000000000000031_0,68,34,2,119.83333333333333,59,8,1769.9166666666667,17.15,"{""type"":""MultiPoint"",""coordinates"":[]}"
00000000000000000032_0,61,34,3,120.0,55,8,1780.3333333333333,17.316666666666666,"{""type"":""MultiPoint"",""coordinates"":[]}"
00000000000000000033_0,62,34,2,111.41666666666667,60,8,1779.5833333333333,17.045833333333334,"{""type"":""MultiPoint"",""coordinates"":[]}"
00000000000000000034_0,63,34,2,120.83333333333333,59,8,1785.3333333333333,17.15833333333333,"{""type"":""MultiPoint"",""coordinates"":[]}"
00000000000000000035_0,62,34,2,124.08333333333333,60,8,1782.0833333333333,17.6,"{""type"":""MultiPoint"",""coordinates"":[]}"
00000000000000000036_0,57,34,3,122.08333333333333,58,8,1783.3333333333333,17.516666666666666,"{""type"":""MultiPoint"",""coordinates"":[]}"
00000000000000000037_0,58,34,2,120.83333333333333,57,8,1785.3333333333333,17.15833333333333,"{""type"":""MultiPoint"",""coordinates"":[]}"
00000000000000000038_0,63,24,4,124.41666666666667,62,8,1787.25,17.6,"{""type"":""MultiPoint"",""coordinates"":[]}"
00000000000000000039_0,64,24,2,121.0,61,8,1782.25,17.345833333333335,"{""type"":""MultiPoint"",""coordinates"":[]}"
0000000000000000003a_0,65,34,4,120.83333333333333,60,8,1785.3333333333333,17.15833333333333,"{""type"":""MultiPoint"",""coordinates"":[]}"
0000000000000000003b_0,66,24,2,119.83333333333333,62,8,1769.9166666666667,17.15,"{""type"":""MultiPoint"",""coordinates"":[]}"
0000000000000000003c_0,65,42,3,120.0,52,8,1780.3333333333333,17.316666666666666,"{""type"":""MultiPoint"",""coordinates"":[]}"
0000000000000000003d_0,58,24,2,122.08333333333333,57,8,1783.3333333333333,17.516666666666666,"{""type"":""MultiPoint"",""coordinates"":[]}"
0000000000000000003e_0,61,24,3,124.08333333333333,60,8,1782.0833333333333,17.6,"{""type"":""MultiPoint"",""coordinates"":[]}"
0000000000000000003f_0,61,34,2,120.0,56,8,1780.3333333333333,17.316666666666666,"{""type"":""MultiPoint"",""coordinates"":[]}"
00000000000000000040_0,60,41,11,121.91666666666667,56,5,1777.4166666666667,17.375,"{""type"":""MultiPoint"",""coordinates"":[]}"
00000000000000000041_0,57,34,2,120.83333333333333,61,8,1785.3333333333333,17.15833333333333,"{""type"":""MultiPoint"",""coordinates"":[]}"
00000000000000000042_0,60,41,2,122.58333333333333,58,8,1784.0,17.520833333333332,"{""type"":""MultiPoint"",""coordinates"":[]}"
00000000000000000043_0,61,34,2,111.41666666666667,61,5,1779.5833333333333,17.045833333333334,"{""type"":""MultiPoint"",""coordinates"":[]}"
00000000000000000044_0,57,34,2,120.83333333333333,59,8,1785.3333333333333,17.15833333333333,"{""type"":""MultiPoint"",""coordinates"":[]}"
00000000000000000045_0,103,21,4,120.58333333333333,53,8,1767.0,17.09583333333333,"{""type"":""MultiPoint"",""coordinates"":[]}"
00000000000000000046_0,65,41,4,122.08333333333333,56,8,1783.3333333333333,17.516666666666666,"{""type"":""MultiPoint"",""coordinates"":[]}"
00000000000000000047_0,66,24,2,120.0,52,8,1780.3333333333333,17.316666666666666,"{""type"":""MultiPoint"",""coordinates"":[]}"
00000000000000000048_0,60,34,3,120.83333333333333,58,8,1785.3333333333333,17.15833333333333,"{""type"":""MultiPoint"",""coordinates"":[]}"
00000000000000000049_0,68,34,2,120.58333333333333,61,8,1767.0,17.09583333333333,"{""type"":""MultiPoint"",""coordinates"":[]}"
0000000000000000004a_0,60,34,2,110.25,58,8,1776.4166666666667,17.0375,"{""type"":""MultiPoint"",""coordinates"":[]}"
0000000000000000004b_0,62,34,3,111.75,62,2,1777.6666666666667,17.070833333333333,"{""type"":""MultiPoint"",""coordinates"":[]}"
0000000000000000004c_0,66,42,2,119.08333333333333,53,8,1794.1666666666667,17.3125,"{""type"":""MultiPoint"",""coordinates"":[]}"
0000000000000000004d_0,61,24,2,120.83333333333333,60,8,1785.3333333333333,17.15833333333333,"{""type"":""MultiPoint"",""coordinates"":[]}"
0000000000000000004e_0,61,24,2,124.08333333333333,57,8,1782.0833333333333,17.6,"{""type"":""MultiPoint"",""coordinates"":[]}"
0000000000000000004f_0,64,41,3,120.66666666666667,58,8,1783.0,17.320833333333333,"{""type"":""MultiPoint"",""coordinates"":[]}"
00000000000000000050_0,59,34,3,120.83333333333333,58,8,1785.3333333333333,17.15833333333333,"{""type"":""MultiPoint"",""coordinates"":[]}"
00000000000000000051_0,67,24,2,120.75,59,8,1779.4166666666667,17.3375,"{""type"":""MultiPoint"",""coordinates"":[]}"
00000000000000000052_0,60,41,5,121.91666666666667,61,5,1777.4166666666667,17.375,"{""type"":""MultiPoint"",""coordinates"":[]}"
00000000000000000053_0,59,24,4,123.33333333333333,58,8,1780.5,17.570833333333333,"{""type"":""MultiPoint"",""coordinates"":[]}"
00000000000000000054_0,62,24,2,120.0,56,8,1780.3333333333333,17.316666666666666,"{""type"":""MultiPoint"",""coordinates"":[]}"
00000000000000000055_0,63,24,2,119.83333333333333,61,8,1769.9166666666667,17.15,"{""type"":""MultiPoint"",""coordinates"":[]}"
00000000000000000056_0,57,34,2,122.08333333333333,56,8,1783.3333333333333,17.516666666666666,"{""type"":""MultiPoint"",""coordinates"":[]}"
00000000000000000057_0,60,24,3,123.33333333333333,57,8,1780.5,17.570833333333333,"{""type"":""MultiPoint"",""coordinates"":[]}"
00000000000000000058_0,60,41,2,124.41666666666667,62,5,1787.25,17.6,"{""type"":""MultiPoint"",""coordinates"":[]}"
00000000000000000059_0,59,24,2,120.83333333333333,60,8,1785.3333333333333,17.15833333333333,"{""type"":""MultiPoint"",""coordinates"":[]}"
0000000000000000005a_0,60,31,4,111.41666666666667,63,5,1779.5833333333333,17.045833333333334,"{""type"":""MultiPoint"",""coordinates"":[]}"
0000000000000000005b_0,60,24,3,124.08333333333333,60,8,1782.0833333333333,17.6,"{""type"":""MultiPoint"",""coordinates"":[]}"
0000000000000000005c_0,63,41,4,122.08333333333333,55,8,1783.3333333333333,17.516666666666666,"{""type"":""MultiPoint"",""coordinates"":[]}"
0000000000000000005d_0,58,34,2,120.83333333333333,60,8,1785.3333333333333,17.15833333333333,"{""type"":""MultiPoint"",""coordinates"":[]}"
0000000000000000005e_0,60,34,2,120.83333333333333,62,8,1785.3333333333333,17.15833333333333,"{""type"":""MultiPoint"",""coordinates"":[]}"
0000000000000000005f_0,63,41,5,120.83333333333333,57,5,1785.3333333333333,17.15833333333333,"{""type"":""MultiPoint"",""coordinates"":[]}"
00000000000000000060_0,58,34,2,118.25,58,5,1776.75,17.145833333333332,"{""type"":""MultiPoint"",""coordinates"":[]}"
00000000000000000061_0,69,34,2,120.58333333333333,60,8,1767.0,17.09583333333333,"{""type"":""MultiPoint"",""coordinates"":[]}"
00000000000000000062_0,63,24,2,121.0,62,8,1782.25,17.345833333333335,"{""type"":""MultiPoint"",""coordinates"":[]}"
00000000000000000063_0,65,34,3,119.83333333333333,63,8,1769.9166666666667,17.15,"{""type"":""MultiPoint"",""coordinates"":[]}"
00000000000000000064_0,56,34,7,118.58333333333333,64,7,1783.0833333333333,17.15833333333333,"{""type"":""MultiPoint"",""coordinates"":[]}"
00000000000000000065_0,61,34,2,111.41666666666667,59,8,1779.5833333333333,17.045833333333334,"{""type"":""MultiPoint"",""coordinates"":[]}"
00000000000000000066_0,61,24,2,120.0,54,8,1780.3333333333333,17.316666666666666,"{""type"":""MultiPoint"",""coordinates"":[]}"
00000000000000000067_0,62,34,2,111.41666666666667,59,8,1779.5833333333333,17.045833333333334,"{""type"":""MultiPoint"",""coordinates"":[]}"
00000000000000000068_0,61,34,2,120.83333333333333,60,8,1785.3333333333333,17.15833333333333,"{""type"":""MultiPoint"",""coordinates"":[]}"
00000000000000000069_0,62,41,3,122.08333333333333,57,8,1783.3333333333333,17.516666666666666,"{""type"":""MultiPoint"",""coordinates"":[]}"
0000000000000000006a_0,60,24,4,111.41666666666667,63,2,1779.5833333333333,17.045833333333334,"{""type"":""MultiPoint"",""coordinates"":[]}"
0000000000000000006b_0,61,34,2,111.41666666666667,59,8,1779.5833333333333,17.045833333333334,"{""type"":""MultiPoint"",""coordinates"":[]}"
0000000000000000006c_0,59,24,3,122.58333333333333,58,8,1784.0,17.520833333333332,"{""type"":""MultiPoint"",""coordinates"":[]}"
0000000000000000006d_0,58,24,3,122.08333333333333,55,8,1783.3333333333333,17.516666666666666,"{""type"":""MultiPoint"",""coordinates"":[]}"
0000000000000000006e_0,57,41,2,124.08333333333333,60,8,1782.0833333333333,17.6,"{""type"":""MultiPoint"",""coordinates"":[]}"
0000000000000000006f_0,55,41,2,121.66666666666667,57,8,1783.3333333333333,17.4875,"{""type"":""MultiPoint"",""coordinates"":[]}"
00000000000000000070_0,65,34,2,119.83333333333333,61,7,1769.9166666666667,17.15,"{""type"":""MultiPoint"",""coordinates"":[]}"
00000000000000000071_0,68,24,3,120.66666666666667,58,8,1783.0,17.320833333333333,"{""type"":""MultiPoint"",""coordinates"":[]}"
00000000000000000072_0,60,34,2,120.83333333333333,61,8,1785.3333333333333,17.15833333333333,"{""type"":""MultiPoint"",""coordinates"":[]}"
00000000000000000073_0,60,24,2,120.83333333333333,60,8,1785.3333333333333,17.15833333333333,"{""type"":""MultiPoint"",""coordinates"":[]}"
00000000000000000074_0,60,34,7,111.75,60,5,1777.6666666666667,17.070833333333333,"{""type"":""MultiPoint"",""coordinates"":[]}"
00000000000000000075_0,71,34,2,120.58333333333333,61,8,1767.0,17.09583333333333,"{""type"":""MultiPoint"",""coordinates"":[]}"
00000000000000000076_0,66,41,5,121.0,61,8,1782.25,17.345833333333335,"{""type"":""MultiPoint"",""coordinates"":[]}"
00000000000000000077_0,62,41,4,122.08333333333333,57,8,1783.3333333333333,17.516666666666666,"{""type"":""MultiPoint"",""coordinates"":[]}"
00000000000000000078_0,59,34,3,120.83333333333333,60,8,1785.3333333333333,17.15833333333333,"{""type"":""MultiPoint"",""coordinates"":[]}"
00000000000000000079_0,58,41,15,121.91666666666667,58,4,1777.4166666666667,17.375,"{""type"":""MultiPoint"",""coordinates"":[]}"
0000000000000000007a_0,60,34,2,120.83333333333333,58,8,1785.3333333333333,17.15833333333333,"{""type"":""MultiPoint"",""coordinates"":[]}"
0000000000000000007b_0,62,41,2,122.08333333333333,54,8,1783.3333333333333,17.516666666666666,"{""type"":""MultiPoint"",""coordinates"":[]}"
0000000000000000007c_0,60,41,2,122.08333333333333,58,8,1783.3333333333333,17.516666666666666,"{""type"":""MultiPoint"",""coordinates"":[]}"
0000000000000000007d_0,64,24,2,119.83333333333333,61,8,1769.9166666666667,17.15,"{""type"":""MultiPoint"",""coordinates"":[]}"
0000000000000000007e_0,66,24,2,121.0,61,8,1782.25,17.345833333333335,"{""type"":""MultiPoint"",""coordinates"":[]}"
0000000000000000007f_0,61,34,2,124.08333333333333,60,8,1782.0833333333333,17.6,"{""type"":""MultiPoint"",""coordinates"":[]}"
00000000000000000080_0,63,24,2,120.0,57,8,1780.3333333333333,17.316666666666666,"{""type"":""MultiPoint"",""coordinates"":[]}"
00000000000000000081_0,54,42,3,120.83333333333333,57,8,1785.3333333333333,17.15833333333333,"{""type"":""MultiPoint"",""coordinates"":[]}"
00000000000000000082_0,61,34,2,120.83333333333333,58,8,1785.3333333333333,17.15833333333333,"{""type"":""MultiPoint"",""coordinates"":[]}"
00000000000000000083_0,68,21,3,119.08333333333333,52,8,1794.1666666666667,17.3125,"{""type"":""MultiPoint"",""coordinates"":[]}"
00000000000000000084_0,66,24,3,120.66666666666667,58,8,1783.0,17.320833333333333,"{""type"":""MultiPoint"",""coordinates"":[]}"
00000000000000000085_0,58,41,4,122.08333333333333,57,8,1783.3333333333333,17.516666666666666,"{""type"":""MultiPoint"",""coordinates"":[]}"
00000000000000000086_0,62,34,2,120.83333333333333,58,8,1785.3333333333333,17.15833333333333,"{""type"":""MultiPoint"",""coordinates"":[]}"
00000000000000000087_0,58,34,2,120.83333333333333,59,8,1785.3333333333333,17.15833333333333,"{""type"":""MultiPoint"",""coordinates"":[]}"
00000000000000000088_0,57,41,4,122.08333333333333,57,8,1783.3333333333333,17.516666666666666,"{""type"":""MultiPoint"",""coordinates"":[]}"
00000000000000000089_0,65,24,2,120.66666666666667,58,8,1783.0,17.320833333333333,"{""type"":""MultiPoint"",""coordinates"":[]}"
0000000000000000008a_0,63,24,2,119.83333333333333,61,8,1769.9166666666667,17.15,"{""type"":""MultiPoint"",""coordinates"":[]}"
0000000000000000008b_0,62,24,2,118.25,58,8,1776.75,17.145833333333332,"{""type"":""MultiPoint"",""coordinates"":[]}"
0000000000000000008c_0,59,41,5,123.33333333333333,63,5,1780.5,17.570833333333333,"{""type"":""MultiPoint"",""coordinates"":[]}"
0000000000000000008d_0,61,31,2,111.41666666666667,60,8,1779.5833333333333,17.045833333333334,"{""type"":""MultiPoint"",""coordinates"":[]}"
0000000000000000008e_0,59,34,2,120.83333333333333,59,8,1785.3333333333333,17.15833333333333,"{""type"":""MultiPoint"",""coordinates"":[]}"
0000000000000000008f_0,62,24,3,121.91666666666667,61,8,1777.4166666666667,17.375,"{""type"":""MultiPoint"",""coordinates"":[]}"
00000000000000000090_0,59,34,2,120.83333333333333,62,8,1785.3333333333333,17.15833333333333,"{""type"":""MultiPoint"",""coordinates"":[]}"
00000000000000000091_0,67,24,2,120.66666666666667,58,8,1783.0,17.320833333333333,"{""type"":""MultiPoint"",""coordinates"":[]}"
00000000000000000092_0,59,41,17,121.91666666666667,56,4,1777.4166666666667,17.375,"{""type"":""MultiPoint"",""coordinates"":[]}"
00000000000000000093_0,59,24,3,122.08333333333333,56,8,1783.3333333333333,17.516666666666666,"{""type"":""MultiPoint"",""coordinates"":[]}"
00000000000000000094_0,63,24,2,118.25,57,8,1776.75,17.145833333333332,"{""type"":""MultiPoint"",""coordinates"":[]}"
00000000000000000095_0,61,24,3,124.08333333333333,58,8,1782.0833333333333,17.6,"{""type"":""MultiPoint"",""coordinates"":[]}"
00000000000000000096_0,62,24,3,120.0,55,8,1780.3333333333333,17.316666666666666,"{""type"":""MultiPoint"",""coordinates"":[]}"
00000000000000000097_0,67,24,2,119.83333333333333,61,8,1769.9166666666667,17.15,"{""type"":""MultiPoint"",""coordinates"":[]}"
00000000000000000098_0,60,34,2,111.41666666666667,62,8,1779.5833333333333,17.045833333333334,"{""type"":""MultiPoint"",""coordinates"":[]}"
00000000000000000099_0,62,24,2,120.0,57,8,1780.3333333333333,17.316666666666666,"{""type"":""MultiPoint"",""coordinates"":[]}"
0000000000000000009a_0,62,34,2,110.25,59,8,1776.4166666666667,17.0375,"{""type"":""MultiPoint"",""coordinates"":[]}"
0000000000000000009b_0,61,21,2,111.41666666666667,64,8,1779.5833333333333,17.045833333333334,"{""type"":""MultiPoint"",""coordinates"":[]}"
0000000000000000009c_0,61,41,3,122.08333333333333,56,8,1783.3333333333333,17.516666666666666,"{""type"":""MultiPoint"",""coordinates"":[]}"
0000000000000000009d_0,110,21,5,120.58333333333333,58,8,1767.0,17.09583333333333,"{""type"":""MultiPoint"",""coordinates"":[]}"
0000000000000000009e_0,63,34,2,120.83333333333333,55,8,1785.3333333333333,17.15833333333333,"{""type"":""MultiPoint"",""coordinates"":[]}"
0000000000000000009f_0,102,21,3,121.08333333333333,55,8,1786.8333333333333,17.041666666666664,"{""type"":""MultiPoint"",""coordinates"":[]}"
000000000000000000a0_0,64,24,2,119.83333333333333,63,8,1769.9166666666667,17.15,"{""type"":""MultiPoint"",""coordinates"":[]}"
000000000000000000a1_0,63,34,2,124.08333333333333,57,8,1782.0833333333333,17.6,"{""type"":""MultiPoint"",""coordinates"":[]}"
000000000000000000a2_0,58,34,2,120.83333333333333,55,8,1785.3333333333333,17.15833333333333,"{""type"":""MultiPoint"",""coordinates"":[]}"
000000000000000000a3_0,59,34,2,120.83333333333333,59,8,1785.3333333333333,17.15833333333333,"{""type"":""MultiPoint"",""coordinates"":[]}"
000000000000000000a4_0,57,34,2,120.83333333333333,60,8,1785.3333333333333,17.15833333333333,"{""type"":""MultiPoint"",""coordinates"":[]}"
000000000000000000a5_0,60,24,2,111.75,61,5,1777.6666666666667,17.070833333333333,"{""type"":""MultiPoint"",""coordinates"":[]}"
000000000000000000a6_0,62,34,2,111.41666666666667,59,8,1779.5833333333333,17.045833333333334,"{""type"":""MultiPoint"",""coordinates"":[]}"
000000000000000000a7_0,60,34,2,111.75,56,5,1777.6666666666667,17.070833333333333,"{""type"":""MultiPoint"",""coordinates"":[]}"
000000000000000000a8_0,58,34,3,122.58333333333333,58,8,1784.0,17.520833333333332,"{""type"":""MultiPoint"",""coordinates"":[]}"
000000000000000000a9_0,61,34,2,120.0,56,8,1780.3333333333333,17.316666666666666,"{""type"":""MultiPoint"",""coordinates"":[]}"
000000000000000000aa_0,94,31,6,121.08333333333333,58,8,1786.8333333333333,17.041666666666664,"{""type"":""MultiPoint"",""coordinates"":[]}"
000000000000000000ab_0,58,34,2,118.25,58,8,1776.75,17.145833333333332,"{""type"":""MultiPoint"",""coordinates"":[]}"
000000000000000000ac_0,62,24,2,124.41666666666667,56,8,1787.25,17.6,"{""type"":""MultiPoint"",""coordinates"":[]}"
000000000000000000ad_0,60,34,4,111.41666666666667,65,4,1779.5833333333333,17.045833333333334,"{""type"":""MultiPoint"",""coordinates"":[]}"
000000000000000000ae_0,63,34,7,118.58333333333333,66,5,1783.0833333333333,17.15833333333333,"{""type"":""MultiPoint"",""coordinates"":[]}"
000000000000000000af_0,63,24,2,120.0,52,8,1780.3333333333333,17.316666666666666,"{""type"":""MultiPoint"",""coordinates"":[]}"
000000000000000000b0_0,57,34,3,122.08333333333333,55,8,1783.3333333333333,17.516666666666666,"{""type"":""MultiPoint"",""coordinates"":[]}"
000000000000000000b1_0,56,34,2,118.25,59,8,1776.75,17.145833333333332,"{""type"":""MultiPoint"",""coordinates"":[]}"
000000000000000000b2_0,60,34,2,110.25,58,8,1776.4166666666667,17.0375,"{""type"":""MultiPoint"",""coordinates"":[]}"
000000000000000000b3_0,64,24,2,121.0,61,8,1782.25,17.345833333333335,"{""type"":""MultiPoint"",""coordinates"":[]}"
000000000000000000b4_0,58,34,2,120.0,55,8,1780.3333333333333,17.316666666666666,"{""type"":""MultiPoint"",""coordinates"":[]}"
000000000000000000b5_0,60,34,2,111.41666666666667,64,8,1779.5833333333333,17.045833333333334,"{""type"":""MultiPoint"",""coordinates"":[]}"
000000000000000000b6_0,63,34,3,121.83333333333333,58,8,1780.1666666666667,17.379166666666666,"{""type"":""MultiPoint"",""coordinates"":[]}"
000000000000000000b7_0,59,41,4,122.08333333333333,55,8,1783.3333333333333,17.516666666666666,"{""type"":""MultiPoint"",""coordinates"":[]}"
000000000000000000b8_0,58,41,3,120.0,58,8,1780.3333333333333,17.316666666666666,"{""type"":""MultiPoint"",""coordinates"":[]}"
000000000000000000b9_0,67,21,3,119.08333333333333,54,8,1794.1666666666667,17.3125,"{""type"":""MultiPoint"",""coordinates"":[]}"
000000000000000000ba_0,55,41,2,121.66666666666667,55,8,1783.3333333333333,17.4875,"{""type"":""MultiPoint"",""coordinates"":[]}"
000000000000000000bb_0,69,34,2,120.58333333333333,59,8,1767.0,17.09583333333333,"{""type"":""MultiPoint"",""coordinates"":[]}"
000000000000000000bc_0,70,34,2,120.58333333333333,58,8,1767.0,17.09583333333333,"{""type"":""MultiPoint"",""coordinates"":[]}"
000000000000000000bd_0,59,34,2,120.83333333333333,55,8,1785.3333333333333,17.15833333333333,"{""type"":""MultiPoint"",""coordinates"":[]}"
000000000000000000be_0,60,24,2,120.83333333333333,60,8,1785.3333333333333,17.15833333333333,"{""type"":""MultiPoint"",""coordinates"":[]}"
000000000000000000bf_0,60,34,3,123.33333333333333,60,8,1780.5,17.570833333333333,"{""type"":""MultiPoint"",""coordinates"":[]}"
000000000000000000c0_0,59,34,3,120.83333333333333,60,8,1785.3333333333333,17.15833333333333,"{""type"":""MultiPoint"",""coordinates"":[]}"
000000000000000000c1_0,59,24,2,120.0,56,8,1780.3333333333333,17.316666666666666,"{""type"":""MultiPoint"",""coordinates"":[]}"
000000000000000000c2_0,59,41,3,123.33333333333333,65,8,1780.5,17.570833333333333,"{""type"":""MultiPoint"",""coordinates"":[]}"
000000000000000000c3_0,66,24,2,119.83333333333333,63,8,1769.9166666666667,17.15,"{""type"":""MultiPoint"",""coordinates"":[]}"
000000000000000000c4_0,65,34,4,121.91666666666667,66,5,1777.4166666666667,17.375,"{""type"":""MultiPoint"",""coordinates"":[]}"
000000000000000000c5_0,62,24,3,120.0,54,8,1780.3333333333333,17.316666666666666,"{""type"":""MultiPoint"",""coordinates"":[]}"
000000000000000000c6_0,59,24,2,120.83333333333333,61,8,1785.3333333333333,17.15833333333333,"{""type"":""MultiPoint"",""coordinates"":[]}"
000000000000000000c7_0,62,41,5,121.0,62,5,1782.25,17.345833333333335,"{""type"":""MultiPoint"",""coordinates"":[]}"
000000000000000000c8_0,61,34,3,124.41666666666667,58,5,1787.25,17.6,"{""type"":""MultiPoint"",""coordinates"":[]}"
000000000000000000c9_0,66,41,4,122.08333333333333,55,8,1783.3333333333333,17.516666666666666,"{""type"":""MultiPoint"",""coordinates"":[]}"
000000000000000000ca_0,59,41,2,120.0,56,8,1780.3333333333333,17.316666666666666,"{""type"":""MultiPoint"",""coordinates"":[]}"
000000000000000000cb_0,60,34,4,111.41666666666667,65,4,1779.5833333333333,17.045833333333334,"{""type"":""MultiPoint"",""coordinates"":[]}"
000000000000000000cc_0,66,24,2,120.75,59,8,1779.4166666666667,17.3375,"{""type"":""MultiPoint"",""coordinates"":[]}"
000000000000000000cd_0,59,34,3,111.41666666666667,64,4,1779.5833333333333,17.045833333333334,"{""type"":""MultiPoint"",""coordinates"":[]}"
000000000000000000ce_0,60,34,4,121.0,62,8,1782.25,17.345833333333335,"{""type"":""MultiPoint"",""coordinates"":[]}"
000000000000000000cf_0,60,41,2,124.08333333333333,57,8,1782.0833333333333,17.6,"{""type"":""MultiPoint"",""coordinates"":[]}"
000000000000000000d0_0,61,34,2,120.83333333333333,61,8,1785.3333333333333,17.15833333333333,"{""type"":""MultiPoint"",""coordinates"":[]}"
000000000000000000d1_0,59,34,2,120.83333333333333,62,8,1785.3333333333333,17.15833333333333,"{""type"":""MultiPoint"",""coordinates"":[]}"
000000000000000000d2_0,61,34,2,120.83333333333333,60,8,1785.3333333333333,17.15833333333333,"{""type"":""MultiPoint"",""coordinates"":[]}"
000000000000000000d3_0,80,31,2,121.08333333333333,55,8,1786.8333333333333,17.041666666666664,"{""type"":""MultiPoint"",""coordinates"":[]}"
000000000000000000d4_0,59,34,2,120.83333333333333,57,8,1785.3333333333333,17.15833333333333,"{""type"":""MultiPoint"",""coordinates"":[]}"
000000000000000000d5_0,57,34,2,120.83333333333333,61,8,1785.3333333333333,17.15833333333333,"{""type"":""MultiPoint"",""coordinates"":[]}"
000000000000000000d6_0,61,34,2,124.08333333333333,58,8,1782.0833333333333,17.6,"{""type"":""MultiPoint"",""coordinates"":[]}"
000000000000000000d7_0,53,42,3,120.83333333333333,58,8,1785.3333333333333,17.15833333333333,"{""type"":""MultiPoint"",""coordinates"":[]}"
000000000000000000d8_0,61,24,3,122.08333333333333,55,8,1783.3333333333333,17.516666666666666,"{""type"":""MultiPoint"",""coordinates"":[]}"
000000000000000000d9_0,64,24,2,119.83333333333333,61,8,1769.9166666666667,17.15,"{""type"":""MultiPoint"",""coordinates"":[]}"
000000000000000000da_0,112,21,5,120.58333333333333,52,8,1767.0,17.09583333333333,"{""type"":""MultiPoint"",""coordinates"":[]}"
000000000000000000db_0,62,34,2,111.41666666666667,59,8,1779.5833333333333,17.045833333333334,"{""type"":""MultiPoint"",""coordinates"":[]}"
000000000000000000dc_0,66,41,2,119.83333333333333,61,8,1769.9166666666667,17.15,"{""type"":""MultiPoint"",""coordinates"":[]}"
000000000000000000dd_0,60,34,3,120.0,57,8,1780.3333333333333,17.316666666666666,"{""type"":""MultiPoint"",""coordinates"":[]}"
000000000000000000de_0,58,34,3,122.58333333333333,56,8,1784.0,17.520833333333332,"{""type"":""MultiPoint"",""coordinates"":[]}"
000000000000000000df_0,61,34,2,120.83333333333333,59,8,1785.3333333333333,17.15833333333333,"{""type"":""MultiPoint"",""coordinates"":[]}"
000000000000000000e0_0,65,24,3,119.83333333333333,63,8,1769.9166666666667,17.15,"{""type"":""MultiPoint"",""coordinates"":[]}"
000000000000000000e1_0,58,34,2,120.83333333333333,62,8,1785.3333333333333,17.15833333333333,"{""type"":""MultiPoint"",""coordinates"":[]}"
000000000000000000e2_0,61,34,2,110.25,60,8,1776.4166666666667,17.0375,"{""type"":""MultiPoint"",""coordinates"":[]}"
000000000000000000e3_0,63,24,3,121.16666666666667,58,8,1783.3333333333333,17.366666666666667,"{""type"":""MultiPoint"",""coordinates"":[]}"
000000000000000000e4_0,59,34,2,120.83333333333333,55,8,1785.3333333333333,17.15833333333333,"{""type"":""MultiPoint"",""coordinates"":[]}"
000000000000000000e5_0,62,34,3,121.08333333333333,57,8,1786.8333333333333,17.041666666666664,"{""type"":""MultiPoint"",""coordinates"":[]}"
000000000000000000e6_0,59,34,2,120.83333333333333,59,8,1785.3333333333333,17.15833333333333,"{""type"":""MultiPoint"",""coordinates"":[]}"
000000000000000000e7_0,58,34,2,120.83333333333333,60,8,1785.3333333333333,17.15833333333333,"{""type"":""MultiPoint"",""coordinates"":[]}"
000000000000000000e8_0,59,34,4,111.41666666666667,64,5,1779.5833333333333,17.045833333333334,"{""type"":""MultiPoint"",""coordinates"":[]}"
000000000000000000e9_0,68,41,3,122.08333333333333,55,8,1783.3333333333333,17.516666666666666,"{""type"":""MultiPoint"",""coordinates"":[]}"
000000000000000000ea_0,60,24,3,111.75,62,4,1777.6666666666667,17.070833333333333,"{""type"":""MultiPoint"",""coordinates"":[]}"
000000000000000000eb_0,68,34,2,111.41666666666667,54,8,1779.5833333333333,17.045833333333334,"{""type"":""MultiPoint"",""coordinates"":[]}"
000000000000000000ec_0,65,42,3,119.08333333333333,51,8,1794.1666666666667,17.3125,"{""type"":""MultiPoint"",""coordinates"":[]}"
000000000000000000ed_0,67,34,5,121.0,59,8,1782.25,17.345833333333335,"{""type"":""MultiPoint"",""coordinates"":[]}"
000000000000000000ee_0,61,34,2,120.83333333333333,58,8,1785.3333333333333,17.15833333333333,"{""type"":""MultiPoint"",""coordinates"":[]}"
000000000000000000ef_0,62,34,3,111.75,62,2,1777.6666666666667,17.070833333333333,"{""type"":""MultiPoint"",""coordinates"":[]}"
000000000000000000f0_0,66,24,2,119.83333333333333,61,8,1769.9166666666667,17.15,"{""type"":""MultiPoint"",""coordinates"":[]}"
000000000000000000f1_0,60,34,3,124.08333333333333,61,8,1782.0833333333333,17.6,"{""type"":""MultiPoint"",""coordinates"":[]}"
000000000000000000f2_0,55,34,2,118.25,60,8,1776.75,17.145833333333332,"{""type"":""MultiPoint"",""coordinates"":[]}"
000000000000000000f3_0,63,24,2,121.0,58,8,1782.25,17.345833333333335,"{""type"":""MultiPoint"",""coordinates"":[]}"
000000000000000000f4_0,63,24,2,118.25,58,8,1776.75,17.145833333333332,"{""type"":""MultiPoint"",""coordinates"":[]}"
000000000000000000f5_0,60,34,36,121.91666666666667,58,4,1777.4166666666667,17.375,"{""type"":""MultiPoint"",""coordinates"":[]}"
000000000000000000f6_0,64,42,5,111.75,60,5,1777.6666666666667,17.070833333333333,"{""type"":""MultiPoint"",""coordinates"":[]}"
000000000000000000f7_0,61,34,2,110.25,60,8,1776.4166666666667,17.0375,"{""type"":""MultiPoint"",""coordinates"":[]}"
000000000000000000f8_0,62,34,2,117.58333333333333,62,8,1773.25,17.1375,"{""type"":""MultiPoint"",""coordinates"":[]}"
000000000000000000f9_0,59,34,3,122.08333333333333,55,8,1783.3333333333333,17.516666666666666,"{""type"":""MultiPoint"",""coordinates"":[]}"
000000000000000000fa_0,64,24,3,119.83333333333333,61,8,1769.9166666666667,17.15,"{""type"":""MultiPoint"",""coordinates"":[]}"
000000000000000000fb_0,62,34,2,110.25,59,8,1776.4166666666667,17.0375,"{""type"":""MultiPoint"",""coordinates"":[]}"
000000000000000000fc_0,64,34,2,121.08333333333333,59,8,1786.8333333333333,17.041666666666664,"{""type"":""MultiPoint"",""coordinates"":[]}"
000000000000000000fd_0,58,34,2,120.83333333333333,60,8,1785.3333333333333,17.15833333333333,"{""type"":""MultiPoint"",""coordinates"":[]}"
000000000000000000fe_0,62,41,2,120.0,56,8,1780.3333333333333,17.316666666666666,"{""type"":""MultiPoint"",""coordinates"":[]}"
000000000000000000ff_0,61,34,2,120.83333333333333,58,8,1785.3333333333333,17.15833333333333,"{""type"":""MultiPoint"",""coordinates"":[]}"
00000000000000000100_0,58,34,2,120.83333333333333,60,8,1785.3333333333333,17.15833333333333,"{""type"":""MultiPoint"",""coordinates"":[]}"
00000000000000000101_0,53,34,7,118.58333333333333,65,5,1783.0833333333333,17.15833333333333,"{""type"":""MultiPoint"",""coordinates"":[]}"
00000000000000000102_0,60,34,2,123.33333333333333,58,8,1780.5,17.570833333333333,"{""type"":""MultiPoint"",""coordinates"":[]}"
00000000000000000103_0,68,21,2,119.08333333333333,52,8,1794.1666666666667,17.3125,"{""type"":""MultiPoint"",""coordinates"":[]}"
00000000000000000104_0,65,41,2,119.83333333333333,60,8,1769.9166666666667,17.15,"{""type"":""MultiPoint"",""coordinates"":[]}"
00000000000000000105_0,61,34,2,120.0,56,8,1780.3333333333333,17.316666666666666,"{""type"":""MultiPoint"",""coordinates"":[]}"
00000000000000000106_0,103,31,5,120.58333333333333,59,8,1767.0,17.09583333333333,"{""type"":""MultiPoint"",""coordinates"":[]}"
00000000000000000107_0,57,34,2,120.83333333333333,59,8,1785.3333333333333,17.15833333333333,"{""type"":""MultiPoint"",""coordinates"":[]}"
00000000000000000108_0,68,41,4,122.08333333333333,57,8,1783.3333333333333,17.516666666666666,"{""type"":""MultiPoint"",""coordinates"":[]}"
00000000000000000109_0,57,34,9,124.41666666666667,63,7,1787.25,17.6,"{""type"":""MultiPoint"",""coordinates"":[]}"
0000000000000000010a_0,67,24,2,120.0,52,8,1780.3333333333333,17.316666666666666,"{""type"":""MultiPoint"",""coordinates"":[]}"
0000000000000000010b_0,61,34,2,125.08333333333333,56,8,1792.1666666666667,17.629166666666666,"{""type"":""MultiPoint"",""coordinates"":[]}"
0000000000000000010c_0,61,34,2,120.83333333333333,57,8,1785.3333333333333,17.15833333333333,"{""type"":""MultiPoint"",""coordinates"":[]}"
0000000000000000010d_0,60,41,2,124.08333333333333,61,8,1782.0833333333333,17.6,"{""type"":""MultiPoint"",""coordinates"":[]}"
0000000000000000010e_0,58,34,2,120.83333333333333,60,8,1785.3333333333333,17.15833333333333,"{""type"":""MultiPoint"",""coordinates"":[]}"
0000000000000000010f_0,60,24,2,120.83333333333333,60,8,1785.3333333333333,17.15833333333333,"{""type"":""MultiPoint"",""coordinates"":[]}"
00000000000000000110_0,62,24,2,122.08333333333333,58,8,1783.3333333333333,17.516666666666666,"{""type"":""MultiPoint"",""coordinates"":[]}"
00000000000000000111_0,63,24,2,118.25,60,8,1776.75,17.145833333333332,"{""type"":""MultiPoint"",""coordinates"":[]}"
00000000000000000112_0,59,34,2,110.25,58,8,1776.4166666666667,17.0375,"{""type"":""MultiPoint"",""coordinates"":[]}"
00000000000000000113_0,60,34,2,120.83333333333333,61,8,1785.3333333333333,17.15833333333333,"{""type"":""MultiPoint"",""coordinates"":[]}"
00000000000000000114_0,58,34,2,122.08333333333333,54,8,1783.3333333333333,17.516666666666666,"{""type"":""MultiPoint"",""coordinates"":[]}"
00000000000000000115_0,85,41,4,121.08333333333333,54,8,1786.8333333333333,17.041666666666664,"{""type"":""MultiPoint"",""coordinates"":[]}"
00000000000000000116_0,62,34,2,110.25,60,8,1776.4166666666667,17.0375,"{""type"":""MultiPoint"",""coordinates"":[]}"
00000000000000000117_0,61,34,3,124.41666666666667,60,8,1787.25,17.6,"{""type"":""MultiPoint"",""coordinates"":[]}"
00000000000000000118_0,59,24,2,120.83333333333333,60,8,1785.3333333333333,17.15833333333333,"{""type"":""MultiPoint"",""coordinates"":[]}"
00000000000000000119_0,60,34,2,120.0,56,8,1780.3333333333333,17.316666666666666,"{""type"":""MultiPoint"",""coordinates"":[]}"
0000000000000000011a_0,56,41,2,122.08333333333333,53,8,1783.3333333333333,17.516666666666666,"{""type"":""MultiPoint"",""coordinates"":[]}"
0000000000000000011b_0,59,34,2,120.83333333333333,62,8,1785.3333333333333,17.15833333333333,"{""type"":""MultiPoint"",""coordinates"":[]}"
0000000000000000011c_0,64,24,2,124.41666666666667,59,8,1787.25,17.6,"{""type"":""MultiPoint"",""coordinates"":[]}"
0000000000000000011d_0,85,21,2,121.08333333333333,54,8,1786.8333333333333,17.041666666666664,"{""type"":""MultiPoint"",""coordinates"":[]}"
0000000000000000011e_0,95,31,4,120.58333333333333,53,8,1767.0,17.09583333333333,"{""type"":""MultiPoint"",""coordinates"":[]}"
0000000000000000011f_0,59,24,2,120.83333333333333,61,8,1785.3333333333333,17.15833333333333,"{""type"":""MultiPoint"",""coordinates"":[]}"
00000000000000000120_0,60,34,2,124.08333333333333,60,8,1782.0833333333333,17.6,"{""type"":""MultiPoint"",""coordinates"":[]}"
00000000000000000121_0,62,34,2,111.41666666666667,60,8,1779.5833333333333,17.045833333333334,"{""type"":""MultiPoint"",""coordinates"":[]}"
00000000000000000122_0,64,24,2,118.25,58,8,1776.75,17.145833333333332,"{""type"":""MultiPoint"",""coordinates"":[]}"
00000000000000000123_0,63,34,7,121.91666666666667,61,4,1777.4166666666667,17.375,"{""type"":""MultiPoint"",""coordinates"":[]}"
00000000000000000124_0,62,34,2,121.08333333333333,58,8,1786.8333333333333,17.041666666666664,"{""type"":""MultiPoint"",""coordinates"":[]}"
00000000000000000125_0,57,34,2,122.08333333333333,58,8,1783.3333333333333,17.516666666666666,"{""type"":""MultiPoint"",""coordinates"":[]}"
00000000000000000126_0,57,34,2,120.83333333333333,60,8,1785.3333333333333,17.15833333333333,"{""type"":""MultiPoint"",""coordinates"":[]}"
00000000000000000127_0,60,41,4,111.41666666666667,60,8,1779.5833333333333,17.045833333333334,"{""type"":""MultiPoint"",""coordinates"":[]}"
00000000000000000128_0,60,34,2,124.41666666666667,60,8,1787.25,17.6,"{""type"":""MultiPoint"",""coordinates"":[]}"
00000000000000000129_0,61,34,3,124.41666666666667,58,8,1787.25,17.6,"{""type"":""MultiPoint"",""coordinates"":[]}"
0000000000000000012a_0,59,34,3,120.83333333333333,60,8,1785.3333333333333,17.15833333333333,"{""type"":""MultiPoint"",""coordinates"":[]}"
0000000000000000012b_0,58,41,2,120.0,56,8,1780.3333333333333,17.316666666666666,"{""type"":""MultiPoint"",""coordinates"":[]}"
0000000000000000012c_0,56,34,2,121.66666666666667,55,8,1783.3333333333333,17.4875,"{""type"":""MultiPoint"",""coordinates"":[]}"
0000000000000000012d_0,62,24,3,120.66666666666667,58,8,1783.0,17.320833333333333,"{""type"":""MultiPoint"",""coordinates"":[]}"
0000000000000000012e_0,60,24,2,122.08333333333333,57,8,1783.3333333333333,17.516666666666666,"{""type"":""MultiPoint"",""coordinates"":[]}"
0000000000000000012f_0,61,34,2,120.0,56,8,1780.3333333333333,17.316666666666666,"{""type"":""MultiPoint"",""coordinates"":[]}"
00000000000000000130_0,58,24,3,122.08333333333333,56,8,1783.3333333333333,17.516666666666666,"{""type"":""MultiPoint"",""coordinates"":[]}"
00000000000000000131_0,59,34,2,120.83333333333333,59,8,1785.3333333333333,17.15833333333333,"{""type"":""MultiPoint"",""coordinates"":[]}"
00000000000000000132_0,58,24,2,120.83333333333333,60,8,1785.3333333333333,17.15833333333333,"{""type"":""MultiPoint"",""coordinates"":[]}"
00000000000000000133_0,59,34,2,124.41666666666667,61,5,1787.25,17.6,"{""type"":""MultiPoint"",""coordinates"":[]}"
00000000000000000134_0,61,24,3,111.75,61,5,1777.6666666666667,17.070833333333333,"{""type"":""MultiPoint"",""coordinates"":[]}"
00000000000000000135_0,58,34,2,118.25,60,8,1776.75,17.145833333333332,"{""type"":""MultiPoint"",""coordinates"":[]}"
00000000000000000136_0,59,24,2,111.41666666666667,65,5,1779.5833333333333,17.045833333333334,"{""type"":""MultiPoint"",""coordinates"":[]}"
00000000000000000137_0,61,34,3,124.08333333333333,61,8,1782.0833333333333,17.6,"{""type"":""MultiPoint"",""coordinates"":[]}"
00000000000000000138_0,65,24,2,118.25,57,8,1776.75,17.145833333333332,"{""type"":""MultiPoint"",""coordinates"":[]}"
00000000000000000139_0,55,42,3,120.83333333333333,58,8,1785.3333333333333,17.15833333333333,"{""type"":""MultiPoint"",""coordinates"":[]}"
0000000000000000013a_0,57,41,3,122.58333333333333,60,8,1784.0,17.520833333333332,"{""type"":""MultiPoint"",""coordinates"":[]}"
0000000000000000013b_0,62,34,2,120.83333333333333,57,8,1785.3333333333333,17.15833333333333,"{""type"":""MultiPoint"",""coordinates"":[]}"
0000000000000000013c_0,60,34,2,110.25,60,8,1776.4166666666667,17.0375,"{""type"":""MultiPoint"",""coordinates"":[]}"
0000000000000000013d_0,61,34,2,120.83333333333333,58,8,1785.3333333333333,17.15833333333333,"{""type"":""MultiPoint"",""coordinates"":[]}"
0000000000000000013e_0,63,24,2,120.0,52,8,1780.3333333333333,17.316666666666666,"{""type"":""MultiPoint"",""coordinates"":[]}"
0000000000000000013f_0,60,34,2,120.83333333333333,59,8,1785.3333333333333,17.15833333333333,"{""type"":""MultiPoint"",""coordinates"":[]}"
00000000000000000140_0,65,34,3,119.83333333333333,59,8,1769.9166666666667,17.15,"{""type"":""MultiPoint"",""coordinates"":[]}"
00000000000000000141_0,63,24,2,120.83333333333333,60,8,1785.3333333333333,17.15833333333333,"{""type"":""MultiPoint"",""coordinates"":[]}"
00000000000000000142_0,62,21,2,111.41666666666667,65,5,1779.5833333333333,17.045833333333334,"{""type"":""MultiPoint"",""coordinates"":[]}"
00000000000000000143_0,69,24,2,119.08333333333333,54,8,1794.1666666666667,17.3125,"{""type"":""MultiPoint"",""coordinates"":[]}"
00000000000000000144_0,58,34,2,120.83333333333333,60,8,1785.3333333333333,17.15833333333333,"{""type"":""MultiPoint"",""coordinates"":[]}"
00000000000000000145_0,60,34,2,120.83333333333333,59,8,1785.3333333333333,17.15833333333333,"{""type"":""MultiPoint"",""coordinates"":[]}"
00000000000000000146_0,59,34,2,122.08333333333333,54,8,1783.3333333333333,17.516666666666666,"{""type"":""MultiPoint"",""coordinates"":[]}"
00000000000000000147_0,62,34,2,120.83333333333333,58,8,1785.3333333333333,17.15833333333333,"{""type"":""MultiPoint"",""coordinates"":[]}"
00000000000000000148_0,56,41,2,121.66666666666667,55,8,1783.3333333333333,17.4875,"{""type"":""MultiPoint"",""coordinates"":[]}"
00000000000000000149_0,63,34,2,120.83333333333333,60,8,1785.3333333333333,17.15833333333333,"{""type"":""MultiPoint"",""coordinates"":[]}"
0000000000000000014a_0,64,34,2,120.83333333333333,58,8,1785.3333333333333,17.15833333333333,"{""type"":""MultiPoint"",""coordinates"":[]}"
0000000000000000014b_0,60,24,2,120.83333333333333,58,8,1785.3333333333333,17.15833333333333,"{""type"":""MultiPoint"",""coordinates"":[]}"
0000000000000000014c_0,61,24,2,111.41666666666667,66,5,1779.5833333333333,17.045833333333334,"{""type"":""MultiPoint"",""coordinates"":[]}"
0000000000000000014d_0,53,41,2,122.08333333333333,57,8,1783.3333333333333,17.516666666666666,"{""type"":""MultiPoint"",""coordinates"":[]}"
0000000000000000014e_0,61,34,7,111.75,60,5,1777.6666666666667,17.070833333333333,"{""type"":""MultiPoint"",""coordinates"":[]}"
0000000000000000014f_0,59,34,2,120.83333333333333,60,8,1785.3333333333333,17.15833333333333,"{""type"":""MultiPoint"",""coordinates"":[]}"
00000000000000000150_0,61,34,4,124.41666666666667,59,8,1787.25,17.6,"{""type"":""MultiPoint"",""coordinates"":[]}"
00000000000000000151_0,63,34,2,111.41666666666667,60,8,1779.5833333333333,17.045833333333334,"{""type"":""MultiPoint"",""coordinates"":[]}"
00000000000000000152_0,58,34,2,120.83333333333333,61,8,1785.3333333333333,17.15833333333333,"{""type"":""MultiPoint"",""coordinates"":[]}"
00000000000000000153_0,67,34,3,119.83333333333333,58,8,1769.9166666666667,17.15,"{""type"":""MultiPoint"",""coordinates"":[]}"
00000000000000000154_0,61,34,2,120.83333333333333,55,8,1785.3333333333333,17.15833333333333,"{""type"":""MultiPoint"",""coordinates"":[]}"
00000000000000000155_0,58,34,2,120.83333333333333,60,8,1785.3333333333333,17.15833333333333,"{""type"":""MultiPoint"",""coordinates"":[]}"
00000000000000000156_0,60,34,4,123.33333333333333,57,5,1780.5,17.570833333333333,"{""type"":""MultiPoint"",""coordinates"":[]}"
00000000000000000157_0,58,34,3,122.08333333333333,58,8,1783.3333333333333,17.516666666666666,"{""type"":""MultiPoint"",""coordinates"":[]}"
00000000000000000158_0,104,31,4,121.08333333333333,54,8,1786.8333333333333,17.041666666666664,"{""type"":""MultiPoint"",""coordinates"":[]}"
00000000000000000159_0,66,24,3,121.0,60,8,1782.25,17.345833333333335,"{""type"":""MultiPoint"",""coordinates"":[]}"
0000000000000000015a_0,58,34,2,122.58333333333333,58,8,1784.0,17.520833333333332,"{""type"":""MultiPoint"",""coordinates"":[]}"
0000000000000000015b_0,62,34,2,120.83333333333333,57,8,1785.3333333333333,17.15833333333333,"{""type"":""MultiPoint"",""coordinates"":[]}"
0000000000000000015c_0,63,24,2,120.0,54,8,1780.3333333333333,17.316666666666666,"{""type"":""MultiPoint"",""coordinates"":[]}"
0000000000000000015d_0,68,34,2,120.83333333333333,59,8,1785.3333333333333,17.15833333333333,"{""type"":""MultiPoint"",""coordinates"":[]}"
0000000000000000015e_0,63,34,2,120.83333333333333,59,8,1785.3333333333333,17.15833333333333,"{""type"":""MultiPoint"",""coordinates"":[]}"
0000000000000000015f_0,61,24,3,120.0,56,8,1780.3333333333333,17.316666666666666,"{""type"":""MultiPoint"",""coordinates"":[]}"
00000000000000000160_0,65,24,3,119.83333333333333,63,8,1769.9166666666667,17.15,"{""type"":""MultiPoint"",""coordinates"":[]}"
00000000000000000161_0,69,21,2,119.08333333333333,52,8,1794.1666666666667,17.3125,"{""type"":""MultiPoint"",""coordinates"":[]}"
00000000000000000162_0,62,24,2,111.41666666666667,61,5,1779.5833333333333,17.045833333333334,"{""type"":""MultiPoint"",""coordinates"":[]}"
00000000000000000163_0,56,34,2,118.25,57,8,1776.75,17.145833333333332,"{""type"":""MultiPoint"",""coordinates"":[]}"
00000000000000000164_0,70,34,2,120.58333333333333,59,8,1767.0,17.09583333333333,"{""type"":""MultiPoint"",""coordinates"":[]}"
00000000000000000165_0,63,24,2,120.83333333333333,60,8,1785.3333333333333,17.15833333333333,"{""type"":""MultiPoint"",""coordinates"":[]}"
00000000000000000166_0,60,34,2,122.08333333333333,55,8,1783.3333333333333,17.516666666666666,"{""type"":""MultiPoint"",""coordinates"":[]}"
00000000000000000167_0,58,24,3,122.08333333333333,55,8,1783.3333333333333,17.516666666666666,"{""type"":""MultiPoint"",""coordinates"":[]}"
00000000000000000168_0,57,34,2,120.83333333333333,61,8,1785.3333333333333,17.15833333333333,"{""type"":""MultiPoint"",""coordinates"":[]}"
00000000000000000169_0,63,21,2,111.41666666666667,65,5,1779.5833333333333,17.045833333333334,"{""type"":""MultiPoint"",""coordinates"":[]}"
0000000000000000016a_0,60,34,2,120.0,55,8,1780.3333333333333,17.316666666666666,"{""type"":""MultiPoint"",""coordinates"":[]}"
0000000000000000016b_0,65,24,2,120.66666666666667,56,8,1783.0,17.320833333333333,"{""type"":""MultiPoint"",""coordinates"":[]}"
0000000000000000016c_0,66,34,2,111.41666666666667,58,8,1779.5833333333333,17.045833333333334,"{""type"":""MultiPoint"",""coordinates"":[]}"
0000000000000000016d_0,56,41,4,122.08333333333333,55,8,1783.3333333333333,17.516666666666666,"{""type"":""MultiPoint"",""coordinates"":[]}"
0000000000000000016e_0,58,31,3,120.83333333333333,59,8,1785.3333333333333,17.15833333333333,"{""type"":""MultiPoint"",""coordinates"":[]}"
0000000000000000016f_0,70,34,2,120.58333333333333,58,8,1767.0,17.09583333333333,"{""type"":""MultiPoint"",""coordinates"":[]}"
00000000000000000170_0,59,34,2,111.41666666666667,61,8,1779.5833333333333,17.045833333333334,"{""type"":""MultiPoint"",""coordinates"":[]}"
00000000000000000171_0,61,34,2,120.83333333333333,59,8,1785.3333333333333,17.15833333333333,"{""type"":""MultiPoint"",""coordinates"":[]}"
00000000000000000172_0,67,34,6,118.58333333333333,62,5,1783.0833333333333,17.15833333333333,"{""type"":""MultiPoint"",""coordinates"":[]}"
00000000000000000173_0,57,34,3,122.08333333333333,54,8,1783.3333333333333,17.516666666666666,"{""type"":""MultiPoint"",""coordinates"":[]}"
00000000000000000174_0,60,24,3,124.08333333333333,57,8,1782.0833333333333,17.6,"{""type"":""MultiPoint"",""coordinates"":[]}"
00000000000000000175_0,64,41,2,120.0,56,8,1780.3333333333333,17.316666666666666,"{""type"":""MultiPoint"",""coordinates"":[]}"
00000000000000000176_0,61,34,2,111.41666666666667,59,8,1779.5833333333333,17.045833333333334,"{""type"":""MultiPoint"",""coordinates"":[]}"
00000000000000000177_0,65,24,3,119.83333333333333,63,8,1769.9166666666667,17.15,"{""type"":""MultiPoint"",""coordinates"":[]}"
00000000000000000178_0,57,34,3,122.58333333333333,58,8,1784.0,17.520833333333332,"{""type"":""MultiPoint"",""coordinates"":[]}"
00000000000000000179_0,67,41,4,120.83333333333333,58,8,1785.3333333333333,17.15833333333333,"{""type"":""MultiPoint"",""coordinates"":[]}"
0000000000000000017a_0,65,24,2,119.83333333333333,63,8,1769.9166666666667,17.15,"{""type"":""MultiPoint"",""coordinates"":[]}"
0000000000000000017b_0,64,24,2,119.83333333333333,62,8,1769.9166666666667,17.15,"{""type"":""MultiPoint"",""coordinates"":[]}"
0000000000000000017c_0,65,42,3,119.08333333333333,54,8,1794.1666666666667,17.3125,"{""type"":""MultiPoint"",""coordinates"":[]}"
0000000000000000017d_0,62,24,2,119.83333333333333,61,8,1769.9166666666667,17.15,"{""type"":""MultiPoint"",""coordinates"":[]}"
0000000000000000017e_0,61,34,3,124.08333333333333,61,8,1782.0833333333333,17.6,"{""type"":""MultiPoint"",""coordinates"":[]}"
0000000000000000017f_0,64,24,2,118.58333333333333,61,8,1783.0833333333333,17.15833333333333,"{""type"":""MultiPoint"",""coordinates"":[]}"
00000000000000000180_0,66,24,2,120.66666666666667,59,8,1783.0,17.320833333333333,"{""type"":""MultiPoint"",""coordinates"":[]}"
00000000000000000182_0,61,34,2,110.25,58,8,1776.4166666666667,17.0375,"{""type"":""MultiPoint"",""coordinates"":[]}"
00000000000000000183_0,55,34,3,122.08333333333333,58,8,1783.3333333333333,17.516666666666666,"{""type"":""MultiPoint"",""coordinates"":[]}"
00000000000000000184_0,65,24,2,120.75,56,8,1779.4166666666667,17.3375,"{""type"":""MultiPoint"",""coordinates"":[]}"
00000000000000000185_0,62,34,2,120.83333333333333,57,8,1785.3333333333333,17.15833333333333,"{""type"":""MultiPoint"",""coordinates"":[]}"
00000000000000000186_0,57,41,3,111.75,59,4,1777.6666666666667,17.070833333333333,"{""type"":""MultiPoint"",""coordinates"":[]}"
00000000000000000187_0,61,34,2,120.83333333333333,58,8,1785.3333333333333,17.15833333333333,"{""type"":""MultiPoint"",""coordinates"":[]}"
00000000000000000188_0,66,31,3,111.41666666666667,56,8,1779.5833333333333,17.045833333333334,"{""type"":""MultiPoint"",""coordinates"":[]}"
00000000000000000189_0,60,24,2,120.83333333333333,60,8,1785.3333333333333,17.15833333333333,"{""type"":""MultiPoint"",""coordinates"":[]}"
0000000000000000018a_0,69,34,2,120.83333333333333,56,8,1785.3333333333333,17.15833333333333,"{""type"":""MultiPoint"",""coordinates"":[]}"
0000000000000000018b_0,62,34,2,110.25,59,8,1776.4166666666667,17.0375,"{""type"":""MultiPoint"",""coordinates"":[]}"
0000000000000000018c_0,58,34,3,120.83333333333333,60,8,1785.3333333333333,17.15833333333333,"{""type"":""MultiPoint"",""coordinates"":[]}"
0000000000000000018d_0,60,24,2,122.58333333333333,60,8,1784.0,17.520833333333332,"{""type"":""MultiPoint"",""coordinates"":[]}"
0000000000000000018e_0,67,31,3,120.83333333333333,55,8,1785.3333333333333,17.15833333333333,"{""type"":""MultiPoint"",""coordinates"":[]}"
0000000000000000018f_0,60,34,2,120.83333333333333,55,8,1785.3333333333333,17.15833333333333,"{""type"":""MultiPoint"",""coordinates"":[]}"
00000000000000000190_0,60,34,5,121.91666666666667,59,4,1777.4166666666667,17.375,"{""type"":""MultiPoint"",""coordinates"":[]}"
00000000000000000191_0,63,24,2,120.0,54,8,1780.3333333333333,17.316666666666666,"{""type"":""MultiPoint"",""coordinates"":[]}"
00000000000000000192_0,65,41,7,118.58333333333333,61,5,1783.0833333333333,17.15833333333333,"{""type"":""MultiPoint"",""coordinates"":[]}"
00000000000000000193_0,57,34,2,120.83333333333333,60,8,1785.3333333333333,17.15833333333333,"{""type"":""MultiPoint"",""coordinates"":[]}"
00000000000000000194_0,61,34,2,111.41666666666667,60,8,1779.5833333333333,17.045833333333334,"{""type"":""MultiPoint"",""coordinates"":[]}"
00000000000000000195_0,58,34,2,120.0,56,8,1780.3333333333333,17.316666666666666,"{""type"":""MultiPoint"",""coordinates"":[]}"
00000000000000000196_0,61,34,2,110.25,59,8,1776.4166666666667,17.0375,"{""type"":""MultiPoint"",""coordinates"":[]}"
00000000000000000197_0,61,34,3,124.08333333333333,58,8,1782.0833333333333,17.6,"{""type"":""MultiPoint"",""coordinates"":[]}"
00000000000000000198_0,64,24,2,119.83333333333333,62,8,1769.9166666666667,17.15,"{""type"":""MultiPoint"",""coordinates"":[]}"
00000000000000000199_0,60,24,2,124.08333333333333,58,8,1782.0833333333333,17.6,"{""type"":""MultiPoint"",""coordinates"":[]}"
0000000000000000019a_0,66,34,3,122.08333333333333,54,8,1783.3333333333333,17.516666666666666,"{""type"":""MultiPoint"",""coordinates"":[]}"
0000000000000000019b_0,58,34,2,120.0,56,8,1780.3333333333333,17.316666666666666,"{""type"":""MultiPoint"",""coordinates"":[]}"
0000000000000000019c_0,65,24,2,120.0,57,8,1780.3333333333333,17.316666666666666,"{""type"":""MultiPoint"",""coordinates"":[]}"
0000000000000000019d_0,57,34,2,120.83333333333333,61,8,1785.3333333333333,17.15833333333333,"{""type"":""MultiPoint"",""coordinates"":[]}"
0000000000000000019e_0,64,34,4,122.08333333333333,57,8,1783.3333333333333,17.516666666666666,"{""type"":""MultiPoint"",""coordinates"":[]}"
0000000000000000019f_0,70,21,2,119.08333333333333,54,8,1794.1666666666667,17.3125,"{""type"":""MultiPoint"",""coordinates"":[]}"
000000000000000001a0_0,58,24,2,120.83333333333333,60,8,1785.3333333333333,17.15833333333333,"{""type"":""MultiPoint"",""coordinates"":[]}"
000000000000000001a1_0,62,34,2,120.83333333333333,59,8,1785.3333333333333,17.15833333333333,"{""type"":""MultiPoint"",""coordinates"":[]}"
000000000000000001a2_0,63,24,2,120.0,52,8,1780.3333333333333,17.316666666666666,"{""type"":""MultiPoint"",""coordinates"":[]}"
000000000000000001a3_0,61,41,3,124.08333333333333,57,8,1782.0833333333333,17.6,"{""type"":""MultiPoint"",""coordinates"":[]}"
000000000000000001a4_0,60,34,2,110.25,60,8,1776.4166666666667,17.0375,"{""type"":""MultiPoint"",""coordinates"":[]}"
000000000000000001a5_0,65,24,2,119.83333333333333,62,8,1769.9166666666667,17.15,"{""type"":""MultiPoint"",""coordinates"":[]}"
000000000000000001a6_0,60,34,3,120.83333333333333,57,8,1785.3333333333333,17.15833333333333,"{""type"":""MultiPoint"",""coordinates"":[]}"
000000000000000001a7_0,60,41,24,121.91666666666667,56,4,1777.4166666666667,17.375,"{""type"":""MultiPoint"",""coordinates"":[]}"
000000000000000001a8_0,66,34,2,119.83333333333333,59,8,1769.9166666666667,17.15,"{""type"":""MultiPoint"",""coordinates"":[]}"
000000000000000001a9_0,60,24,2,124.41666666666667,61,8,1787.25,17.6,"{""type"":""MultiPoint"",""coordinates"":[]}"
000000000000000001aa_0,57,34,2,120.83333333333333,61,8,1785.3333333333333,17.15833333333333,"{""type"":""MultiPoint"",""coordinates"":[]}"
000000000000000001ab_0,62,34,2,110.25,60,8,1776.4166666666667,17.0375,"{""type"":""MultiPoint"",""coordinates"":[]}"
000000000000000001ac_0,62,34,2,120.83333333333333,60,8,1785.3333333333333,17.15833333333333,"{""type"":""MultiPoint"",""coordinates"":[]}"
000000000000000001ad_0,63,34,2,121.08333333333333,56,8,1786.8333333333333,17.041666666666664,"{""type"":""MultiPoint"",""coordinates"":[]}"
000000000000000001ae_0,64,24,3,119.08333333333333,53,8,1794.1666666666667,17.3125,"{""type"":""MultiPoint"",""coordinates"":[]}"
000000000000000001af_0,59,24,3,111.41666666666667,65,5,1779.5833333333333,17.045833333333334,"{""type"":""MultiPoint"",""coordinates"":[]}"
000000000000000001b0_0,59,34,3,120.83333333333333,58,8,1785.3333333333333,17.15833333333333,"{""type"":""MultiPoint"",""coordinates"":[]}"
000000000000000001b1_0,62,24,3,111.75,61,5,1777.6666666666667,17.070833333333333,"{""type"":""MultiPoint"",""coordinates"":[]}"
000000000000000001b2_0,64,24,3,121.0,59,8,1782.25,17.345833333333335,"{""type"":""MultiPoint"",""coordinates"":[]}"
000000000000000001b3_0,61,24,2,120.83333333333333,60,8,1785.3333333333333,17.15833333333333,"{""type"":""MultiPoint"",""coordinates"":[]}"
000000000000000001b4_0,60,34,2,120.83333333333333,55,8,1785.3333333333333,17.15833333333333,"{""type"":""MultiPoint"",""coordinates"":[]}"
000000000000000001b5_0,58,24,2,122.08333333333333,57,8,1783.3333333333333,17.516666666666666,"{""type"":""MultiPoint"",""coordinates"":[]}"
000000000000000001b6_0,61,34,5,121.0,65,8,1782.25,17.345833333333335,"{""type"":""MultiPoint"",""coordinates"":[]}"
000000000000000001b7_0,86,31,4,121.08333333333333,54,8,1786.8333333333333,17.041666666666664,"{""type"":""MultiPoint"",""coordinates"":[]}"
000000000000000001b8_0,61,34,2,120.83333333333333,58,8,1785.3333333333333,17.15833333333333,"{""type"":""MultiPoint"",""coordinates"":[]}"
000000000000000001b9_0,66,34,16,121.91666666666667,57,4,1777.4166666666667,17.375,"{""type"":""MultiPoint"",""coordinates"":[]}"
000000000000000001ba_0,62,24,2,124.08333333333333,57,8,1782.0833333333333,17.6,"{""type"":""MultiPoint"",""coordinates"":[]}"
000000000000000001bb_0,61,41,4,122.08333333333333,54,8,1783.3333333333333,17.516666666666666,"{""type"":""MultiPoint"",""coordinates"":[]}"
000000000000000001bc_0,60,24,2,123.33333333333333,58,8,1780.5,17.570833333333333,"{""type"":""MultiPoint"",""coordinates"":[]}"
000000000000000001bd_0,75,34,2,120.58333333333333,58,8,1767.0,17.09583333333333,"{""type"":""MultiPoint"",""coordinates"":[]}"
000000000000000001be_0,62,24,2,111.41666666666667,60,5,1779.5833333333333,17.045833333333334,"{""type"":""MultiPoint"",""coordinates"":[]}"
000000000000000001bf_0,66,24,2,119.08333333333333,54,8,1794.1666666666667,17.3125,"{""type"":""MultiPoint"",""coordinates"":[]}"
000000000000000001c0_0,61,41,9,121.91666666666667,61,5,1777.4166666666667,17.375,"{""type"":""MultiPoint"",""coordinates"":[]}"
000000000000000001c1_0,63,41,3,122.08333333333333,55,8,1783.3333333333333,17.516666666666666,"{""type"":""MultiPoint"",""coordinates"":[]}"
000000000000000001c2_0,58,34,2,111.41666666666667,59,8,1779.5833333333333,17.045833333333334,"{""type"":""MultiPoint"",""coordinates"":[]}"
000000000000000001c3_0,59,24,4,111.41666666666667,65,2,1779.5833333333333,17.045833333333334,"{""type"":""MultiPoint"",""coordinates"":[]}"
000000000000000001c4_0,61,34,3,124.08333333333333,60,8,1782.0833333333333,17.6,"{""type"":""MultiPoint"",""coordinates"":[]}"
000000000000000001c5_0,60,34,2,120.83333333333333,57,8,1785.3333333333333,17.15833333333333,"{""type"":""MultiPoint"",""coordinates"":[]}"
000000000000000001c6_0,65,24,2,121.0,60,8,1782.25,17.345833333333335,"{""type"":""MultiPoint"",""coordinates"":[]}"
000000000000000001c7_0,57,34,3,122.08333333333333,54,8,1783.3333333333333,17.516666666666666,"{""type"":""MultiPoint"",""coordinates"":[]}"
000000000000000001c8_0,60,24,2,124.41666666666667,58,8,1787.25,17.6,"{""type"":""MultiPoint"",""coordinates"":[]}"
000000000000000001c9_0,69,21,3,119.08333333333333,54,8,1794.1666666666667,17.3125,"{""type"":""MultiPoint"",""coordinates"":[]}"
000000000000000001ca_0,62,34,2,110.25,60,8,1776.4166666666667,17.0375,"{""type"":""MultiPoint"",""coordinates"":[]}"
000000000000000001cb_0,60,34,2,120.83333333333333,60,8,1785.3333333333333,17.15833333333333,"{""type"":""MultiPoint"",""coordinates"":[]}"
000000000000000001cc_0,59,24,3,124.08333333333333,55,8,1782.0833333333333,17.6,"{""type"":""MultiPoint"",""coordinates"":[]}"
000000000000000001cd_0,65,24,3,120.75,60,8,1779.4166666666667,17.3375,"{""type"":""MultiPoint"",""coordinates"":[]}"
000000000000000001ce_0,62,24,2,120.0,56,8,1780.3333333333333,17.316666666666666,"{""type"":""MultiPoint"",""coordinates"":[]}"
000000000000000001cf_0,65,24,2,120.75,58,8,1779.4166666666667,17.3375,"{""type"":""MultiPoint"",""coordinates"":[]}"
000000000000000001d0_0,65,24,2,120.66666666666667,57,8,1783.0,17.320833333333333,"{""type"":""MultiPoint"",""coordinates"":[]}"
000000000000000001d1_0,62,34,2,121.08333333333333,58,8,1786.8333333333333,17.041666666666664,"{""type"":""MultiPoint"",""coordinates"":[]}"
000000000000000001d2_0,63,34,2,110.25,59,8,1776.4166666666667,17.0375,"{""type"":""MultiPoint"",""coordinates"":[]}"
000000000000000001d3_0,66,42,3,120.0,52,8,1780.3333333333333,17.316666666666666,"{""type"":""MultiPoint"",""coordinates"":[]}"
000000000000000001d4_0,61,34,2,121.08333333333333,59,8,1786.8333333333333,17.041666666666664,"{""type"":""MultiPoint"",""coordinates"":[]}"
000000000000000001d5_0,65,24,3,120.66666666666667,58,8,1783.0,17.320833333333333,"{""type"":""MultiPoint"",""coordinates"":[]}"
000000000000000001d6_0,62,31,3,111.41666666666667,62,8,1779.5833333333333,17.045833333333334,"{""type"":""MultiPoint"",""coordinates"":[]}"
000000000000000001d7_0,58,34,2,122.08333333333333,53,8,1783.3333333333333,17.516666666666666,"{""type"":""MultiPoint"",""coordinates"":[]}"
000000000000000001d8_0,56,41,2,122.58333333333333,64,5,1784.0,17.520833333333332,"{""type"":""MultiPoint"",""coordinates"":[]}"
000000000000000001d9_0,63,34,2,110.25,59,8,1776.4166666666667,17.0375,"{""type"":""MultiPoint"",""coordinates"":[]}"
000000000000000001da_0,60,34,2,124.41666666666667,58,4,1787.25,17.6,"{""type"":""MultiPoint"",""coordinates"":[]}"
000000000000000001db_0,61,34,2,120.83333333333333,58,8,1785.3333333333333,17.15833333333333,"{""type"":""MultiPoint"",""coordinates"":[]}"
000000000000000001dc_0,58,34,3,124.41666666666667,63,8,1787.25,17.6,"{""type"":""MultiPoint"",""coordinates"":[]}"
000000000000000001dd_0,62,24,2,120.0,54,8,1780.3333333333333,17.316666666666666,"{""type"":""MultiPoint"",""coordinates"":[]}"
000000000000000001de_0,63,34,2,110.25,59,8,1776.4166666666667,17.0375,"{""type"":""MultiPoint"",""coordinates"":[]}"
000000000000000001df_0,60,41,32,121.91666666666667,53,4,1777.4166666666667,17.375,"{""type"":""MultiPoint"",""coordinates"":[]}"
000000000000000001e0_0,59,34,2,124.08333333333333,62,8,1782.0833333333333,17.6,"{""type"":""MultiPoint"",""coordinates"":[]}"
000000000000000001e1_0,57,34,2,120.83333333333333,59,8,1785.3333333333333,17.15833333333333,"{""type"":""MultiPoint"",""coordinates"":[]}"
000000000000000001e2_0,61,24,2,120.83333333333333,60,8,1785.3333333333333,17.15833333333333,"{""type"":""MultiPoint"",""coordinates"":[]}"
000000000000000001e3_0,65,24,3,120.66666666666667,59,8,1783.0,17.320833333333333,"{""type"":""MultiPoint"",""coordinates"":[]}"
000000000000000001e4_0,63,34,2,120.83333333333333,60,8,1785.3333333333333,17.15833333333333,"{""type"":""MultiPoint"",""coordinates"":[]}"
000000000000000001e5_0,63,24,2,119.83333333333333,61,8,1769.9166666666667,17.15,"{""type"":""MultiPoint"",""coordinates"":[]}"
000000000000000001e6_0,62,34,2,110.25,59,8,1776.4166666666667,17.0375,"{""type"":""MultiPoint"",""coordinates"":[]}"
000000000000000001e7_0,62,31,3,120.0,50,8,1780.3333333333333,17.316666666666666,"{""type"":""MultiPoint"",""coordinates"":[]}"
000000000000000001e8_0,58,34,2,122.08333333333333,54,8,1783.3333333333333,17.516666666666666,"{""type"":""MultiPoint"",""coordinates"":[]}"
000000000000000001e9_0,57,34,3,122.58333333333333,60,5,1784.0,17.520833333333332,"{""type"":""MultiPoint"",""coordinates"":[]}"
000000000000000001ea_0,61,24,2,124.41666666666667,58,8,1787.25,17.6,"{""type"":""MultiPoint"",""coordinates"":[]}"
000000000000000001eb_0,56,34,2,121.66666666666667,55,8,1783.3333333333333,17.4875,"{""type"":""MultiPoint"",""coordinates"":[]}"
000000000000000001ec_0,58,24,2,122.08333333333333,57,8,1783.3333333333333,17.516666666666666,"{""type"":""MultiPoint"",""coordinates"":[]}"
000000000000000001ed_0,63,41,2,120.83333333333333,56,8,1785.3333333333333,17.15833333333333,"{""type"":""MultiPoint"",""coordinates"":[]}"
000000000000000001ee_0,59,34,2,111.41666666666667,64,8,1779.5833333333333,17.045833333333334,"{""type"":""MultiPoint"",""coordinates"":[]}"
000000000000000001ef_0,64,24,4,118.58333333333333,59,8,1783.0833333333333,17.15833333333333,"{""type"":""MultiPoint"",""coordinates"":[]}"
000000000000000001f0_0,60,34,2,120.0,57,8,1780.3333333333333,17.316666666666666,"{""type"":""MultiPoint"",""coordinates"":[]}"
000000000000000001f1_0,59,24,3,122.08333333333333,56,8,1783.3333333333333,17.516666666666666,"{""type"":""MultiPoint"",""coordinates"":[]}"
000000000000000001f2_0,65,24,2,121.83333333333333,61,8,1780.1666666666667,17.379166666666666,"{""type"":""MultiPoint"",""coordinates"":[]}"
000000000000000001f3_0,65,24,2,119.83333333333333,61,8,1769.9166666666667,17.15,"{""type"":""MultiPoint"",""coordinates"":[]}"
000000000000000001f4_0,71,34,2,120.58333333333333,61,8,1767.0,17.09583333333333,"{""type"":""MultiPoint"",""coordinates"":[]}"
000000000000000001f5_0,61,24,2,120.83333333333333,60,8,1785.3333333333333,17.15833333333333,"{""type"":""MultiPoint"",""coordinates"":[]}"
000000000000000001f6_0,62,24,2,124.41666666666667,59,8,1787.25,17.6,"{""type"":""MultiPoint"",""coordinates"":[]}"
000000000000000001f7_0,60,24,3,111.41666666666667,61,5,1779.5833333333333,17.045833333333334,"{""type"":""MultiPoint"",""coordinates"":[]}"
000000000000000001f8_0,56,34,2,120.83333333333333,59,8,1785.3333333333333,17.15833333333333,"{""type"":""MultiPoint"",""coordinates"":[]}"
000000000000000001f9_0,63,34,2,110.25,58,8,1776.4166666666667,17.0375,"{""type"":""MultiPoint"",""coordinates"":[]}"
000000000000000001fa_0,63,24,3,120.0,55,8,1780.3333333333333,17.316666666666666,"{""type"":""MultiPoint"",""coordinates"":[]}"
000000000000000001fb_0,57,34,4,111.41666666666667,64,5,1779.5833333333333,17.045833333333334,"{""type"":""MultiPoint"",""coordinates"":[]}"
000000000000000001fc_0,60,24,2,118.25,61,8,1776.75,17.145833333333332,"{""type"":""MultiPoint"",""coordinates"":[]}"
000000000000000001fd_0,62,34,2,120.83333333333333,60,8,1785.3333333333333,17.15833333333333,"{""type"":""MultiPoint"",""coordinates"":[]}"
000000000000000001fe_0,57,34,2,120.0,56,8,1780.3333333333333,17.316666666666666,"{""type"":""MultiPoint"",""coordinates"":[]}"
000000000000000001ff_0,59,24,3,122.58333333333333,61,8,1784.0,17.520833333333332,"{""type"":""MultiPoint"",""coordinates"":[]}"
00000000000000000200_0,61,41,3,122.58333333333333,59,8,1784.0,17.520833333333332,"{""type"":""MultiPoint"",""coordinates"":[]}"
00000000000000000201_0,63,34,2,111.41666666666667,61,5,1779.5833333333333,17.045833333333334,"{""type"":""MultiPoint"",""coordinates"":[]}"
00000000000000000202_0,59,34,4,111.41666666666667,64,5,1779.5833333333333,17.045833333333334,"{""type"":""MultiPoint"",""coordinates"":[]}"
00000000000000000203_0,57,34,2,118.25,60,8,1776.75,17.145833333333332,"{""type"":""MultiPoint"",""coordinates"":[]}"
00000000000000000204_0,55,42,4,111.41666666666667,60,5,1779.5833333333333,17.045833333333334,"{""type"":""MultiPoint"",""coordinates"":[]}"
00000000000000000205_0,59,21,2,110.25,58,8,1776.4166666666667,17.0375,"{""type"":""MultiPoint"",""coordinates"":[]}"
00000000000000000206_0,59,24,3,123.33333333333333,58,8,1780.5,17.570833333333333,"{""type"":""MultiPoint"",""coordinates"":[]}"
00000000000000000207_0,60,24,2,120.0,56,8,1780.3333333333333,17.316666666666666,"{""type"":""MultiPoint"",""coordinates"":[]}"
00000000000000000208_0,67,24,2,120.66666666666667,58,8,1783.0,17.320833333333333,"{""type"":""MultiPoint"",""coordinates"":[]}"
00000000000000000209_0,62,24,2,120.83333333333333,58,8,1785.3333333333333,17.15833333333333,"{""type"":""MultiPoint"",""coordinates"":[]}"
0000000000000000020a_0,63,24,2,119.83333333333333,63,8,1769.9166666666667,17.15,"{""type"":""MultiPoint"",""coordinates"":[]}"
0000000000000000020b_0,65,24,2,119.08333333333333,55,8,1794.1666666666667,17.3125,"{""type"":""MultiPoint"",""coordinates"":[]}"
0000000000000000020c_0,57,41,2,121.66666666666667,55,8,1783.3333333333333,17.4875,"{""type"":""MultiPoint"",""coordinates"":[]}"
0000000000000000020d_0,63,24,2,119.08333333333333,51,8,1794.1666666666667,17.3125,"{""type"":""MultiPoint"",""coordinates"":[]}"
0000000000000000020e_0,62,34,2,120.83333333333333,58,8,1785.3333333333333,17.15833333333333,"{""type"":""MultiPoint"",""coordinates"":[]}"
0000000000000000020f_0,59,34,2,120.83333333333333,59,8,1785.3333333333333,17.15833333333333,"{""type"":""MultiPoint"",""coordinates"":[]}"
00000000000000000210_0,61,24,2,124.08333333333333,59,8,1782.0833333333333,17.6,"{""type"":""MultiPoint"",""coordinates"":[]}"
00000000000000000211_0,61,34,2,120.83333333333333,58,8,1785.3333333333333,17.15833333333333,"{""type"":""MultiPoint"",""coordinates"":[]}"
00000000000000000212_0,66,34,2,119.83333333333333,61,8,1769.9166666666667,17.15,"{""type"":""MultiPoint"",""coordinates"":[]}"
00000000000000000213_0,65,24,2,120.66666666666667,58,8,1783.0,17.320833333333333,"{""type"":""MultiPoint"",""coordinates"":[]}"
00000000000000000214_0,60,24,2,123.33333333333333,58,8,1780.5,17.570833333333333,"{""type"":""MultiPoint"",""coordinates"":[]}"
00000000000000000215_0,57,34,2,122.08333333333333,54,8,1783.3333333333333,17.516666666666666,"{""type"":""MultiPoint"",""coordinates"":[]}"
00000000000000000216_0,62,24,3,120.0,56,8,1780.3333333333333,17.316666666666666,"{""type"":""MultiPoint"",""coordinates"":[]}"
00000000000000000217_0,64,24,2,119.83333333333333,62,8,1769.9166666666667,17.15,"{""type"":""MultiPoint"",""coordinates"":[]}"
00000000000000000218_0,59,34,2,120.83333333333333,58,8,1785.3333333333333,17.15833333333333,"{""type"":""MultiPoint"",""coordinates"":[]}"
00000000000000000219_0,60,34,4,111.75,58,4,1777.6666666666667,17.070833333333333,"{""type"":""MultiPoint"",""coordinates"":[]}"
0000000000000000021a_0,67,24,3,120.66666666666667,58,8,1783.0,17.320833333333333,"{""type"":""MultiPoint"",""coordinates"":[]}"
0000000000000000021b_0,59,34,4,111.41666666666667,64,5,1779.5833333333333,17.045833333333334,"{""type"":""MultiPoint"",""coordinates"":[]}"
0000000000000000021c_0,58,24,2,120.83333333333333,60,8,1785.3333333333333,17.15833333333333,"{""type"":""MultiPoint"",""coordinates"":[]}"
0000000000000000021d_0,73,41,2,120.83333333333333,57,8,1785.3333333333333,17.15833333333333,"{""type"":""MultiPoint"",""coordinates"":[]}"
0000000000000000021e_0,61,34,3,121.08333333333333,57,8,1786.8333333333333,17.041666666666664,"{""type"":""MultiPoint"",""coordinates"":[]}"
0000000000000000021f_0,55,34,3,122.08333333333333,55,8,1783.3333333333333,17.516666666666666,"{""type"":""MultiPoint"",""coordinates"":[]}"
00000000000000000220_0,60,34,5,121.0,65,8,1782.25,17.345833333333335,"{""type"":""MultiPoint"",""coordinates"":[]}"
00000000000000000221_0,64,24,2,120.0,56,8,1780.3333333333333,17.316666666666666,"{""type"":""MultiPoint"",""coordinates"":[]}"
00000000000000000222_0,59,34,2,120.83333333333333,62,8,1785.3333333333333,17.15833333333333,"{""type"":""MultiPoint"",""coordinates"":[]}"
00000000000000000223_0,61,34,5,121.0,65,8,1782.25,17.345833333333335,"{""type"":""MultiPoint"",""coordinates"":[]}"
00000000000000000224_0,61,34,2,121.08333333333333,61,8,1786.8333333333333,17.041666666666664,"{""type"":""MultiPoint"",""coordinates"":[]}"
00000000000000000225_0,60,41,2,122.58333333333333,59,8,1784.0,17.520833333333332,"{""type"":""MultiPoint"",""coordinates"":[]}"
00000000000000000226_0,57,34,3,122.08333333333333,58,8,1783.3333333333333,17.516666666666666,"{""type"":""MultiPoint"",""coordinates"":[]}"
00000000000000000227_0,62,34,2,120.83333333333333,59,8,1785.3333333333333,17.15833333333333,"{""type"":""MultiPoint"",""coordinates"":[]}"
00000000000000000228_0,59,34,2,120.0,56,8,1780.3333333333333,17.316666666666666,"{""type"":""MultiPoint"",""coordinates"":[]}"
00000000000000000229_0,59,41,3,122.08333333333333,57,8,1783.3333333333333,17.516666666666666,"{""type"":""MultiPoint"",""coordinates"":[]}"
0000000000000000022a_0,61,24,3,122.58333333333333,59,8,1784.0,17.520833333333332,"{""type"":""MultiPoint"",""coordinates"":[]}"
0000000000000000022b_0,62,34,2,120.0,56,8,1780.3333333333333,17.316666666666666,"{""type"":""MultiPoint"",""coordinates"":[]}"
0000000000000000022c_0,61,34,2,111.41666666666667,58,8,1779.5833333333333,17.045833333333334,"{""type"":""MultiPoint"",""coordinates"":[]}"
0000000000000000022d_0,67,24,3,124.41666666666667,56,8,1787.25,17.6,"{""type"":""MultiPoint"",""coordinates"":[]}"
0000000000000000022e_0,71,34,2,120.58333333333333,58,8,1767.0,17.09583333333333,"{""type"":""MultiPoint"",""coordinates"":[]}"
0000000000000000022f_0,56,41,2,121.66666666666667,55,8,1783.3333333333333,17.4875,"{""type"":""MultiPoint"",""coordinates"":[]}"
00000000000000000230_0,62,34,2,110.25,60,8,1776.4166666666667,17.0375,"{""type"":""MultiPoint"",""coordinates"":[]}"
00000000000000000231_0,66,24,2,119.83333333333333,62,8,1769.9166666666667,17.15,"{""type"":""MultiPoint"",""coordinates"":[]}"
00000000000000000232_0,60,34,3,120.83333333333333,60,8,1785.3333333333333,17.15833333333333,"{""type"":""MultiPoint"",""coordinates"":[]}"
00000000000000000233_0,60,34,3,120.0,56,8,1780.3333333333333,17.316666666666666,"{""type"":""MultiPoint"",""coordinates"":[]}"
00000000000000000234_0,64,34,2,119.83333333333333,62,8,1769.9166666666667,17.15,"{""type"":""MultiPoint"",""coordinates"":[]}"
00000000000000000235_0,64,24,2,120.66666666666667,60,8,1783.0,17.320833333333333,"{""type"":""MultiPoint"",""coordinates"":[]}"
00000000000000000236_0,62,34,2,121.0,59,8,1782.25,17.345833333333335,"{""type"":""MultiPoint"",""coordinates"":[]}"
00000000000000000237_0,54,34,4,122.08333333333333,55,8,1783.3333333333333,17.516666666666666,"{""type"":""MultiPoint"",""coordinates"":[]}"
00000000000000000238_0,60,24,4,111.41666666666667,62,1,1779.5833333333333,17.045833333333334,"{""type"":""MultiPoint"",""coordinates"":[]}"
00000000000000000239_0,57,24,2,122.08333333333333,57,8,1783.3333333333333,17.516666666666666,"{""type"":""MultiPoint"",""coordinates"":[]}"
0000000000000000023a_0,60,24,22,125.08333333333333,56,5,1792.1666666666667,17.629166666666666,"{""type"":""MultiPoint"",""coordinates"":[]}"
0000000000000000023b_0,66,24,2,120.75,56,8,1779.4166666666667,17.3375,"{""type"":""MultiPoint"",""coordinates"":[]}"
0000000000000000023c_0,59,24,3,122.08333333333333,55,8,1783.3333333333333,17.516666666666666,"{""type"":""MultiPoint"",""coordinates"":[]}"
0000000000000000023d_0,59,34,2,122.08333333333333,58,8,1783.3333333333333,17.516666666666666,"{""type"":""MultiPoint"",""coordinates"":[]}"
0000000000000000023e_0,57,34,2,120.83333333333333,61,8,1785.3333333333333,17.15833333333333,"{""type"":""MultiPoint"",""coordinates"":[]}"
0000000000000000023f_0,61,34,2,120.83333333333333,58,8,1785.3333333333333,17.15833333333333,"{""type"":""MultiPoint"",""coordinates"":[]}"
00000000000000000240_0,63,24,2,120.0,54,8,1780.3333333333333,17.316666666666666,"{""type"":""MultiPoint"",""coordinates"":[]}"
00000000000000000241_0,66,41,5,122.08333333333333,54,8,1783.3333333333333,17.516666666666666,"{""type"":""MultiPoint"",""coordinates"":[]}"
00000000000000000242_0,66,24,2,119.83333333333333,63,8,1769.9166666666667,17.15,"{""type"":""MultiPoint"",""coordinates"":[]}"
00000000000000000243_0,63,34,2,111.41666666666667,59,8,1779.5833333333333,17.045833333333334,"{""type"":""MultiPoint"",""coordinates"":[]}"
00000000000000000244_0,66,31,3,120.0,52,8,1780.3333333333333,17.316666666666666,"{""type"":""MultiPoint"",""coordinates"":[]}"
00000000000000000245_0,60,34,2,120.83333333333333,62,8,1785.3333333333333,17.15833333333333,"{""type"":""MultiPoint"",""coordinates"":[]}"
00000000000000000246_0,63,24,3,120.0,56,8,1780.3333333333333,17.316666666666666,"{""type"":""MultiPoint"",""coordinates"":[]}"
00000000000000000247_0,65,34,4,121.91666666666667,66,5,1777.4166666666667,17.375,"{""type"":""MultiPoint"",""coordinates"":[]}"
00000000000000000248_0,59,24,4,123.33333333333333,58,8,1780.5,17.570833333333333,"{""type"":""MultiPoint"",""coordinates"":[]}"
00000000000000000249_0,60,24,2,120.83333333333333,61,8,1785.3333333333333,17.15833333333333,"{""type"":""MultiPoint"",""coordinates"":[]}"
0000000000000000024a_0,61,34,2,124.41666666666667,59,8,1787.25,17.6,"{""type"":""MultiPoint"",""coordinates"":[]}"
0000000000000000024b_0,74,34,2,120.58333333333333,58,8,1767.0,17.09583333333333,"{""type"":""MultiPoint"",""coordinates"":[]}"
0000000000000000024c_0,69,21,3,119.08333333333333,54,8,1794.1666666666667,17.3125,"{""type"":""MultiPoint"",""coordinates"":[]}"
0000000000000000024d_0,71,34,2,120.58333333333333,61,8,1767.0,17.09583333333333,"{""type"":""MultiPoint"",""coordinates"":[]}"
0000000000000000024e_0,61,34,2,120.83333333333333,58,8,1785.3333333333333,17.15833333333333,"{""type"":""MultiPoint"",""coordinates"":[]}"
0000000000000000024f_0,66,41,3,119.83333333333333,59,8,1769.9166666666667,17.15,"{""type"":""MultiPoint"",""coordinates"":[]}"
00000000000000000250_0,67,41,3,120.0,52,8,1780.3333333333333,17.316666666666666,"{""type"":""MultiPoint"",""coordinates"":[]}"
00000000000000000251_0,60,41,2,122.08333333333333,56,8,1783.3333333333333,17.516666666666666,"{""type"":""MultiPoint"",""coordinates"":[]}"
00000000000000000252_0,56,41,2,122.08333333333333,58,8,1783.3333333333333,17.516666666666666,"{""type"":""MultiPoint"",""coordinates"":[]}"
00000000000000000253_0,61,24,2,124.41666666666667,60,8,1787.25,17.6,"{""type"":""MultiPoint"",""coordinates"":[]}"
00000000000000000254_0,106,21,6,120.58333333333333,58,8,1767.0,17.09583333333333,"{""type"":""MultiPoint"",""coordinates"":[]}"
00000000000000000255_0,73,24,4,121.91666666666667,61,8,1777.4166666666667,17.375,"{""type"":""MultiPoint"",""coordinates"":[]}"
00000000000000000256_0,59,34,2,120.83333333333333,59,8,1785.3333333333333,17.15833333333333,"{""type"":""MultiPoint"",""coordinates"":[]}"
00000000000000000257_0,59,34,2,111.41666666666667,61,8,1779.5833333333333,17.045833333333334,"{""type"":""MultiPoint"",""coordinates"":[]}"
00000000000000000258_0,64,24,2,120.66666666666667,58,8,1783.0,17.320833333333333,"{""type"":""MultiPoint"",""coordinates"":[]}"
00000000000000000259_0,67,24,2,119.83333333333333,61,8,1769.9166666666667,17.15,"{""type"":""MultiPoint"",""coordinates"":[]}"
0000000000000000025a_0,59,34,2,111.41666666666667,64,8,1779.5833333333333,17.045833333333334,"{""type"":""MultiPoint"",""coordinates"":[]}"
0000000000000000025b_0,59,34,2,120.83333333333333,59,8,1785.3333333333333,17.15833333333333,"{""type"":""MultiPoint"",""coordinates"":[]}"
0000000000000000025c_0,61,34,3,124.08333333333333,61,8,1782.0833333333333,17.6,"{""type"":""MultiPoint"",""coordinates"":[]}"
0000000000000000025d_0,58,34,2,120.83333333333333,58,8,1785.3333333333333,17.15833333333333,"{""type"":""MultiPoint"",""coordinates"":[]}"
0000000000000000025e_0,59,34,2,120.83333333333333,62,8,1785.3333333333333,17.15833333333333,"{""type"":""MultiPoint"",""coordinates"":[]}"
0000000000000000025f_0,58,41,2,122.58333333333333,56,8,1784.0,17.520833333333332,"{""type"":""MultiPoint"",""coordinates"":[]}"
00000000000000000260_0,68,34,2,120.58333333333333,62,8,1767.0,17.09583333333333,"{""type"":""MultiPoint"",""coordinates"":[]}"
00000000000000000261_0,58,34,2,120.83333333333333,62,8,1785.3333333333333,17.15833333333333,"{""type"":""MultiPoint"",""coordinates"":[]}"
00000000000000000262_0,60,34,2,111.41666666666667,63,5,1779.5833333333333,17.045833333333334,"{""type"":""MultiPoint"",""coordinates"":[]}"
00000000000000000263_0,55,34,2,120.83333333333333,60,8,1785.3333333333333,17.15833333333333,"{""type"":""MultiPoint"",""coordinates"":[]}"
00000000000000000264_0,62,34,2,110.25,59,8,1776.4166666666667,17.0375,"{""type"":""MultiPoint"",""coordinates"":[]}"
00000000000000000265_0,62,24,2,122.58333333333333,57,8,1784.0,17.520833333333332,"{""type"":""MultiPoint"",""coordinates"":[]}"
00000000000000000266_0,61,34,2,120.83333333333333,58,8,1785.3333333333333,17.15833333333333,"{""type"":""MultiPoint"",""coordinates"":[]}"
00000000000000000267_0,61,24,4,111.75,65,2,1777.6666666666667,17.070833333333333,"{""type"":""MultiPoint"",""coordinates"":[]}"
00000000000000000268_0,59,34,3,120.83333333333333,60,8,1785.3333333333333,17.15833333333333,"{""type"":""MultiPoint"",""coordinates"":[]}"
00000000000000000269_0,60,24,2,122.58333333333333,58,8,1784.0,17.520833333333332,"{""type"":""MultiPoint"",""coordinates"":[]}"
0000000000000000026a_0,58,24,2,121.83333333333333,60,8,1780.1666666666667,17.379166666666666,"{""type"":""MultiPoint"",""coordinates"":[]}"
0000000000000000026b_0,61,34,2,121.08333333333333,59,8,1786.8333333333333,17.041666666666664,"{""type"":""MultiPoint"",""coordinates"":[]}"
0000000000000000026c_0,63,34,4,121.83333333333333,60,8,1780.1666666666667,17.379166666666666,"{""type"":""MultiPoint"",""coordinates"":[]}"
0000000000000000026d_0,67,42,2,119.08333333333333,53,8,1794.1666666666667,17.3125,"{""type"":""MultiPoint"",""coordinates"":[]}"
0000000000000000026e_0,105,21,5,120.58333333333333,58,8,1767.0,17.09583333333333,"{""type"":""MultiPoint"",""coordinates"":[]}"
0000000000000000026f_0,65,41,5,118.58333333333333,60,8,1783.0833333333333,17.15833333333333,"{""type"":""MultiPoint"",""coordinates"":[]}"
00000000000000000270_0,62,34,2,110.25,59,8,1776.4166666666667,17.0375,"{""type"":""MultiPoint"",""coordinates"":[]}"
00000000000000000271_0,59,34,2,111.41666666666667,61,5,1779.5833333333333,17.045833333333334,"{""type"":""MultiPoint"",""coordinates"":[]}"
00000000000000000272_0,65,34,3,121.0,62,8,1782.25,17.345833333333335,"{""type"":""MultiPoint"",""coordinates"":[]}"
00000000000000000273_0,60,34,3,111.41666666666667,62,5,1779.5833333333333,17.045833333333334,"{""type"":""MultiPoint"",""coordinates"":[]}"
00000000000000000274_0,63,24,3,121.0,60,8,1782.25,17.345833333333335,"{""type"":""MultiPoint"",""coordinates"":[]}"
00000000000000000275_0,57,34,4,122.08333333333333,59,8,1783.3333333333333,17.516666666666666,"{""type"":""MultiPoint"",""coordinates"":[]}"
00000000000000000276_0,59,24,2,111.41666666666667,64,5,1779.5833333333333,17.045833333333334,"{""type"":""MultiPoint"",""coordinates"":[]}"
00000000000000000277_0,61,34,2,120.83333333333333,58,8,1785.3333333333333,17.15833333333333,"{""type"":""MultiPoint"",""coordinates"":[]}"
00000000000000000278_0,63,41,3,119.08333333333333,53,8,1794.1666666666667,17.3125,"{""type"":""MultiPoint"",""coordinates"":[]}"
00000000000000000279_0,64,34,2,124.41666666666667,60,8,1787.25,17.6,"{""type"":""MultiPoint"",""coordinates"":[]}"
0000000000000000027a_0,58,34,2,120.83333333333333,61,8,1785.3333333333333,17.15833333333333,"{""type"":""MultiPoint"",""coordinates"":[]}"
0000000000000000027b_0,72,34,2,120.58333333333333,60,8,1767.0,17.09583333333333,"{""type"":""MultiPoint"",""coordinates"":[]}"
0000000000000000027c_0,56,41,2,125.08333333333333,55,8,1792.1666666666667,17.629166666666666,"{""type"":""MultiPoint"",""coordinates"":[]}"
0000000000000000027d_0,59,41,3,123.33333333333333,60,8,1780.5,17.570833333333333,"{""type"":""MultiPoint"",""coordinates"":[]}"
0000000000000000027e_0,66,34,3,119.83333333333333,61,8,1769.9166666666667,17.15,"{""type"":""MultiPoint"",""coordinates"":[]}"
0000000000000000027f_0,61,34,2,120.83333333333333,62,8,1785.3333333333333,17.15833333333333,"{""type"":""MultiPoint"",""coordinates"":[]}"
00000000000000000280_0,60,41,2,122.08333333333333,54,8,1783.3333333333333,17.516666666666666,"{""type"":""MultiPoint"",""coordinates"":[]}"
00000000000000000281_0,62,34,2,120.0,56,8,1780.3333333333333,17.316666666666666,"{""type"":""MultiPoint"",""coordinates"":[]}"
00000000000000000282_0,65,24,2,121.0,59,8,1782.25,17.345833333333335,"{""type"":""MultiPoint"",""coordinates"":[]}"
00000000000000000283_0,64,41,5,125.08333333333333,61,5,1792.1666666666667,17.629166666666666,"{""type"":""MultiPoint"",""coordinates"":[]}"
00000000000000000284_0,63,24,2,121.83333333333333,57,8,1780.1666666666667,17.379166666666666,"{""type"":""MultiPoint"",""coordinates"":[]}"
00000000000000000285_0,58,34,5,123.33333333333333,61,8,1780.5,17.570833333333333,"{""type"":""MultiPoint"",""coordinates"":[]}"
00000000000000000286_0,70,34,2,120.58333333333333,58,8,1767.0,17.09583333333333,"{""type"":""MultiPoint"",""coordinates"":[]}"
00000000000000000287_0,56,34,3,122.08333333333333,57,8,1783.3333333333333,17.516666666666666,"{""type"":""MultiPoint"",""coordinates"":[]}"
00000000000000000288_0,65,34,2,119.83333333333333,62,8,1769.9166666666667,17.15,"{""type"":""MultiPoint"",""coordinates"":[]}"
00000000000000000289_0,69,34,2,120.83333333333333,56,8,1785.3333333333333,17.15833333333333,"{""type"":""MultiPoint"",""coordinates"":[]}"
0000000000000000028a_0,60,34,3,120.83333333333333,60,8,1785.3333333333333,17.15833333333333,"{""type"":""MultiPoint"",""coordinates"":[]}"
0000000000000000028b_0,56,34,2,118.25,60,8,1776.75,17.145833333333332,"{""type"":""MultiPoint"",""coordinates"":[]}"
0000000000000000028c_0,62,34,2,110.25,58,8,1776.4166666666667,17.0375,"{""type"":""MultiPoint"",""coordinates"":[]}"
0000000000000000028d_0,58,34,2,122.08333333333333,57,8,1783.3333333333333,17.516666666666666,"{""type"":""MultiPoint"",""coordinates"":[]}"
0000000000000000028e_0,58,34,3,120.83333333333333,60,8,1785.3333333333333,17.15833333333333,"{""type"":""MultiPoint"",""coordinates"":[]}"
0000000000000000028f_0,59,24,2,123.33333333333333,60,8,1780.5,17.570833333333333,"{""type"":""MultiPoint"",""coordinates"":[]}"
00000000000000000290_0,61,34,3,121.08333333333333,57,8,1786.8333333333333,17.041666666666664,"{""type"":""MultiPoint"",""coordinates"":[]}"
00000000000000000291_0,80,41,4,121.08333333333333,52,8,1786.8333333333333,17.041666666666664,"{""type"":""MultiPoint"",""coordinates"":[]}"
00000000000000000292_0,69,34,2,120.58333333333333,58,8,1767.0,17.09583333333333,"{""type"":""MultiPoint"",""coordinates"":[]}"
00000000000000000293_0,63,24,3,120.0,54,8,1780.3333333333333,17.316666666666666,"{""type"":""MultiPoint"",""coordinates"":[]}"
00000000000000000294_0,57,34,2,122.08333333333333,55,8,1783.3333333333333,17.516666666666666,"{""type"":""MultiPoint"",""coordinates"":[]}"
00000000000000000295_0,60,34,2,111.41666666666667,64,5,1779.5833333333333,17.045833333333334,"{""type"":""MultiPoint"",""coordinates"":[]}"
00000000000000000296_0,59,41,3,122.08333333333333,55,8,1783.3333333333333,17.516666666666666,"{""type"":""MultiPoint"",""coordinates"":[]}"
00000000000000000297_0,64,24,2,118.25,60,8,1776.75,17.145833333333332,"{""type"":""MultiPoint"",""coordinates"":[]}"
00000000000000000298_0,63,24,4,121.0,55,8,1782.25,17.345833333333335,"{""type"":""MultiPoint"",""coordinates"":[]}"
00000000000000000299_0,61,34,3,122.08333333333333,55,8,1783.3333333333333,17.516666666666666,"{""type"":""MultiPoint"",""coordinates"":[]}"
0000000000000000029a_0,59,34,2,120.83333333333333,60,8,1785.3333333333333,17.15833333333333,"{""type"":""MultiPoint"",""coordinates"":[]}"
0000000000000000029b_0,57,34,4,118.58333333333333,57,4,1783.0833333333333,17.15833333333333,"{""type"":""MultiPoint"",""coordinates"":[]}"
0000000000000000029c_0,59,24,2,123.33333333333333,62,8,1780.5,17.570833333333333,"{""type"":""MultiPoint"",""coordinates"":[]}"
0000000000000000029d_0,60,41,2,120.83333333333333,58,8,1785.3333333333333,17.15833333333333,"{""type"":""MultiPoint"",""coordinates"":[]}"
0000000000000000029e_0,64,24,2,119.83333333333333,62,8,1769.9166666666667,17.15,"{""type"":""MultiPoint"",""coordinates"":[]}"
0000000000000000029f_0,60,24,2,111.41666666666667,64,5,1779.5833333333333,17.045833333333334,"{""type"":""MultiPoint"",""coordinates"":[]}"
000000000000000002a0_0,66,34,2,119.83333333333333,61,8,1769.9166666666667,17.15,"{""type"":""MultiPoint"",""coordinates"":[]}"
000000000000000002a1_0,64,34,2,111.41666666666667,60,8,1779.5833333333333,17.045833333333334,"{""type"":""MultiPoint"",""coordinates"":[]}"
000000000000000002a2_0,57,34,2,120.83333333333333,61,8,1785.3333333333333,17.15833333333333,"{""type"":""MultiPoint"",""coordinates"":[]}"
000000000000000002a3_0,59,24,4,111.41666666666667,65,5,1779.5833333333333,17.045833333333334,"{""type"":""MultiPoint"",""coordinates"":[]}"
000000000000000002a4_0,59,34,3,123.33333333333333,58,8,1780.5,17.570833333333333,"{""type"":""MultiPoint"",""coordinates"":[]}"
000000000000000002a5_0,61,34,2,111.41666666666667,61,8,1779.5833333333333,17.045833333333334,"{""type"":""MultiPoint"",""coordinates"":[]}"
000000000000000002a6_0,57,34,3,120.0,56,8,1780.3333333333333,17.316666666666666,"{""type"":""MultiPoint"",""coordinates"":[]}"
000000000000000002a7_0,60,34,2,120.83333333333333,63,8,1785.3333333333333,17.15833333333333,"{""type"":""MultiPoint"",""coordinates"":[]}"
000000000000000002a8_0,59,24,2,122.08333333333333,59,8,1783.3333333333333,17.516666666666666,"{""type"":""MultiPoint"",""coordinates"":[]}"
000000000000000002a9_0,63,31,4,120.83333333333333,58,8,1785.3333333333333,17.15833333333333,"{""type"":""MultiPoint"",""coordinates"":[]}"
000000000000000002aa_0,60,34,2,111.41666666666667,61,8,1779.5833333333333,17.045833333333334,"{""type"":""MultiPoint"",""coordinates"":[]}"
000000000000000002ab_0,58,34,3,120.83333333333333,60,8,1785.3333333333333,17.15833333333333,"{""type"":""MultiPoint"",""coordinates"":[]}"
000000000000000002ac_0,56,34,2,122.08333333333333,54,8,1783.3333333333333,17.516666666666666,"{""type"":""MultiPoint"",""coordinates"":[]}"
000000000000000002ad_0,61,24,3,111.75,61,5,1777.6666666666667,17.070833333333333,"{""type"":""MultiPoint"",""coordinates"":[]}"
000000000000000002ae_0,66,24,2,119.83333333333333,62,8,1769.9166666666667,17.15,"{""type"":""MultiPoint"",""coordinates"":[]}"
000000000000000002af_0,57,34,2,120.83333333333333,57,8,1785.3333333333333,17.15833333333333,"{""type"":""MultiPoint"",""coordinates"":[]}"
000000000000000002b0_0,60,34,2,110.25,58,8,1776.4166666666667,17.0375,"{""type"":""MultiPoint"",""coordinates"":[]}"
000000000000000002b1_0,62,24,2,118.25,60,8,1776.75,17.145833333333332,"{""type"":""MultiPoint"",""coordinates"":[]}"
000000000000000002b2_0,60,24,3,122.08333333333333,56,8,1783.3333333333333,17.516666666666666,"{""type"":""MultiPoint"",""coordinates"":[]}"
000000000000000002b3_0,57,34,3,122.08333333333333,55,8,1783.3333333333333,17.516666666666666,"{""type"":""MultiPoint"",""coordinates"":[]}"
000000000000000002b4_0,60,34,2,111.41666666666667,58,8,1779.5833333333333,17.045833333333334,"{""type"":""MultiPoint"",""coordinates"":[]}"
000000000000000002b5_0,61,34,2,111.41666666666667,64,8,1779.5833333333333,17.045833333333334,"{""type"":""MultiPoint"",""coordinates"":[]}"
000000000000000002b7_0,55,34,4,122.08333333333333,55,8,1783.3333333333333,17.516666666666666,"{""type"":""MultiPoint"",""coordinates"":[]}"
000000000000000002b8_0,62,34,2,110.25,59,8,1776.4166666666667,17.0375,"{""type"":""MultiPoint"",""coordinates"":[]}"
000000000000000002b9_0,61,34,2,111.41666666666667,59,8,1779.5833333333333,17.045833333333334,"{""type"":""MultiPoint"",""coordinates"":[]}"
000000000000000002ba_0,62,34,2,120.83333333333333,59,8,1785.3333333333333,17.15833333333333,"{""type"":""MultiPoint"",""coordinates"":[]}"
000000000000000002bb_0,63,41,3,122.08333333333333,60,8,1783.3333333333333,17.516666666666666,"{""type"":""MultiPoint"",""coordinates"":[]}"
000000000000000002bc_0,58,34,2,120.83333333333333,59,8,1785.3333333333333,17.15833333333333,"{""type"":""MultiPoint"",""coordinates"":[]}"
000000000000000002bd_0,62,34,2,110.25,60,8,1776.4166666666667,17.0375,"{""type"":""MultiPoint"",""coordinates"":[]}"
000000000000000002be_0,57,34,2,122.08333333333333,56,8,1783.3333333333333,17.516666666666666,"{""type"":""MultiPoint"",""coordinates"":[]}"
000000000000000002bf_0,63,34,2,111.41666666666667,59,8,1779.5833333333333,17.045833333333334,"{""type"":""MultiPoint"",""coordinates"":[]}"
000000000000000002c0_0,59,24,2,120.83333333333333,60,8,1785.3333333333333,17.15833333333333,"{""type"":""MultiPoint"",""coordinates"":[]}"
000000000000000002c1_0,59,24,2,120.83333333333333,60,8,1785.3333333333333,17.15833333333333,"{""type"":""MultiPoint"",""coordinates"":[]}"
000000000000000002c2_0,72,34,2,120.83333333333333,59,8,1785.3333333333333,17.15833333333333,"{""type"":""MultiPoint"",""coordinates"":[]}"
000000000000000002c3_0,60,24,2,120.83333333333333,60,8,1785.3333333333333,17.15833333333333,"{""type"":""MultiPoint"",""coordinates"":[]}"
000000000000000002c4_0,68,34,2,120.58333333333333,60,8,1767.0,17.09583333333333,"{""type"":""MultiPoint"",""coordinates"":[]}"
000000000000000002c5_0,60,34,2,110.25,60,8,1776.4166666666667,17.0375,"{""type"":""MultiPoint"",""coordinates"":[]}"
000000000000000002c6_0,58,34,2,123.33333333333333,63,8,1780.5,17.570833333333333,"{""type"":""MultiPoint"",""coordinates"":[]}"
000000000000000002c7_0,65,34,2,119.83333333333333,63,8,1769.9166666666667,17.15,"{""type"":""MultiPoint"",""coordinates"":[]}"
000000000000000002c8_0,61,34,2,111.41666666666667,64,8,1779.5833333333333,17.045833333333334,"{""type"":""MultiPoint"",""coordinates"":[]}"
000000000000000002c9_0,63,24,4,121.91666666666667,63,8,1777.4166666666667,17.375,"{""type"":""MultiPoint"",""coordinates"":[]}"
000000000000000002ca_0,59,24,2,123.33333333333333,59,8,1780.5,17.570833333333333,"{""type"":""MultiPoint"",""coordinates"":[]}"
000000000000000002cb_0,64,24,2,119.08333333333333,54,8,1794.1666666666667,17.3125,"{""type"":""MultiPoint"",""coordinates"":[]}"
000000000000000002cc_0,106,21,6,121.08333333333333,58,8,1786.8333333333333,17.041666666666664,"{""type"":""MultiPoint"",""coordinates"":[]}"
000000000000000002cd_0,59,34,2,120.83333333333333,61,8,1785.3333333333333,17.15833333333333,"{""type"":""MultiPoint"",""coordinates"":[]}"
000000000000000002ce_0,64,41,3,122.08333333333333,56,8,1783.3333333333333,17.516666666666666,"{""type"":""MultiPoint"",""coordinates"":[]}"
000000000000000002cf_0,61,41,2,122.58333333333333,57,8,1784.0,17.520833333333332,"{""type"":""MultiPoint"",""coordinates"":[]}"
000000000000000002d0_0,59,21,3,120.83333333333333,58,8,1785.3333333333333,17.15833333333333,"{""type"":""MultiPoint"",""coordinates"":[]}"
000000000000000002d1_0,63,24,3,119.08333333333333,52,8,1794.1666666666667,17.3125,"{""type"":""MultiPoint"",""coordinates"":[]}"
000000000000000002d2_0,59,24,2,120.83333333333333,60,8,1785.3333333333333,17.15833333333333,"{""type"":""MultiPoint"",""coordinates"":[]}"
000000000000000002d3_0,62,24,9,121.91666666666667,61,5,1777.4166666666667,17.375,"{""type"":""MultiPoint"",""coordinates"":[]}"
000000000000000002d4_0,65,24,2,119.08333333333333,55,8,1794.1666666666667,17.3125,"{""type"":""MultiPoint"",""coordinates"":[]}"
000000000000000002d5_0,63,34,2,110.25,59,8,1776.4166666666667,17.0375,"{""type"":""MultiPoint"",""coordinates"":[]}"
000000000000000002d6_0,60,34,2,111.41666666666667,60,8,1779.5833333333333,17.045833333333334,"{""type"":""MultiPoint"",""coordinates"":[]}"
000000000000000002d7_0,60,41,2,118.25,60,8,1776.75,17.145833333333332,"{""type"":""MultiPoint"",""coordinates"":[]}"
000000000000000002d8_0,63,34,3,120.0,55,8,1780.3333333333333,17.316666666666666,"{""type"":""MultiPoint"",""coordinates"":[]}"
000000000000000002d9_0,59,34,4,111.41666666666667,64,5,1779.5833333333333,17.045833333333334,"{""type"":""MultiPoint"",""coordinates"":[]}"
000000000000000002da_0,61,34,2,111.41666666666667,59,8,1779.5833333333333,17.045833333333334,"{""type"":""MultiPoint"",""coordinates"":[]}"
000000000000000002db_0,67,41,4,122.08333333333333,59,8,1783.3333333333333,17.516666666666666,"{""type"":""MultiPoint"",""coordinates"":[]}"
000000000000000002dc_0,61,34,2,110.25,59,8,1776.4166666666667,17.0375,"{""type"":""MultiPoint"",""coordinates"":[]}"
000000000000000002dd_0,60,34,3,120.0,56,8,1780.3333333333333,17.316666666666666,"{""type"":""MultiPoint"",""coordinates"":[]}"
000000000000000002de_0,60,34,4,111.41666666666667,64,5,1779.5833333333333,17.045833333333334,"{""type"":""MultiPoint"",""coordinates"":[]}"
000000000000000002df_0,66,34,6,121.0,61,5,1782.25,17.345833333333335,"{""type"":""MultiPoint"",""coordinates"":[]}"
000000000000000002e0_0,60,41,4,122.08333333333333,57,8,1783.3333333333333,17.516666666666666,"{""type"":""MultiPoint"",""coordinates"":[]}"
000000000000000002e1_0,64,24,2,118.25,60,8,1776.75,17.145833333333332,"{""type"":""MultiPoint"",""coordinates"":[]}"
000000000000000002e2_0,62,24,3,124.41666666666667,57,8,1787.25,17.6,"{""type"":""MultiPoint"",""coordinates"":[]}"
000000000000000002e3_0,59,24,21,125.08333333333333,69,4,1792.1666666666667,17.629166666666666,"{""type"":""MultiPoint"",""coordinates"":[]}"
000000000000000002e4_0,60,34,2,120.83333333333333,59,8,1785.3333333333333,17.15833333333333,"{""type"":""MultiPoint"",""coordinates"":[]}"
000000000000000002e5_0,63,24,2,118.25,59,8,1776.75,17.145833333333332,"{""type"":""MultiPoint"",""coordinates"":[]}"
000000000000000002e6_0,63,24,2,120.0,53,8,1780.3333333333333,17.316666666666666,"{""type"":""MultiPoint"",""coordinates"":[]}"
000000000000000002e7_0,60,41,3,120.0,55,8,1780.3333333333333,17.316666666666666,"{""type"":""MultiPoint"",""coordinates"":[]}"
000000000000000002e8_0,60,34,2,120.83333333333333,58,8,1785.3333333333333,17.15833333333333,"{""type"":""MultiPoint"",""coordinates"":[]}"
000000000000000002e9_0,58,34,3,122.58333333333333,58,8,1784.0,17.520833333333332,"{""type"":""MultiPoint"",""coordinates"":[]}"
000000000000000002ea_0,59,34,2,124.41666666666667,61,5,1787.25,17.6,"{""type"":""MultiPoint"",""coordinates"":[]}"
000000000000000002eb_0,62,34,2,110.25,58,8,1776.4166666666667,17.0375,"{""type"":""MultiPoint"",""coordinates"":[]}"
000000000000000002ec_0,62,24,2,120.0,54,8,1780.3333333333333,17.316666666666666,"{""type"":""MultiPoint"",""coordinates"":[]}"
000000000000000002ed_0,62,34,2,118.25,58,8,1776.75,17.145833333333332,"{""type"":""MultiPoint"",""coordinates"":[]}"
000000000000000002ee_0,61,34,2,110.25,58,8,1776.4166666666667,17.0375,"{""type"":""MultiPoint"",""coordinates"":[]}"
000000000000000002ef_0,70,34,2,120.58333333333333,57,8,1767.0,17.09583333333333,"{""type"":""MultiPoint"",""coordinates"":[]}"
000000000000000002f0_0,57,34,2,122.08333333333333,56,8,1783.3333333333333,17.516666666666666,"{""type"":""MultiPoint"",""coordinates"":[]}"
000000000000000002f1_0,75,41,2,120.83333333333333,57,8,1785.3333333333333,17.15833333333333,"{""type"":""MultiPoint"",""coordinates"":[]}"
000000000000000002f2_0,68,41,4,122.08333333333333,56,8,1783.3333333333333,17.516666666666666,"{""type"":""MultiPoint"",""coordinates"":[]}"
000000000000000002f3_0,58,24,2,111.41666666666667,63,5,1779.5833333333333,17.045833333333334,"{""type"":""MultiPoint"",""coordinates"":[]}"
000000000000000002f4_0,60,41,4,122.58333333333333,57,8,1784.0,17.520833333333332,"{""type"":""MultiPoint"",""coordinates"":[]}"
000000000000000002f5_0,60,41,2,117.58333333333333,60,8,1773.25,17.1375,"{""type"":""MultiPoint"",""coordinates"":[]}"
000000000000000002f6_0,57,34,2,120.83333333333333,59,8,1785.3333333333333,17.15833333333333,"{""type"":""MultiPoint"",""coordinates"":[]}"
000000000000000002f7_0,66,34,15,121.91666666666667,56,4,1777.4166666666667,17.375,"{""type"":""MultiPoint"",""coordinates"":[]}"
000000000000000002f8_0,59,24,3,122.08333333333333,55,8,1783.3333333333333,17.516666666666666,"{""type"":""MultiPoint"",""coordinates"":[]}"
000000000000000002f9_0,62,34,2,120.83333333333333,59,8,1785.3333333333333,17.15833333333333,"{""type"":""MultiPoint"",""coordinates"":[]}"
000000000000000002fa_0,58,34,2,120.83333333333333,62,8,1785.3333333333333,17.15833333333333,"{""type"":""MultiPoint"",""coordinates"":[]}"
000000000000000002fb_0,65,24,2,121.0,61,8,1782.25,17.345833333333335,"{""type"":""MultiPoint"",""coordinates"":[]}"
000000000000000002fc_0,56,34,2,120.0,56,8,1780.3333333333333,17.316666666666666,"{""type"":""MultiPoint"",""coordinates"":[]}"
000000000000000002fd_0,60,24,3,118.58333333333333,60,8,1783.0833333333333,17.15833333333333,"{""type"":""MultiPoint"",""coordinates"":[]}"
000000000000000002fe_0,61,34,2,110.25,60,8,1776.4166666666667,17.0375,"{""type"":""MultiPoint"",""coordinates"":[]}"
000000000000000002ff_0,63,34,2,111.41666666666667,59,8,1779.5833333333333,17.045833333333334,"{""type"":""MultiPoint"",""coordinates"":[]}"
00000000000000000300_0,61,24,3,124.41666666666667,60,8,1787.25,17.6,"{""type"":""MultiPoint"",""coordinates"":[]}"
00000000000000000301_0,65,24,2,121.0,60,8,1782.25,17.345833333333335,"{""type"":""MultiPoint"",""coordinates"":[]}"
00000000000000000302_0,59,34,3,122.08333333333333,58,8,1783.3333333333333,17.516666666666666,"{""type"":""MultiPoint"",""coordinates"":[]}"
00000000000000000303_0,62,34,3,111.41666666666667,64,4,1779.5833333333333,17.045833333333334,"{""type"":""MultiPoint"",""coordinates"":[]}"
00000000000000000304_0,60,24,2,118.25,61,8,1776.75,17.145833333333332,"{""type"":""MultiPoint"",""coordinates"":[]}"
00000000000000000305_0,61,24,2,120.0,56,8,1780.3333333333333,17.316666666666666,"{""type"":""MultiPoint"",""coordinates"":[]}"
00000000000000000306_0,65,24,2,119.83333333333333,63,8,1769.9166666666667,17.15,"{""type"":""MultiPoint"",""coordinates"":[]}"
00000000000000000307_0,61,34,2,120.83333333333333,57,8,1785.3333333333333,17.15833333333333,"{""type"":""MultiPoint"",""coordinates"":[]}"
00000000000000000308_0,58,34,2,120.83333333333333,61,8,1785.3333333333333,17.15833333333333,"{""type"":""MultiPoint"",""coordinates"":[]}"
00000000000000000309_0,61,34,2,124.08333333333333,58,8,1782.0833333333333,17.6,"{""type"":""MultiPoint"",""coordinates"":[]}"
0000000000000000030a_0,59,34,2,120.83333333333333,60,8,1785.3333333333333,17.15833333333333,"{""type"":""MultiPoint"",""coordinates"":[]}"
0000000000000000030b_0,61,34,2,124.41666666666667,58,4,1787.25,17.6,"{""type"":""MultiPoint"",""coordinates"":[]}"
0000000000000000030c_0,61,24,3,120.0,55,8,1780.3333333333333,17.316666666666666,"{""type"":""MultiPoint"",""coordinates"":[]}"
0000000000000000030d_0,60,34,2,120.83333333333333,60,8,1785.3333333333333,17.15833333333333,"{""type"":""MultiPoint"",""coordinates"":[]}"
0000000000000000030e_0,74,34,2,120.58333333333333,60,8,1767.0,17.09583333333333,"{""type"":""MultiPoint"",""coordinates"":[]}"
0000000000000000030f_0,64,24,2,119.83333333333333,62,8,1769.9166666666667,17.15,"{""type"":""MultiPoint"",""coordinates"":[]}"
00000000000000000310_0,61,34,2,111.41666666666667,59,8,1779.5833333333333,17.045833333333334,"{""type"":""MultiPoint"",""coordinates"":[]}"
00000000000000000311_0,64,24,3,121.0,57,8,1782.25,17.345833333333335,"{""type"":""MultiPoint"",""coordinates"":[]}"
00000000000000000312_0,61,24,2,122.58333333333333,57,8,1784.0,17.520833333333332,"{""type"":""MultiPoint"",""coordinates"":[]}"
00000000000000000313_0,61,24,2,124.08333333333333,58,8,1782.0833333333333,17.6,"{""type"":""MultiPoint"",""coordinates"":[]}"
00000000000000000314_0,64,34,4,121.0,55,8,1782.25,17.345833333333335,"{""type"":""MultiPoint"",""coordinates"":[]}"
00000000000000000315_0,89,41,2,120.58333333333333,54,8,1767.0,17.09583333333333,"{""type"":""MultiPoint"",""coordinates"":[]}"
00000000000000000316_0,58,24,2,111.41666666666667,63,5,1779.5833333333333,17.045833333333334,"{""type"":""MultiPoint"",""coordinates"":[]}"
00000000000000000317_0,65,24,3,120.75,60,8,1779.4166666666667,17.3375,"{""type"":""MultiPoint"",""coordinates"":[]}"
00000000000000000318_0,62,34,2,110.25,58,8,1776.4166666666667,17.0375,"{""type"":""MultiPoint"",""coordinates"":[]}"
00000000000000000319_0,62,34,2,120.83333333333333,58,8,1785.3333333333333,17.15833333333333,"{""type"":""MultiPoint"",""coordinates"":[]}"
0000000000000000031a_0,59,34,4,111.41666666666667,64,5,1779.5833333333333,17.045833333333334,"{""type"":""MultiPoint"",""coordinates"":[]}"
0000000000000000031b_0,56,34,4,118.58333333333333,62,7,1783.0833333333333,17.15833333333333,"{""type"":""MultiPoint"",""coordinates"":[]}"
0000000000000000031c_0,59,34,3,122.58333333333333,57,8,1784.0,17.520833333333332,"{""type"":""MultiPoint"",""coordinates"":[]}"
0000000000000000031d_0,58,34,2,125.08333333333333,59,8,1792.1666666666667,17.629166666666666,"{""type"":""MultiPoint"",""coordinates"":[]}"
0000000000000000031e_0,59,34,2,120.83333333333333,61,8,1785.3333333333333,17.15833333333333,"{""type"":""MultiPoint"",""coordinates"":[]}"
0000000000000000031f_0,59,34,2,120.83333333333333,62,8,1785.3333333333333,17.15833333333333,"{""type"":""MultiPoint"",""coordinates"":[]}"
00000000000000000320_0,58,34,3,120.83333333333333,57,8,1785.3333333333333,17.15833333333333,"{""type"":""MultiPoint"",""coordinates"":[]}"
00000000000000000321_0,60,34,2,121.08333333333333,57,8,1786.8333333333333,17.041666666666664,"{""type"":""MultiPoint"",""coordinates"":[]}"
00000000000000000322_0,61,34,2,120.83333333333333,59,8,1785.3333333333333,17.15833333333333,"{""type"":""MultiPoint"",""coordinates"":[]}"
00000000000000000323_0,58,24,3,111.41666666666667,64,5,1779.5833333333333,17.045833333333334,"{""type"":""MultiPoint"",""coordinates"":[]}"
00000000000000000324_0,60,34,2,120.83333333333333,62,8,1785.3333333333333,17.15833333333333,"{""type"":""MultiPoint"",""coordinates"":[]}"
00000000000000000325_0,61,24,2,118.25,57,8,1776.75,17.145833333333332,"{""type"":""MultiPoint"",""coordinates"":[]}"
00000000000000000326_0,62,41,2,120.66666666666667,59,8,1783.0,17.320833333333333,"{""type"":""MultiPoint"",""coordinates"":[]}"
00000000000000000327_0,69,34,2,120.58333333333333,58,8,1767.0,17.09583333333333,"{""type"":""MultiPoint"",""coordinates"":[]}"
00000000000000000328_0,59,34,3,120.83333333333333,60,8,1785.3333333333333,17.15833333333333,"{""type"":""MultiPoint"",""coordinates"":[]}"
00000000000000000329_0,63,21,5,111.41666666666667,55,8,1779.5833333333333,17.045833333333334,"{""type"":""MultiPoint"",""coordinates"":[]}"
0000000000000000032a_0,61,24,3,120.0,51,8,1780.3333333333333,17.316666666666666,"{""type"":""MultiPoint"",""coordinates"":[]}"
0000000000000000032b_0,66,34,3,119.83333333333333,63,8,1769.9166666666667,17.15,"{""type"":""MultiPoint"",""coordinates"":[]}"
0000000000000000032c_0,66,24,2,120.66666666666667,56,8,1783.0,17.320833333333333,"{""type"":""MultiPoint"",""coordinates"":[]}"
0000000000000000032d_0,61,34,2,110.25,59,8,1776.4166666666667,17.0375,"{""type"":""MultiPoint"",""coordinates"":[]}"
0000000000000000032e_0,61,24,2,120.83333333333333,60,8,1785.3333333333333,17.15833333333333,"{""type"":""MultiPoint"",""coordinates"":[]}"
0000000000000000032f_0,60,24,3,122.08333333333333,56,8,1783.3333333333333,17.516666666666666,"{""type"":""MultiPoint"",""coordinates"":[]}"
00000000000000000330_0,60,34,2,120.83333333333333,57,8,1785.3333333333333,17.15833333333333,"{""type"":""MultiPoint"",""coordinates"":[]}"
00000000000000000331_0,58,34,2,111.41666666666667,61,8,1779.5833333333333,17.045833333333334,"{""type"":""MultiPoint"",""coordinates"":[]}"
00000000000000000332_0,63,24,3,119.08333333333333,51,8,1794.1666666666667,17.3125,"{""type"":""MultiPoint"",""coordinates"":[]}"
00000000000000000333_0,71,34,2,120.83333333333333,59,8,1785.3333333333333,17.15833333333333,"{""type"":""MultiPoint"",""coordinates"":[]}"
00000000000000000334_0,62,34,2,120.0,56,8,1780.3333333333333,17.316666666666666,"{""type"":""MultiPoint"",""coordinates"":[]}"
00000000000000000335_0,60,34,2,121.08333333333333,58,8,1786.8333333333333,17.041666666666664,"{""type"":""MultiPoint"",""coordinates"":[]}"
00000000000000000336_0,63,24,3,124.08333333333333,60,8,1782.0833333333333,17.6,"{""type"":""MultiPoint"",""coordinates"":[]}"
00000000000000000337_0,61,34,2,120.83333333333333,57,8,1785.3333333333333,17.15833333333333,"{""type"":""MultiPoint"",""coordinates"":[]}"
00000000000000000338_0,55,41,4,122.08333333333333,57,8,1783.3333333333333,17.516666666666666,"{""type"":""MultiPoint"",""coordinates"":[]}"
00000000000000000339_0,63,24,2,119.83333333333333,62,8,1769.9166666666667,17.15,"{""type"":""MultiPoint"",""coordinates"":[]}"
0000000000000000033a_0,57,34,2,122.08333333333333,55,8,1783.3333333333333,17.516666666666666,"{""type"":""MultiPoint"",""coordinates"":[]}"
0000000000000000033b_0,64,24,2,118.58333333333333,61,8,1783.0833333333333,17.15833333333333,"{""type"":""MultiPoint"",""coordinates"":[]}"
0000000000000000033c_0,54,41,4,122.08333333333333,55,8,1783.3333333333333,17.516666666666666,"{""type"":""MultiPoint"",""coordinates"":[]}"
0000000000000000033d_0,67,34,2,119.83333333333333,59,8,1769.9166666666667,17.15,"{""type"":""MultiPoint"",""coordinates"":[]}"
0000000000000000033e_0,62,24,2,124.08333333333333,60,8,1782.0833333333333,17.6,"{""type"":""MultiPoint"",""coordinates"":[]}"
0000000000000000033f_0,60,34,2,120.83333333333333,61,8,1785.3333333333333,17.15833333333333,"{""type"":""MultiPoint"",""coordinates"":[]}"
00000000000000000340_0,62,21,3,119.08333333333333,51,8,1794.1666666666667,17.3125,"{""type"":""MultiPoint"",""coordinates"":[]}"
00000000000000000341_0,59,24,2,111.41666666666667,65,5,1779.5833333333333,17.045833333333334,"{""type"":""MultiPoint"",""coordinates"":[]}"
00000000000000000342_0,64,24,2,119.83333333333333,62,8,1769.9166666666667,17.15,"{""type"":""MultiPoint"",""coordinates"":[]}"
00000000000000000343_0,61,34,2,110.25,60,8,1776.4166666666667,17.0375,"{""type"":""MultiPoint"",""coordinates"":[]}"
00000000000000000344_0,65,24,2,120.0,54,8,1780.3333333333333,17.316666666666666,"{""type"":""MultiPoint"",""coordinates"":[]}"
00000000000000000345_0,61,34,2,120.83333333333333,59,8,1785.3333333333333,17.15833333333333,"{""type"":""MultiPoint"",""coordinates"":[]}"
00000000000000000346_0,63,34,2,110.25,60,8,1776.4166666666667,17.0375,"{""type"":""MultiPoint"",""coordinates"":[]}"
00000000000000000347_0,60,34,2,111.41666666666667,59,8,1779.5833333333333,17.045833333333334,"{""type"":""MultiPoint"",""coordinates"":[]}"
00000000000000000348_0,62,34,6,121.0,66,5,1782.25,17.345833333333335,"{""type"":""MultiPoint"",""coordinates"":[]}"
00000000000000000349_0,63,34,2,111.41666666666667,60,8,1779.5833333333333,17.045833333333334,"{""type"":""MultiPoint"",""coordinates"":[]}"
0000000000000000034a_0,64,34,2,119.83333333333333,60,8,1769.9166666666667,17.15,"{""type"":""MultiPoint"",""coordinates"":[]}"
0000000000000000034b_0,69,34,2,120.58333333333333,62,8,1767.0,17.09583333333333,"{""type"":""MultiPoint"",""coordinates"":[]}"
0000000000000000034c_0,64,24,2,119.83333333333333,62,8,1769.9166666666667,17.15,"{""type"":""MultiPoint"",""coordinates"":[]}"
0000000000000000034d_0,66,24,3,121.0,61,8,1782.25,17.345833333333335,"{""type"":""MultiPoint"",""coordinates"":[]}"
0000000000000000034e_0,89,21,4,121.08333333333333,54,8,1786.8333333333333,17.041666666666664,"{""type"":""MultiPoint"",""coordinates"":[]}"
0000000000000000034f_0,59,24,2,111.41666666666667,63,5,1779.5833333333333,17.045833333333334,"{""type"":""MultiPoint"",""coordinates"":[]}"
00000000000000000350_0,65,24,2,121.16666666666667,59,8,1783.3333333333333,17.366666666666667,"{""type"":""MultiPoint"",""coordinates"":[]}"
00000000000000000351_0,58,41,2,122.58333333333333,56,8,1784.0,17.520833333333332,"{""type"":""MultiPoint"",""coordinates"":[]}"
00000000000000000352_0,61,34,2,121.08333333333333,59,8,1786.8333333333333,17.041666666666664,"{""type"":""MultiPoint"",""coordinates"":[]}"
00000000000000000353_0,58,34,3,122.08333333333333,58,8,1783.3333333333333,17.516666666666666,"{""type"":""MultiPoint"",""coordinates"":[]}"
00000000000000000354_0,63,34,2,118.25,58,8,1776.75,17.145833333333332,"{""type"":""MultiPoint"",""coordinates"":[]}"
00000000000000000355_0,61,34,2,120.83333333333333,57,8,1785.3333333333333,17.15833333333333,"{""type"":""MultiPoint"",""coordinates"":[]}"
00000000000000000356_0,106,31,5,121.08333333333333,58,8,1786.8333333333333,17.041666666666664,"{""type"":""MultiPoint"",""coordinates"":[]}"
00000000000000000357_0,60,24,2,120.75,61,8,1779.4166666666667,17.3375,"{""type"":""MultiPoint"",""coordinates"":[]}"
00000000000000000358_0,62,34,2,111.41666666666667,59,8,1779.5833333333333,17.045833333333334,"{""type"":""MultiPoint"",""coordinates"":[]}"
00000000000000000359_0,63,24,2,120.75,57,8,1779.4166666666667,17.3375,"{""type"":""MultiPoint"",""coordinates"":[]}"
0000000000000000035a_0,60,34,2,120.83333333333333,58,8,1785.3333333333333,17.15833333333333,"{""type"":""MultiPoint"",""coordinates"":[]}"
0000000000000000035b_0,62,34,3,122.08333333333333,55,8,1783.3333333333333,17.516666666666666,"{""type"":""MultiPoint"",""coordinates"":[]}"
0000000000000000035c_0,54,41,2,122.08333333333333,53,8,1783.3333333333333,17.516666666666666,"{""type"":""MultiPoint"",""coordinates"":[]}"
0000000000000000035d_0,58,34,2,120.83333333333333,55,8,1785.3333333333333,17.15833333333333,"{""type"":""MultiPoint"",""coordinates"":[]}"
0000000000000000035e_0,57,34,8,124.41666666666667,64,7,1787.25,17.6,"{""type"":""MultiPoint"",""coordinates"":[]}"
0000000000000000035f_0,58,34,2,120.83333333333333,61,8,1785.3333333333333,17.15833333333333,"{""type"":""MultiPoint"",""coordinates"":[]}"
00000000000000000360_0,58,34,4,122.08333333333333,59,8,1783.3333333333333,17.516666666666666,"{""type"":""MultiPoint"",""coordinates"":[]}"
00000000000000000361_0,60,34,2,124.41666666666667,58,8,1787.25,17.6,"{""type"":""MultiPoint"",""coordinates"":[]}"
00000000000000000362_0,61,34,2,120.83333333333333,55,8,1785.3333333333333,17.15833333333333,"{""type"":""MultiPoint"",""coordinates"":[]}"
00000000000000000363_0,59,24,3,125.08333333333333,54,8,1792.1666666666667,17.629166666666666,"{""type"":""MultiPoint"",""coordinates"":[]}"
00000000000000000364_0,60,34,2,120.83333333333333,58,8,1785.3333333333333,17.15833333333333,"{""type"":""MultiPoint"",""coordinates"":[]}"
00000000000000000365_0,61,24,2,120.83333333333333,60,8,1785.3333333333333,17.15833333333333,"{""type"":""MultiPoint"",""coordinates"":[]}"
00000000000000000366_0,63,34,2,111.75,58,5,1777.6666666666667,17.070833333333333,"{""type"":""MultiPoint"",""coordinates"":[]}"
00000000000000000367_0,60,41,3,120.0,55,8,1780.3333333333333,17.316666666666666,"{""type"":""MultiPoint"",""coordinates"":[]}"
00000000000000000368_0,57,24,4,123.33333333333333,58,8,1780.5,17.570833333333333,"{""type"":""MultiPoint"",""coordinates"":[]}"
00000000000000000369_0,62,34,2,110.25,60,8,1776.4166666666667,17.0375,"{""type"":""MultiPoint"",""coordinates"":[]}"
0000000000000000036a_0,59,24,2,111.41666666666667,64,5,1779.5833333333333,17.045833333333334,"{""type"":""MultiPoint"",""coordinates"":[]}"
0000000000000000036b_0,57,34,3,122.08333333333333,54,8,1783.3333333333333,17.516666666666666,"{""type"":""MultiPoint"",""coordinates"":[]}"
0000000000000000036c_0,59,24,2,125.08333333333333,57,5,1792.1666666666667,17.629166666666666,"{""type"":""MultiPoint"",""coordinates"":[]}"
0000000000000000036d_0,84,41,4,121.08333333333333,54,8,1786.8333333333333,17.041666666666664,"{""type"":""MultiPoint"",""coordinates"":[]}"
0000000000000000036e_0,60,34,3,122.08333333333333,55,8,1783.3333333333333,17.516666666666666,"{""type"":""MultiPoint"",""coordinates"":[]}"
0000000000000000036f_0,59,42,3,120.83333333333333,58,8,1785.3333333333333,17.15833333333333,"{""type"":""MultiPoint"",""coordinates"":[]}"
00000000000000000370_0,63,24,3,119.83333333333333,63,8,1769.9166666666667,17.15,"{""type"":""MultiPoint"",""coordinates"":[]}"
00000000000000000371_0,60,34,2,120.83333333333333,58,8,1785.3333333333333,17.15833333333333,"{""type"":""MultiPoint"",""coordinates"":[]}"
00000000000000000372_0,59,34,3,122.08333333333333,55,8,1783.3333333333333,17.516666666666666,"{""type"":""MultiPoint"",""coordinates"":[]}"
00000000000000000373_0,64,24,3,121.0,57,8,1782.25,17.345833333333335,"{""type"":""MultiPoint"",""coordinates"":[]}"
00000000000000000374_0,63,41,4,121.0,57,8,1782.25,17.345833333333335,"{""type"":""MultiPoint"",""coordinates"":[]}"
00000000000000000375_0,68,24,2,120.75,59,8,1779.4166666666667,17.3375,"{""type"":""MultiPoint"",""coordinates"":[]}"
00000000000000000376_0,61,41,3,124.41666666666667,58,8,1787.25,17.6,"{""type"":""MultiPoint"",""coordinates"":[]}"
00000000000000000377_0,77,34,2,120.58333333333333,55,8,1767.0,17.09583333333333,"{""type"":""MultiPoint"",""coordinates"":[]}"
00000000000000000378_0,60,34,2,120.83333333333333,55,8,1785.3333333333333,17.15833333333333,"{""type"":""MultiPoint"",""coordinates"":[]}"
00000000000000000379_0,61,34,2,120.83333333333333,58,8,1785.3333333333333,17.15833333333333,"{""type"":""MultiPoint"",""coordinates"":[]}"
0000000000000000037a_0,60,41,6,121.0,61,5,1782.25,17.345833333333335,"{""type"":""MultiPoint"",""coordinates"":[]}"
0000000000000000037b_0,61,24,2,120.83333333333333,60,8,1785.3333333333333,17.15833333333333,"{""type"":""MultiPoint"",""coordinates"":[]}"
0000000000000000037c_0,66,41,2,120.83333333333333,59,8,1785.3333333333333,17.15833333333333,"{""type"":""MultiPoint"",""coordinates"":[]}"
0000000000000000037d_0,61,34,5,118.58333333333333,61,8,1783.0833333333333,17.15833333333333,"{""type"":""MultiPoint"",""coordinates"":[]}"
0000000000000000037e_0,59,42,3,120.83333333333333,58,8,1785.3333333333333,17.15833333333333,"{""type"":""MultiPoint"",""coordinates"":[]}"
0000000000000000037f_0,65,24,2,119.83333333333333,63,8,1769.9166666666667,17.15,"{""type"":""MultiPoint"",""coordinates"":[]}"
00000000000000000380_0,57,34,3,122.08333333333333,55,8,1783.3333333333333,17.516666666666666,"{""type"":""MultiPoint"",""coordinates"":[]}"
00000000000000000381_0,62,24,2,118.25,57,8,1776.75,17.145833333333332,"{""type"":""MultiPoint"",""coordinates"":[]}"
00000000000000000382_0,61,34,2,124.41666666666667,60,8,1787.25,17.6,"{""type"":""MultiPoint"",""coordinates"":[]}"
00000000000000000383_0,65,34,3,121.83333333333333,58,8,1780.1666666666667,17.379166666666666,"{""type"":""MultiPoint"",""coordinates"":[]}"
00000000000000000384_0,61,21,2,111.41666666666667,61,8,1779.5833333333333,17.045833333333334,"{""type"":""MultiPoint"",""coordinates"":[]}"
00000000000000000385_0,64,34,2,111.41666666666667,57,8,1779.5833333333333,17.045833333333334,"{""type"":""MultiPoint"",""coordinates"":[]}"
00000000000000000386_0,59,41,3,122.08333333333333,56,8,1783.3333333333333,17.516666666666666,"{""type"":""MultiPoint"",""coordinates"":[]}"
00000000000000000387_0,60,34,2,120.83333333333333,57,8,1785.3333333333333,17.15833333333333,"{""type"":""MultiPoint"",""coordinates"":[]}"
00000000000000000388_0,59,24,3,123.33333333333333,58,8,1780.5,17.570833333333333,"{""type"":""MultiPoint"",""coordinates"":[]}"
00000000000000000389_0,75,31,3,111.41666666666667,55,8,1779.5833333333333,17.045833333333334,"{""type"":""MultiPoint"",""coordinates"":[]}"
0000000000000000038a_0,70,24,2,120.0,54,8,1780.3333333333333,17.316666666666666,"{""type"":""MultiPoint"",""coordinates"":[]}"
0000000000000000038b_0,63,24,2,121.0,58,8,1782.25,17.345833333333335,"{""type"":""MultiPoint"",""coordinates"":[]}"
0000000000000000038c_0,59,34,2,120.83333333333333,57,8,1785.3333333333333,17.15833333333333,"{""type"":""MultiPoint"",""coordinates"":[]}"
0000000000000000038d_0,64,24,2,120.75,56,8,1779.4166666666667,17.3375,"{""type"":""MultiPoint"",""coordinates"":[]}"
0000000000000000038e_0,59,24,2,120.0,55,8,1780.3333333333333,17.316666666666666,"{""type"":""MultiPoint"",""coordinates"":[]}"
0000000000000000038f_0,117,21,5,120.58333333333333,57,8,1767.0,17.09583333333333,"{""type"":""MultiPoint"",""coordinates"":[]}"
00000000000000000390_0,62,34,2,117.58333333333333,62,8,1773.25,17.1375,"{""type"":""MultiPoint"",""coordinates"":[]}"
00000000000000000391_0,60,34,2,120.83333333333333,59,8,1785.3333333333333,17.15833333333333,"{""type"":""MultiPoint"",""coordinates"":[]}"
00000000000000000392_0,61,41,9,121.91666666666667,61,5,1777.4166666666667,17.375,"{""type"":""MultiPoint"",""coordinates"":[]}"
00000000000000000393_0,60,24,2,123.33333333333333,57,8,1780.5,17.570833333333333,"{""type"":""MultiPoint"",""coordinates"":[]}"
00000000000000000394_0,62,41,3,121.0,58,8,1782.25,17.345833333333335,"{""type"":""MultiPoint"",""coordinates"":[]}"
00000000000000000395_0,58,34,2,120.83333333333333,62,8,1785.3333333333333,17.15833333333333,"{""type"":""MultiPoint"",""coordinates"":[]}"
00000000000000000396_0,60,34,2,120.83333333333333,59,8,1785.3333333333333,17.15833333333333,"{""type"":""MultiPoint"",""coordinates"":[]}"
00000000000000000397_0,63,41,3,122.08333333333333,60,8,1783.3333333333333,17.516666666666666,"{""type"":""MultiPoint"",""coordinates"":[]}"
00000000000000000398_0,63,24,3,124.41666666666667,61,5,1787.25,17.6,"{""type"":""MultiPoint"",""coordinates"":[]}"
00000000000000000399_0,65,41,3,121.0,59,8,1782.25,17.345833333333335,"{""type"":""MultiPoint"",""coordinates"":[]}"
0000000000000000039a_0,61,24,3,119.08333333333333,51,8,1794.1666666666667,17.3125,"{""type"":""MultiPoint"",""coordinates"":[]}"
0000000000000000039b_0,64,34,16,121.91666666666667,57,4,1777.4166666666667,17.375,"{""type"":""MultiPoint"",""coordinates"":[]}"
0000000000000000039c_0,60,24,3,122.08333333333333,56,8,1783.3333333333333,17.516666666666666,"{""type"":""MultiPoint"",""coordinates"":[]}"
0000000000000000039d_0,59,34,2,120.0,56,8,1780.3333333333333,17.316666666666666,"{""type"":""MultiPoint"",""coordinates"":[]}"
0000000000000000039e_0,65,24,3,121.0,59,8,1782.25,17.345833333333335,"{""type"":""MultiPoint"",""coordinates"":[]}"
0000000000000000039f_0,58,34,2,122.08333333333333,54,8,1783.3333333333333,17.516666666666666,"{""type"":""MultiPoint"",""coordinates"":[]}"
000000000000000003a0_0,61,24,3,124.08333333333333,58,8,1782.0833333333333,17.6,"{""type"":""MultiPoint"",""coordinates"":[]}"
000000000000000003a1_0,61,24,2,123.33333333333333,59,8,1780.5,17.570833333333333,"{""type"":""MultiPoint"",""coordinates"":[]}"
000000000000000003a3_0,60,41,4,122.08333333333333,56,8,1783.3333333333333,17.516666666666666,"{""type"":""MultiPoint"",""coordinates"":[]}"
000000000000000003a4_0,60,34,2,120.83333333333333,61,8,1785.3333333333333,17.15833333333333,"{""type"":""MultiPoint"",""coordinates"":[]}"
000000000000000003a5_0,71,41,2,120.83333333333333,56,8,1785.3333333333333,17.15833333333333,"{""type"":""MultiPoint"",""coordinates"":[]}"
000000000000000003a6_0,60,24,2,123.33333333333333,59,8,1780.5,17.570833333333333,"{""type"":""MultiPoint"",""coordinates"":[]}"
000000000000000003a7_0,62,34,3,120.0,57,8,1780.3333333333333,17.316666666666666,"{""type"":""MultiPoint"",""coordinates"":[]}"
000000000000000003a8_0,61,24,2,120.0,54,8,1780.3333333333333,17.316666666666666,"{""type"":""MultiPoint"",""coordinates"":[]}"
000000000000000003a9_0,65,24,2,119.83333333333333,62,8,1769.9166666666667,17.15,"{""type"":""MultiPoint"",""coordinates"":[]}"
000000000000000003aa_0,59,34,3,120.83333333333333,60,8,1785.3333333333333,17.15833333333333,"{""type"":""MultiPoint"",""coordinates"":[]}"
000000000000000003ab_0,55,41,2,122.08333333333333,53,8,1783.3333333333333,17.516666666666666,"{""type"":""MultiPoint"",""coordinates"":[]}"
000000000000000003ac_0,58,34,2,120.0,55,8,1780.3333333333333,17.316666666666666,"{""type"":""MultiPoint"",""coordinates"":[]}"
000000000000000003ad_0,59,34,3,111.41666666666667,67,2,1779.5833333333333,17.045833333333334,"{""type"":""MultiPoint"",""coordinates"":[]}"
000000000000000003ae_0,57,34,2,121.66666666666667,56,8,1783.3333333333333,17.4875,"{""type"":""MultiPoint"",""coordinates"":[]}"
000000000000000003af_0,59,34,2,120.83333333333333,60,8,1785.3333333333333,17.15833333333333,"{""type"":""MultiPoint"",""coordinates"":[]}"
000000000000000003b0_0,66,24,2,120.66666666666667,58,8,1783.0,17.320833333333333,"{""type"":""MultiPoint"",""coordinates"":[]}"
000000000000000003b1_0,65,24,2,119.83333333333333,61,8,1769.9166666666667,17.15,"{""type"":""MultiPoint"",""coordinates"":[]}"
000000000000000003b2_0,70,34,2,120.83333333333333,59,8,1785.3333333333333,17.15833333333333,"{""type"":""MultiPoint"",""coordinates"":[]}"
000000000000000003b3_0,61,24,3,111.75,61,5,1777.6666666666667,17.070833333333333,"{""type"":""MultiPoint"",""coordinates"":[]}"
000000000000000003b4_0,58,34,2,120.83333333333333,60,8,1785.3333333333333,17.15833333333333,"{""type"":""MultiPoint"",""coordinates"":[]}"
000000000000000003b5_0,63,24,2,118.25,60,8,1776.75,17.145833333333332,"{""type"":""MultiPoint"",""coordinates"":[]}"
000000000000000003b6_0,58,24,2,120.83333333333333,60,8,1785.3333333333333,17.15833333333333,"{""type"":""MultiPoint"",""coordinates"":[]}"
000000000000000003b7_0,60,34,2,110.25,58,8,1776.4166666666667,17.0375,"{""type"":""MultiPoint"",""coordinates"":[]}"
000000000000000003b8_0,58,34,2,120.83333333333333,59,8,1785.3333333333333,17.15833333333333,"{""type"":""MultiPoint"",""coordinates"":[]}"
000000000000000003b9_0,63,41,4,124.41666666666667,62,8,1787.25,17.6,"{""type"":""MultiPoint"",""coordinates"":[]}"
000000000000000003ba_0,57,34,2,120.83333333333333,57,8,1785.3333333333333,17.15833333333333,"{""type"":""MultiPoint"",""coordinates"":[]}"
000000000000000003bb_0,87,41,4,121.08333333333333,55,8,1786.8333333333333,17.041666666666664,"{""type"":""MultiPoint"",""coordinates"":[]}"
000000000000000003bc_0,59,41,2,124.41666666666667,61,5,1787.25,17.6,"{""type"":""MultiPoint"",""coordinates"":[]}"
000000000000000003bd_0,59,34,2,120.83333333333333,62,8,1785.3333333333333,17.15833333333333,"{""type"":""MultiPoint"",""coordinates"":[]}"
000000000000000003be_0,68,24,3,121.16666666666667,57,8,1783.3333333333333,17.366666666666667,"{""type"":""MultiPoint"",""coordinates"":[]}"
000000000000000003bf_0,61,21,2,111.41666666666667,64,8,1779.5833333333333,17.045833333333334,"{""type"":""MultiPoint"",""coordinates"":[]}"
